x,y,z,ux,uy,uz,sxx,syy,szz,sxy,sxz,syz,zone_id
0.1,0.1,0.1,0.0009764565100431057,0.0,0.0009816676197341226,-9.86423172413799,-9.945604965365643,-9.863793102689838,-1.2406802678576259e-06,0.00020012947147800568,1.0151084844190574e-06,1
0.3,0.1,0.1,0.0029199331430654414,0.0,0.000991223236542193,-9.86500942378423,-9.945600633740009,-9.862993744915372,2.455112162566363e-06,0.0006157448000305056,-1.916873127631319e-07,2
0.5,0.1,0.1,0.004835162151399152,0.0,0.001010575622816451,-9.86656979042567,-9.945587930409994,-9.861369861622938,1.0740837687088478e-05,0.0010135334406719235,-1.1400557196023868e-06,3
0.7,0.1,0.1,0.006703145668965454,0.0,0.0010399133142235683,-9.868908805976393,-9.945561871376512,-9.858900550910754,-1.7529838473990893e-06,0.0014136619716881224,-7.406351015322051e-07,4
0.9,0.1,0.1,0.008504070304269891,0.0,0.001079405604370744,-9.872107660026392,-9.945538391113319,-9.855584295539133,-1.0827570458041597e-05,0.001832871580390279,-1.592191419681376e-07,5
1.1,0.1,0.1,0.010218995664950761,0.0,0.0011289745621514626,-9.875997121404742,-9.945476973604281,-9.85138774661536,3.256986479145518e-06,0.0022409814600336583,5.961266002784525e-07,6
1.3,0.1,0.1,0.01182829160959071,0.0,0.0011893702870752541,-9.880788530402235,-9.945416224849353,-9.846292593844714,2.5537997112376757e-06,0.0026834293189041845,9.82181892377602e-07,7
1.5,0.1,0.1,0.01331072655495225,0.0,0.0012613750247427178,-9.886426546148599,-9.94532584569039,-9.840202682302296,3.0818062456409286e-06,0.0031043564348891876,5.59878413189931e-07,8
1.6999999999999997,0.1,0.1,0.014644193076141456,0.0,0.0013454320896105674,-9.892993437178877,-9.945216712634446,-9.833090125996845,2.4901707546438593e-06,0.003546290695580786,4.3510697217937464e-07,9
1.9,0.1,0.1,0.01580535337609393,0.0,0.0014423395592453232,-9.900531745423146,-9.94508270276248,-9.824881768389723,-1.231816254433625e-05,0.004012473416534934,1.7623979777805091e-06,10
2.0999999999999996,0.1,0.1,0.016771367611301023,0.0,0.001552344079519137,-9.908921938779518,-9.944888739026398,-9.815521756352808,-1.127780210350889e-06,0.004462691989248376,2.7859891601175272e-06,11
2.3,0.1,0.1,0.017519698124282664,0.0,0.0016760357579883706,-9.918237591583377,-9.944640882901854,-9.804966822929305,1.8638855316467137e-05,0.004921703342676873,2.628838478340912e-06,12
2.5000000000000004,0.1,0.1,0.01802675905457027,0.0,0.001813602650792938,-9.928474743256007,-9.944334353627244,-9.793197024880795,-1.495971908742236e-05,0.005388486900705311,4.649730446065619e-06,13
2.7,0.1,0.1,0.01826966225904387,0.0,0.0019643155348601817,-9.939588518768288,-9.943972616589058,-9.780274564177677,-5.908345628386882e-06,0.005857778963295355,4.221945549494245e-06,14
2.9000000000000004,0.1,0.1,0.01822798462969623,0.0,0.0021276281037876836,-9.951379412694772,-9.943517224530305,-9.766206709960196,1.4478735187048378e-05,0.006256010456018658,3.0328334980618806e-06,15
3.0999999999999996,0.1,0.1,0.01788188612094972,0.0,0.0023019456714600682,-9.964030069733473,-9.943047815087715,-9.751209005705297,2.3995307800844877e-05,0.0065525972466624486,6.136791066122184e-06,16
3.3,0.1,0.1,0.017215294545359246,0.0,0.0024841366832657518,-9.97709143556656,-9.94251723911602,-9.735494760014022,3.229321280001807e-05,0.006680507679295366,4.9523873609148186e-06,17
3.5,0.1,0.1,0.0162184455995042,0.0,0.002670555783163291,-9.990479207935616,-9.941979835756408,-9.719419970853304,-2.2692500547364108e-06,0.006689306484189017,2.855131414795617e-06,18
3.7,0.1,0.1,0.01488975823470842,0.0,0.0028555493496992958,-10.003657517417702,-9.941420625248426,-9.703445608825207,-7.569416560644305e-06,0.00647981855447894,3.4181955268288758e-06,19
3.9,0.1,0.1,0.013238775342608906,0.0,0.003032295280359723,-10.016231366978475,-9.940882208991857,-9.68817967798155,5.013402905312186e-06,0.006067316025444833,1.1614752213618112e-06,20
4.1,0.1,0.1,0.011287476424718647,0.0,0.0031945458199852447,-10.027601225050635,-9.940343650696477,-9.674117028432475,7.883221004166596e-06,0.005433662638884125,-4.229606163651014e-08,21
4.3,0.1,0.1,0.009068266826345496,0.0,0.003335757643470936,-10.037570498683651,-9.939893400878367,-9.66189650570911,-2.5703419873758996e-05,0.004541228696347657,7.265668373385492e-07,22
4.500000000000001,0.1,0.1,0.006624434564863887,0.0,0.0034492341157580323,-10.04549269806872,-9.939509329955794,-9.652053951710746,-2.6540241913337564e-05,0.0034135317788333945,7.446383546539583e-07,23
4.7,0.1,0.1,0.0040110678359609455,0.0,0.0035288053440163157,-10.051050217979512,-9.93924080911759,-9.645153827615173,4.629349294383568e-06,0.002123841288182817,2.2647837248222004e-07,24
4.9,0.1,0.1,0.0012920207136882457,0.0,0.0035701321111395786,-10.053876456724401,-9.939086525836794,-9.641556172459994,7.237264600217911e-06,0.0007275648989194693,-2.2183943849184287e-07,25
5.1000000000000005,0.1,0.1,-0.0014628897472300088,0.0,0.0035710711878344415,-10.053860959992779,-9.939063128573112,-9.641454682873285,2.5910730126922457e-06,-0.0007179972833747168,-3.1873388296959615e-08,26
5.3,0.1,0.1,-0.004182422985884264,0.0,0.0035316579670793616,-10.051011382167596,-9.939172026155326,-9.64484874860933,3.547849265636124e-06,-0.002122524375833854,-1.1180745778048439e-06,27
5.5,0.1,0.1,-0.006797491304987836,0.0,0.0034540973934359944,-10.0455082199611,-9.93941226662585,-9.651553113168712,1.1124884675491305e-05,-0.0033955265149431826,-1.686900884435684e-06,28
5.699999999999999,0.1,0.1,-0.009243861953506188,0.0,0.0033424967997180343,-10.037528957784435,-9.939742450099684,-9.661183292721294,1.4755223416006022e-05,-0.004492620195853804,-1.0215115086903483e-06,29
5.9,0.1,0.1,-0.011465479689366433,0.0,0.00320248194864137,-10.027519173094033,-9.940157113931809,-9.67326639656562,1.6373909630000342e-05,-0.005406415621394147,-7.702449513169259e-07,30
6.1000000000000005,0.1,0.1,-0.013418460268256655,0.0,0.0030409294232368834,-10.016038366412463,-9.940653005002442,-9.687226658600151,7.978320348127047e-06,-0.006090619378129989,5.12351162005506e-08,31
6.3,0.1,0.1,-0.01507108545099147,0.0,0.0028654257985242723,-10.003505762540186,-9.941177495938051,-9.702381717150368,3.331109753296298e-06,-0.006538247119761283,6.073101120625848e-07,32
6.5,0.1,0.1,-0.016403037576335825,0.0,0.002682253570575352,-9.990379053949344,-9.941712897880105,-9.718185435451538,1.768713405656137e-05,-0.006762259753968593,-5.997049270476228e-07,33
6.700000000000001,0.1,0.1,-0.017403892049380087,0.0,0.0024969905071583623,-9.976960933703374,-9.942218229204416,-9.73413021231926,7.784353592912356e-06,-0.00674060906784382,-4.5139766518478996e-08,34
6.9,0.1,0.1,-0.018074167642819036,0.0,0.0023149636396879647,-9.963848040066097,-9.942731412450636,-9.749809022194007,-1.056405138528295e-05,-0.006554560398955722,1.990726275246332e-06,35
7.1,0.1,0.1,-0.018422474656813834,0.0,0.0021405378885286635,-9.951081836433046,-9.943172758842158,-9.764781957784951,1.0187149234843078e-05,-0.006234655592025749,2.9832935187056406e-06,36
7.299999999999999,0.1,0.1,-0.01846339453617942,0.0,0.001976835941374698,-9.93909077079611,-9.94358615996825,-9.778840029046712,2.4317947648305853e-05,-0.005858111021369888,2.664172055782583e-06,37
7.5,0.1,0.1,-0.018216861880630476,0.0,0.001825456820252422,-9.927902597303532,-9.943943053151928,-9.791812668463143,4.106253910341621e-06,-0.005425090510118538,9.151304725034796e-07,38
7.700000000000001,0.1,0.1,-0.017704078983473287,0.0,0.0016874652512379206,-9.917540540279703,-9.944227198285342,-9.803595451148745,-1.7340666024712842e-05,-0.004958890582884356,9.186348624284893e-07,39
7.9,0.1,0.1,-0.016947667748385593,0.0,0.0015630932713766293,-9.908110797834494,-9.944461929498488,-9.814198849664855,-3.225095372040524e-05,-0.004485465613091033,2.8912939171068075e-06,40
8.100000000000001,0.1,0.1,-0.01597118772363616,0.0,0.0014521325530319955,-9.899630598450592,-9.944654345962249,-9.823641131367742,-2.3372377194907388e-05,-0.004023810686094741,2.6020167842722874e-06,41
8.299999999999999,0.1,0.1,-0.01479834572763286,0.0,0.0013545432255927423,-9.892075691142924,-9.944798417661138,-9.831916397164862,-3.45029999428053e-06,-0.003580494549537412,8.89217966305731e-07,42
8.5,0.1,0.1,-0.013452664412287917,0.0,0.0012698269662646722,-9.885492463536101,-9.94491704934465,-9.839092783194236,-1.7747849144630334e-05,-0.0031484022807718574,-4.2984551207775895e-08,43
8.700000000000001,0.1,0.1,-0.011956729040961482,0.0,0.0011971910907898936,-9.879753526311717,-9.944995315887448,-9.845223053127174,-3.277421610960346e-05,-0.002689830268402257,-5.638864794834957e-07,44
8.9,0.1,0.1,-0.01033185995113323,0.0,0.001136109559413661,-9.874875982092771,-9.945048589384982,-9.850366964839365,-8.398305906597484e-06,-0.002243652356321649,-3.661058536521794e-07,45
9.100000000000001,0.1,0.1,-0.008599024439461462,0.0,0.0010860118885979392,-9.870850841009956,-9.945085947866584,-9.854578898324915,5.104256265683541e-06,-0.0018286535014106766,6.416485203637153e-07,46
9.3,0.1,0.1,-0.006778515924714833,0.0,0.0010462806802425013,-9.867623350742022,-9.945106701813023,-9.857910158327508,-5.254872889159131e-06,-0.0014191265657535982,1.2122223378489274e-06,47
9.499999999999998,0.1,0.1,-0.004890101580315211,0.0,0.0010167106450591978,-9.865234600086799,-9.945125659381528,-9.86039369682214,-3.3172150172215024e-06,-0.0010056299606242263,1.8312227331389342e-07,48
9.700000000000001,0.1,0.1,-0.002953423607113802,0.0,0.0009971773469355121,-9.863624253034072,-9.945130166689637,-9.86202658041575,2.3808116814741653e-06,-0.0005978872909024601,2.1325717390279676e-08,49
9.9,0.1,0.1,-0.0009877193355572063,0.0,0.0009874392890588893,-9.862815405116192,-9.945130959464636,-9.862839392213887,1.47203362809454e-06,-0.0001977260396787242,8.674914283219984e-08,50
0.1,0.1,0.3,0.0009862108785353328,0.0,0.002935556452184968,-9.863411504901043,-9.945597588834065,-9.864576439269328,-2.114760265726904e-06,0.0005924625686676383,5.276902535003837e-07,51
0.3,0.1,0.3,0.002949165025587782,0.0,0.0029641505117539856,-9.864192895678181,-9.945595323676853,-9.863783722706136,1.913148937779058e-06,0.0018043011656267898,-6.610099620920654e-06,52
0.5,0.1,0.3,0.004883459305364432,0.0,0.0030221000948375265,-9.865796925708812,-9.945595264702655,-9.862179397803697,7.395292306993186e-06,0.003017935481216857,-8.67140804072869e-06,53
0.7,0.1,0.3,0.006770215392739393,0.0,0.003110078819484826,-9.868135184635669,-9.945569325992542,-9.85971144533173,2.2954278554066112e-07,0.004249711494611425,-4.6054526942846386e-06,54
0.9,0.1,0.3,0.00859028528498796,0.0,0.003228305602939503,-9.871302817267171,-9.945543508076303,-9.856414723113348,-1.3764101988636858e-05,0.005463483078818255,-1.9906395452175145e-06,55
1.1,0.1,0.3,0.010324197886777235,0.0,0.003376752495741442,-9.875254012089862,-9.945504230626337,-9.852267141040626,-6.022325651319106e-06,0.006690307495099447,8.73407368544527e-07,56
1.3,0.1,0.3,0.01195212218822874,0.0,0.003557800960378464,-9.880027044070577,-9.945441880286449,-9.847182357362108,1.2865498176177908e-05,0.007987815682161626,2.9928457877616365e-06,57
1.5,0.1,0.3,0.013452558609821063,0.0,0.0037739120402133647,-9.885729928347285,-9.94536559508233,-9.841098047063388,1.669155687433562e-05,0.009307929483848974,1.1372797678172541e-06,58
1.6999999999999997,0.1,0.3,0.01480397907565388,0.0,0.004026181149431325,-9.892248205792887,-9.94524135204623,-9.83395855444169,9.651994773271091e-06,0.010649276326472097,1.191586922028636e-06,59
1.9,0.1,0.3,0.015983418547227863,0.0,0.0043166479489368074,-9.899824521688183,-9.945121307698535,-9.825782016805112,1.042593230980738e-05,0.012037789812311274,1.5237447921536092e-06,60
2.0999999999999996,0.1,0.3,0.016967605790063768,0.0,0.004646643799213779,-9.908198212270648,-9.944923409211528,-9.816418833787736,7.741080736248642e-06,0.013434783919016244,-2.18946757674235e-08,61
2.3,0.1,0.3,0.017733589243568368,0.0,0.005017509776286277,-9.917592839444527,-9.944698281226758,-9.80589856669289,2.191561499960952e-05,0.014887416934585297,1.3478615364963635e-06,62
2.5000000000000004,0.1,0.3,0.01825832384602721,0.0,0.005430605813644781,-9.927746186933563,-9.944362360801986,-9.794065617076894,1.1108039557516353e-05,0.016303851819965524,3.3761285845305536e-06,63
2.7,0.1,0.3,0.01851773510006138,0.0,0.005884525559311525,-9.939000115686076,-9.944000891310527,-9.781004340866875,5.741421509052839e-06,0.01761489004507907,1.7411310937608164e-06,64
2.9000000000000004,0.1,0.3,0.018488505659233167,0.0,0.006376660378488448,-9.950979820516904,-9.943548469431741,-9.76676252664515,2.320508025298533e-05,0.01876910690945571,8.840341567168051e-07,65
3.0999999999999996,0.1,0.3,0.018150177709747955,0.0,0.006902105170851936,-9.963836280119178,-9.943078747957554,-9.75155745966892,2.3735502585298495e-05,0.019618334544801868,6.981634814177877e-06,66
3.3,0.1,0.3,0.017485990132173675,0.0,0.007451930813530143,-9.977130599442322,-9.942538491352032,-9.73556185731793,2.5201286135866762e-05,0.02011885737279363,4.266240986767188e-06,67
3.5,0.1,0.3,0.01648651381188633,0.0,0.008014674811306783,-9.990661612786823,-9.94196459207448,-9.719161347592577,2.0900021785820133e-05,0.020193457116454778,2.038125276635719e-06,68
3.7,0.1,0.3,0.01514915643434782,0.0,0.008574059775761428,-10.004149045690022,-9.94139127361943,-9.702807322407914,1.7033505690245593e-05,0.019646198913255957,8.686624394441973e-06,69
3.9,0.1,0.3,0.013481480286110428,0.0,0.009110208563969662,-10.017034065963314,-9.940807781782915,-9.68700484295207,-1.0319648324040943e-05,0.018444865355790062,4.698602269930899e-06,70
4.1,0.1,0.3,0.01150362838985343,0.0,0.009603414377219772,-10.028856019245143,-9.940249486928037,-9.672391415395644,-2.4698380555408495e-05,0.016493247244020178,-1.4249146332907904e-06,71
4.3,0.1,0.3,0.009247709290413198,0.0,0.0100328343357896,-10.039164017616006,-9.939764661192553,-9.659659288347493,-2.53501424409466e-05,0.013787659098840194,7.594437195107999e-08,72
4.500000000000001,0.1,0.3,0.006758565181145865,0.0,0.010377574685808588,-10.0474099548922,-9.939372710345042,-9.64945359683349,-2.268318006493332e-05,0.010405237220025294,1.4364142828641215e-06,73
4.7,0.1,0.3,0.004093453865584406,0.0,0.010619535591215024,-10.053137651512783,-9.939079086305279,-9.642257780020735,-1.1786855967724945e-05,0.006469368916473495,9.065135304226419e-07,74
4.9,0.1,0.3,0.0013189060356327412,0.0,0.010745429553830553,-10.056074620550977,-9.938912146396152,-9.63848611143074,-1.6942447909275554e-06,0.0021977587832422182,1.7834255337891282e-06,75
5.1000000000000005,0.1,0.3,-0.0014929899978670383,0.0,0.010748330393309753,-10.056063090751307,-9.938888022527326,-9.638377021885967,1.4717623242996787e-06,-0.0021823331837460265,1.6969806679458445e-06,76
5.3,0.1,0.3,-0.00426800623562189,0.0,0.010628227643805853,-10.05309329939867,-9.939005368439942,-9.641933542801723,-2.680019990858835e-07,-0.006446908907846481,2.636063191560396e-07,77
5.5,0.1,0.3,-0.0069338593630205786,0.0,0.010392015684454957,-10.047333618659328,-9.939254352454192,-9.64893814361201,1.216075195669675e-05,-0.010360308534599285,-8.59868726531847e-07,78
5.699999999999999,0.1,0.3,-0.009424396210767755,0.0,0.010052466469448232,-10.039091157031324,-9.939617219399441,-9.658994939973137,1.8045798047945528e-05,-0.013751092699206003,-1.095887903605846e-06,79
5.9,0.1,0.3,-0.011683014812446295,0.0,0.00962720061574663,-10.028824076955567,-9.940075995448376,-9.671555900286851,7.735185449434807e-06,-0.016478310307349395,5.094682489790743e-07,80
6.1000000000000005,0.1,0.3,-0.013664422026391591,0.0,0.00913706106421913,-10.016958998421108,-9.940589391600437,-9.68598795958157,6.506886736400162e-06,-0.018477089407286602,3.448113955625475e-06,81
6.3,0.1,0.3,-0.01533595434924503,0.0,0.008604369421696678,-10.004076056577672,-9.941151326470566,-9.701680575775693,7.945041092588316e-06,-0.019677271211363572,2.4996372454374223e-06,82
6.5,0.1,0.3,-0.016677146354072116,0.0,0.008049133727714191,-9.99055403785618,-9.941704773050168,-9.717969827394962,2.2515854623273e-06,-0.02024477458476573,-1.2640702032995175e-07,83
6.700000000000001,0.1,0.3,-0.017679222669694274,0.0,0.007488891955441651,-9.976918816143668,-9.942248007364698,-9.734321220680352,-5.437344415720717e-06,-0.0202131726345412,-2.673512388277228e-06,84
6.9,0.1,0.3,-0.01834475492372664,0.0,0.006939811999476661,-9.963556757090153,-9.942763036466543,-9.750258425250129,-1.4825509997273687e-05,-0.019706958968552866,-3.637918739621048e-06,85
7.1,0.1,0.3,-0.018683600321669682,0.0,0.006414635811177115,-9.950661501604975,-9.943215041243967,-9.765413704621531,-1.050567437889485e-05,-0.0188184560630358,1.9643433932614327e-07,86
7.299999999999999,0.1,0.3,-0.018712010202370927,0.0,0.005921946712157453,-9.938551834359231,-9.943629752141252,-9.779596926348775,1.5744400876076522e-05,-0.017690312837722964,8.753842893842151e-07,87
7.5,0.1,0.3,-0.018450378543602555,0.0,0.005466812312454735,-9.92725681145654,-9.943980296932528,-9.792644673213207,1.3082380632946641e-05,-0.016393628873652928,1.0985737807466993e-06,88
7.700000000000001,0.1,0.3,-0.017920817941446652,0.0,0.00505222868886949,-9.916868996330576,-9.944272223781883,-9.804492122580237,-1.0022880517510214e-05,-0.015010451822281725,2.8242239482897255e-06,89
7.9,0.1,0.3,-0.017146705687929246,0.0,0.004678825575212764,-9.907377142269985,-9.94449510465811,-9.815098381027191,-2.0484078720039136e-05,-0.013610726301858105,1.6549869037454888e-06,90
8.100000000000001,0.1,0.3,-0.016151968236447056,0.0,0.004346166890690796,-9.898900827183502,-9.944682100176074,-9.824509673703927,-2.6175945105637762e-05,-0.012183910229848521,5.906461544685632e-07,91
8.299999999999999,0.1,0.3,-0.014960987044580773,0.0,0.004053615957328243,-9.891358186670145,-9.944826360750003,-9.832773617081473,-2.7020455009135796e-05,-0.010771718852739169,2.626926333122966e-07,92
8.5,0.1,0.3,-0.013596851530924055,0.0,0.0037994174918976726,-9.884714349259617,-9.944932225776382,-9.839946779628837,-2.8720954964986523e-05,-0.00940211070905355,-1.7769863636457107e-06,93
8.700000000000001,0.1,0.3,-0.012081572132001324,0.0,0.0035815906429587396,-9.878938997912217,-9.945000139889776,-9.846061701538268,-2.9538907893115868e-05,-0.008067921147908202,-3.237274083822401e-06,94
8.9,0.1,0.3,-0.010437339550328781,0.0,0.0033985240776564377,-9.874093947014945,-9.945057689160897,-9.851194498796165,-1.215640302529439e-05,-0.006767367782866653,-3.049213229698005e-06,95
9.100000000000001,0.1,0.3,-0.008685132084274131,0.0,0.0032482960908421527,-9.870021381438457,-9.94508132270948,-9.855385232110846,4.423461984697007e-06,-0.005487700726572012,-9.436580148876608e-07,96
9.3,0.1,0.3,-0.0068452662262781655,0.0,0.0031292366220091366,-9.866844669549536,-9.945112739798944,-9.858719029449803,8.810772023322268e-07,-0.004250668963104243,2.2042333679485054e-06,97
9.499999999999998,0.1,0.3,-0.004937891092265979,0.0,0.0030406696620169328,-9.86443827359869,-9.945124907744267,-9.861186265124765,-6.123225922373265e-07,-0.0030232565012539058,1.1864818933084823e-06,98
9.700000000000001,0.1,0.3,-0.002982034795040652,0.0,0.0029822206806116324,-9.862808991809702,-9.945121145767697,-9.862796737030354,1.9031836745761416e-06,-0.0018061297618912884,-2.522652570162027e-07,99
9.9,0.1,0.3,-0.0009971827030967597,0.0,0.00295307965947596,-9.862021978382474,-9.945125569864032,-9.863605870944491,1.1167765188098245e-06,-0.0006038162020606957,-1.0045398287012759e-06,100
0.1,0.1,0.5,0.0010056434377571418,0.0,0.004860935531496248,-9.861777958134079,-9.94558617803244,-9.866152932024113,-1.9106267403540407e-06,0.000997387284025791,-8.105537168256683e-06,101
0.3,0.1,0.5,0.0030072444389472744,0.0,0.004908757732830808,-9.862583603159857,-9.945584995169485,-9.865341372683773,3.986534364535067e-06,0.003019452580556237,-1.2541892317130893e-05,102
0.5,0.1,0.5,0.004979922299441867,0.0,0.005005374547010962,-9.864185606595175,-9.945581200771747,-9.863720397261087,9.317638256149529e-06,0.005037005640596714,-1.4916391049781624e-05,103
0.7,0.1,0.5,0.006904860733486097,0.0,0.005151660340530035,-9.866551131813686,-9.945566749503136,-9.861282615701993,-6.0766359830998476e-06,0.0070853574220005235,-1.0190683571566458e-05,104
0.9,0.1,0.5,0.008762874581989199,0.0,0.005347821159831818,-9.869736420391586,-9.945556018889896,-9.858043674055063,-8.257310540232388e-06,0.009105838852848736,-2.2347766553852754e-06,105
1.1,0.1,0.5,0.01053457064590929,0.0,0.005594890285310498,-9.87369882245821,-9.945521039450814,-9.853906374793471,1.6892036650482186e-05,0.011178273993031864,-1.6808208834437558e-06,106
1.3,0.1,0.5,0.012199510695383976,0.0,0.005896325812818567,-9.878553041837245,-9.945483167547282,-9.84886279590822,9.590206945831397e-06,0.01332203515261746,-1.498392973293013e-06,107
1.5,0.1,0.5,0.013736692729101052,0.0,0.006255752866636056,-9.884240939807446,-9.945421396657112,-9.842866043476134,6.043443768970582e-06,0.01550761743354097,-7.25689309497118e-06,108
1.6999999999999997,0.1,0.5,0.01512535921900205,0.0,0.006675767291314503,-9.890756164828794,-9.945308264305513,-9.835785156720792,1.98408932734818e-05,0.017777490880984764,-1.9021857251412762e-06,109
1.9,0.1,0.5,0.016342133732036444,0.0,0.0071592370492064555,-9.898344257787429,-9.945196188184367,-9.827636683143332,1.0864875397301093e-05,0.02012471363155701,2.275873546525042e-06,110
2.0999999999999996,0.1,0.5,0.017363216457461764,0.0,0.007708939003765319,-9.906779773646752,-9.945018669755624,-9.818313575140525,9.59404269119491e-06,0.022484637923328967,-3.380856954099814e-06,111
2.3,0.1,0.5,0.01816463525863303,0.0,0.008327470483414132,-9.916256323110654,-9.94480188877105,-9.807753120766812,1.2458618370220622e-05,0.024862301582910227,7.56812162795463e-07,112
2.5000000000000004,0.1,0.5,0.018722451704319593,0.0,0.009017189573352444,-9.92653718812371,-9.944482033823071,-9.795872981000656,7.339671911401649e-06,0.027200403186070168,-2.642808855875451e-06,113
2.7,0.1,0.5,0.0190117370311599,0.0,0.009777564954848484,-9.9379619868352,-9.944129238535547,-9.782684205851371,2.2681741049059863e-05,0.029403723875275758,-2.0499042420419667e-06,114
2.9000000000000004,0.1,0.5,0.019007717860525547,0.0,0.010603773018285897,-9.950172986658709,-9.94367061324021,-9.768180079563939,3.938599789819479e-05,0.0313730649104935,3.8118337446902307e-06,115
3.0999999999999996,0.1,0.5,0.01868742371313442,0.0,0.01148727685821724,-9.963384351930129,-9.943197278452713,-9.752602040342573,4.400360990751785e-05,0.03297792118881991,2.132892966681752e-05,116
3.3,0.1,0.5,0.018031771694160748,0.0,0.01241445275555076,-9.977070386242959,-9.942620290310519,-9.73603106531863,3.9269008187462176e-05,0.03396465944737969,2.507373909442407e-05,117
3.5,0.1,0.5,0.017029217453950946,0.0,0.013364953876536191,-9.991110044074333,-9.942007452573893,-9.718927218797235,3.180825970588869e-05,0.034140094891299266,7.452689400916923e-06,118
3.7,0.1,0.5,0.015674185491641235,0.0,0.014312513544515213,-10.00521071991636,-9.9413891538672,-9.701735049428654,3.557775408970451e-05,0.03329896300768905,2.3667358909994384e-06,119
3.9,0.1,0.5,0.013971567400133519,0.0,0.015225319258855678,-10.018813887151342,-9.940746766002448,-9.684919942869984,1.1463831793161218e-05,0.03128326027950887,-6.20431485889719e-07,120
4.1,0.1,0.5,0.011939717754527927,0.0,0.016067540092333098,-10.031408093329263,-9.940137968850703,-9.66928175093328,-1.1380057734269698e-05,0.028023093640511053,-2.332794815696399e-06,121
4.3,0.1,0.5,0.009610819552193475,0.0,0.01680178211415057,-10.04242488618939,-9.939603511002028,-9.65559266882946,-9.226102115610487e-06,0.02348867746362974,2.7180607297046313e-08,122
4.500000000000001,0.1,0.5,0.007031461522888025,0.0,0.017392101255135742,-10.051295804477208,-9.939158544338552,-9.644496917224537,-1.2463776584843096e-05,0.017781440739141872,1.012728280945888e-06,123
4.7,0.1,0.5,0.004261937806934269,0.0,0.017806756749838167,-10.057501300794783,-9.938837226334998,-9.636684830882558,-7.668913656283825e-06,0.011092098267702978,5.56627612990598e-07,124
4.9,0.1,0.5,0.0013740172250855352,0.0,0.018022488969258836,-10.060659837708387,-9.938656039929112,-9.63262036194657,3.384306288494806e-06,0.0037863385075375022,7.196967897121813e-07,125
5.1000000000000005,0.1,0.5,-0.001553991205302339,0.0,0.018027374625042378,-10.06063500940618,-9.938629620036906,-9.632513090787366,1.9610202088770602e-06,-0.0037268576972186475,9.190667018360115e-07,126
5.3,0.1,0.5,-0.0044419812191583835,0.0,0.017821109241040266,-10.057436687112256,-9.938765112188012,-9.636388873836719,7.074287688880364e-07,-0.011035101796456379,1.3398457895896222e-06,127
5.5,0.1,0.5,-0.007211841623111391,0.0,0.017415724059059175,-10.051204967212886,-9.939043004402112,-9.64401005480673,3.7011522720533422e-06,-0.01772310867558457,1.5685869830427703e-06,128
5.699999999999999,0.1,0.5,-0.009792640478050651,0.0,0.016834049036805666,-10.042367933687016,-9.939455120426226,-9.654907668446926,-2.1155209982371917e-06,-0.023475191747630787,2.2061074577090223e-06,129
5.9,0.1,0.5,-0.012124458186371891,0.0,0.01610732232782551,-10.031375279754592,-9.93996234000985,-9.668436420303701,8.15189425701365e-07,-0.028035047422229075,1.4751045335603118e-06,130
6.1000000000000005,0.1,0.5,-0.014159954110226478,0.0,0.01527148167305212,-10.018742343054369,-9.940526632645687,-9.683890820183207,1.9447264082785355e-05,-0.03130741059108063,5.220942784182525e-07,131
6.3,0.1,0.5,-0.01586625803944155,0.0,0.014364517580720873,-10.005110483092091,-9.94113281292008,-9.700553581516862,2.4997352960625016e-05,-0.03327474673865565,-3.2867940035087394e-06,132
6.5,0.1,0.5,-0.01722531476735143,0.0,0.013422043813389321,-9.991021939892796,-9.94174382804795,-9.717697200356314,2.6022407428681986e-06,-0.03415133518067568,-9.120752764832624e-06,133
6.700000000000001,0.1,0.5,-0.018231137669144658,0.0,0.012474528400896736,-9.976871461625219,-9.942322790936288,-9.734742493065335,-7.126820098797223e-06,-0.03405074566153544,-1.1155504828917765e-05,134
6.9,0.1,0.5,-0.018887864971261024,0.0,0.011548876056051212,-9.963044129814056,-9.94285828771462,-9.751247308761414,-1.6473529454954226e-06,-0.03310237842859631,-1.046739277882439e-05,135
7.1,0.1,0.5,-0.019207991009283526,0.0,0.010666312285295422,-9.949820141291298,-9.943324392597173,-9.766801821697232,-3.381457718625871e-06,-0.031514277229198986,-3.940437191407137e-06,136
7.299999999999999,0.1,0.5,-0.01921049081864534,0.0,0.009839849059469628,-9.937460260330555,-9.943744952857514,-9.781264503967519,-5.751407680281806e-07,-0.029561859462613572,-2.4587689581050193e-06,137
7.5,0.1,0.5,-0.0189180522471964,0.0,0.009077760710568447,-9.926026438911753,-9.944107142774493,-9.794509274962907,6.968396071884112e-06,-0.027333783240103077,5.1047127606811705e-06,138
7.700000000000001,0.1,0.5,-0.01835460085521711,0.0,0.008385157607237403,-9.915515702523669,-9.944383945790241,-9.806404026438182,4.561124350123448e-06,-0.024969553807323207,6.405933189960742e-06,139
7.9,0.1,0.5,-0.017545191198270194,0.0,0.007762399803299474,-9.906007948557862,-9.944605884902415,-9.817021475956393,4.382600194011048e-06,-0.022603696879479353,-7.603232895588846e-06,140
8.100000000000001,0.1,0.5,-0.016514171279422552,0.0,0.007208285739325849,-9.897441653758102,-9.944772032243014,-9.826418507459652,3.825668941311151e-06,-0.020250522922056445,-9.670038099935376e-06,141
8.299999999999999,0.1,0.5,-0.015286034971300516,0.0,0.006721276130738443,-9.889884298142317,-9.944904190753729,-9.83463665563683,-1.6927482748436568e-05,-0.01791104152971718,-4.929498902601513e-06,142
8.5,0.1,0.5,-0.013884113174502607,0.0,0.0062982621147928625,-9.883158997835961,-9.94497321155524,-9.841707059942658,-3.658430225976419e-05,-0.01564012205400164,1.364927086638856e-06,143
8.700000000000001,0.1,0.5,-0.012330867483998026,0.0,0.005936037413136121,-9.877408987776821,-9.945033366005232,-9.847757842259421,-3.6588774921054296e-05,-0.01341371032328251,4.091322118718902e-07,144
8.9,0.1,0.5,-0.01064875282715575,0.0,0.005631386967714759,-9.872517668683502,-9.945074922971209,-9.85285694617522,-3.2592625791757726e-06,-0.011269793533798908,-4.033727958013213e-06,145
9.100000000000001,0.1,0.5,-0.008858245744543754,0.0,0.005381075578948092,-9.868438212976155,-9.945097761200966,-9.85705059303904,1.835097552522629e-05,-0.00918127909006361,-3.262375077495031e-06,146
9.3,0.1,0.5,-0.006979988575848169,0.0,0.00518326314901878,-9.86524919693658,-9.945116194850916,-9.860331777325797,8.155111779425323e-06,-0.00711141932745858,-3.2489487062719696e-07,147
9.499999999999998,0.1,0.5,-0.005034289193744752,0.0,0.005036163396170407,-9.8628403970329,-9.945120386190336,-9.862761533928856,-7.265900513403327e-07,-0.00506890294118931,-4.730713729865454e-06,148
9.700000000000001,0.1,0.5,-0.003039977280842844,0.0,0.004938810673706215,-9.861190429675236,-9.945114271452038,-9.864380927595,4.491872495248557e-07,-0.0030236072928495816,-7.511455274913336e-06,149
9.9,0.1,0.5,-0.0010164823374084382,0.0,0.004890398867465171,-9.860406388646142,-9.945118394961032,-9.865185586161592,1.1973339341735812e-06,-0.0010162832043709258,-2.6658376784348947e-06,150
0.1,0.1,0.7,0.0010347811551578243,0.0,0.006738542673529262,-9.85933528097922,-9.945573197218248,-9.868530705116491,-1.1468827769465313e-06,0.001404491036476722,-1.5000775758948624e-05,151
0.3,0.1,0.7,0.0030947663977350898,0.0,0.006805690676443734,-9.860139579054453,-9.945575006969749,-9.867735455798531,-1.306719848781181e-07,0.004225280923403501,-5.2070715974137644e-06,152
0.5,0.1,0.7,0.005125894625547155,0.0,0.006941120606832055,-9.861739656974036,-9.94557066514189,-9.866113668735098,2.8993273732964726e-07,0.007111800327379792,-2.484538838847334e-07,153
0.7,0.1,0.7,0.007108653145965488,0.0,0.007145327485307477,-9.864172499805937,-9.94557664062074,-9.86371070330692,-1.7534832775122528e-05,0.009950680422903821,-1.3811056292897246e-06,154
0.9,0.1,0.7,0.00902403032674874,0.0,0.007418471842326696,-9.867365466281166,-9.945577913061769,-9.860524099027147,-1.3909456620519497e-05,0.012799238338663352,4.125261119166597e-06,155
1.1,0.1,0.7,0.010852724112159047,0.0,0.007763614387623185,-9.871386006388821,-9.945566021586878,-9.856444101545698,5.047073601550129e-06,0.015734563879650585,3.4797264201645836e-06,156
1.3,0.1,0.7,0.012573696543600233,0.0,0.008185112174842987,-9.876300984406615,-9.945544766911768,-9.851422850163397,-3.1280569227677858e-06,0.018741921505802086,-4.77136013531226e-06,157
1.5,0.1,0.7,0.014166257610746417,0.0,0.008687224875659401,-9.882002229154054,-9.945481315490593,-9.845404348299121,1.685488617454744e-05,0.021819970036342357,-1.3794708101689487e-05,158
1.6999999999999997,0.1,0.7,0.015610080005743775,0.0,0.009273588042337157,-9.888550462652029,-9.945395206521127,-9.838425569966548,2.6421391839164458e-05,0.024928445324748142,-2.3785412057702075e-06,159
1.9,0.1,0.7,0.016882460278325004,0.0,0.009948931591649165,-9.896099369571802,-9.945292588393524,-9.830363572406904,-4.223890849128828e-06,0.02817613317760071,5.3138598760972985e-06,160
2.0999999999999996,0.1,0.7,0.017958182390983145,0.0,0.010718337047991376,-9.904695068960276,-9.945150981505554,-9.82105983857889,1.0214743725337476e-05,0.03148356266660422,3.066955942003085e-07,161
2.3,0.1,0.7,0.01881166752165383,0.0,0.011586239502246387,-9.914260262319857,-9.944935981843784,-9.810419646912198,9.679200840124596e-06,0.034861708217378315,5.2189676674591554e-06,162
2.5000000000000004,0.1,0.7,0.019418605557901862,0.0,0.012555066000657138,-9.924714534680257,-9.944624755109414,-9.79840924087809,-3.7530268092906048e-06,0.03816722075365012,8.44015627634961e-06,163
2.7,0.1,0.7,0.01975349212517251,0.0,0.01362541961853047,-9.936254039846071,-9.944259696005552,-9.78504444019286,1.2548999147823568e-05,0.04143422835912097,1.0962933241352474e-05,164
2.9000000000000004,0.1,0.7,0.019789638149755547,0.0,0.014792907260552702,-9.94879868129642,-9.943796555816267,-9.770184097798388,1.6984535497125123e-05,0.04436143506610166,1.2969440829095597e-05,165
3.0999999999999996,0.1,0.7,0.01950019769611998,0.0,0.016045928742161347,-9.962401329054623,-9.94327251572177,-9.753961249565494,1.943636044032987e-05,0.04677179104045178,2.7762241052714366e-05,166
3.3,0.1,0.7,0.018861569138289753,0.0,0.017366410048552335,-9.976768878849201,-9.942670976303006,-9.736586002677328,2.491093838911265e-06,0.0483764449749136,3.594604371660486e-05,167
3.5,0.1,0.7,0.017856646903899244,0.0,0.018726102963129265,-9.991649263351444,-9.941993001643457,-9.718315744865434,-1.7478689756723283e-05,0.04881888795652168,1.3927095824185123e-05,168
3.7,0.1,0.7,0.01647551122145805,0.0,0.02008771654178247,-10.00670742661322,-9.941273693367439,-9.699661040235489,-5.137043687695625e-07,0.04781805771998239,-1.2208474378605527e-06,169
3.9,0.1,0.7,0.014720343310765783,0.0,0.021405828317997325,-10.021363226186812,-9.940534812626856,-9.681310836958966,1.6163053915612447e-05,0.04514359711465997,-5.33305069915205e-06,170
4.1,0.1,0.7,0.01260721866414089,0.0,0.02262694635325326,-10.03511014998016,-9.939834901200337,-9.664064356032592,3.038967865428013e-06,0.04054207004341171,-4.36369617986311e-06,171
4.3,0.1,0.7,0.010167481970103807,0.0,0.0236948625826727,-10.04726028301952,-9.939209642180401,-9.648787927893368,-3.2505703035570807e-06,0.034054621138083115,3.985297403678473e-07,172
4.500000000000001,0.1,0.7,0.007450305305666323,0.0,0.02455570754298993,-10.057084403483449,-9.938691692847643,-9.636374060765846,-7.179031123110231e-06,0.025800084309741424,1.3010795293537738e-06,173
4.7,0.1,0.7,0.004521228430440187,0.0,0.025161313190320007,-10.064029151030313,-9.938322324019442,-9.627582469066878,-6.261052924876022e-07,0.01610601294479521,-5.683479160614151e-07,174
4.9,0.1,0.7,0.0014593947140290437,0.0,0.025476733251540595,-10.06755441858344,-9.938097285691553,-9.622932009885542,1.0355563513785146e-05,0.005517020514214545,-2.937179553941372e-06,175
5.1000000000000005,0.1,0.7,-0.0016476809841008211,0.0,0.025483595176134844,-10.067555132190838,-9.938076228298163,-9.6228260093114,4.088727621874354e-06,-0.005430470584140616,-2.121647726622829e-07,176
5.3,0.1,0.7,-0.004709908430702457,0.0,0.02518136872050548,-10.063963401132936,-9.93824229360399,-9.627248066898423,5.0038127454311265e-06,-0.016063470854356294,2.6608712509925857e-06,177
5.5,0.1,0.7,-0.007639691423171056,0.0,0.024588419172622323,-10.057020472671955,-9.938578341923611,-9.635871236957355,-2.8568121408182363e-06,-0.02577145041221156,2.5210108759783174e-06,178
5.699999999999999,0.1,0.7,-0.010358453342267341,0.0,0.02373968883766167,-10.047196466216628,-9.939064991813249,-9.648128492849553,-1.2307586248579544e-05,-0.034041070355661604,2.802940634326535e-06,179
5.9,0.1,0.7,-0.01280068614089426,0.0,0.022682435435662746,-10.035057710492385,-9.93966126645699,-9.663248621803392,-6.935624113601048e-07,-0.04054408262647769,1.6163602504699831e-06,180
6.1000000000000005,0.1,0.7,-0.014917005896825413,0.0,0.02147066576001395,-10.021302229285443,-9.940331723639636,-9.680356388923757,5.283568026505522e-06,-0.04516349392152895,-7.45853986223851e-07,181
6.3,0.1,0.7,-0.016675510099680282,0.0,0.020160815720874848,-10.006615092787067,-9.9410403993175,-9.698586903811389,2.1404575709061956e-05,-0.04789784736484438,-3.5819522073947903e-06,182
6.5,0.1,0.7,-0.01805976042438892,0.0,0.018805738747251704,-9.991508962861946,-9.941724982220931,-9.717115948253644,7.254533264250554e-06,-0.04890801470948373,-9.612843110668024e-06,183
6.700000000000001,0.1,0.7,-0.01906743361654889,0.0,0.01745019347891142,-9.976573632053013,-9.942374765294973,-9.735300194433199,5.408905737842345e-06,-0.048483883099240815,-5.198757943527777e-06,184
6.9,0.1,0.7,-0.019707875681523143,0.0,0.01613179403652893,-9.962131406826833,-9.942956452637857,-9.752650856362008,1.68885335335762e-05,-0.046906792523732865,1.2271463637712722e-06,185
7.1,0.1,0.7,-0.019998449012595423,0.0,0.014879627299536263,-9.948512123544177,-9.943478147657368,-9.768878614742695,4.234795803286562e-06,-0.04454497673691598,2.7649507799127395e-06,186
7.299999999999999,0.1,0.7,-0.01996073808521976,0.0,0.013711205844503456,-9.93571238247641,-9.943891060403171,-9.783742919543881,-1.2792825680439011e-05,-0.041692971653627585,-2.835526722883726e-06,187
7.5,0.1,0.7,-0.0196212513065537,0.0,0.012637457752793688,-9.924166346480531,-9.944276045732082,-9.797213882179953,-1.9484497486678556e-05,-0.038463617137387746,-8.61332187629644e-07,188
7.700000000000001,0.1,0.7,-0.01900654728522442,0.0,0.011664407184212229,-9.913410415814747,-9.944523997900518,-9.8092095736922,-9.635456492943593e-06,-0.03510297542828797,7.770036432862729e-06,189
7.9,0.1,0.7,-0.018143512120999856,0.0,0.010792127732163304,-9.903953395352506,-9.944761171680591,-9.819852463050518,4.1560100749819655e-07,-0.031720047637493615,-2.1958261975580125e-06,190
8.100000000000001,0.1,0.7,-0.017058569781452287,0.0,0.010017457114904245,-9.895270511512036,-9.944879901380263,-9.8291289953894,3.0041896980216875e-06,-0.028423330442367674,-4.215322930003864e-06,191
8.299999999999999,0.1,0.7,-0.01577549932376023,0.0,0.009336614650526423,-9.887669373348615,-9.944995489687072,-9.837308075091192,-1.1779136756779807e-05,-0.02516459139030681,-3.606474844663615e-06,192
8.5,0.1,0.7,-0.01431768885810009,0.0,0.008745489928901945,-9.880886164077642,-9.945050558645217,-9.844366629148297,-2.441764269617101e-05,-0.022004349006213265,2.041359058210445e-06,193
8.700000000000001,0.1,0.7,-0.012707741427007731,0.0,0.00823982660737539,-9.875084989496099,-9.945091003116373,-9.850370026090408,-3.092200074132121e-05,-0.018879331057473206,6.359216727854798e-06,194
8.9,0.1,0.7,-0.010968228293952711,0.0,0.00781450612764795,-9.870145001245987,-9.945105685256118,-9.855383425034638,-9.370776225727092e-06,-0.015868247670966024,1.5169244193438808e-06,195
9.100000000000001,0.1,0.7,-0.009120212599450454,0.0,0.007464735391762211,-9.866078265169396,-9.945119956195384,-9.859521515812208,1.3113915104480983e-05,-0.012910464652246092,-5.153648047936506e-06,196
9.3,0.1,0.7,-0.007184492832301268,0.0,0.007188662592600406,-9.86285231656828,-9.945128443366588,-9.862789900274299,1.3612887807086702e-05,-0.009986574574716498,-1.1518485354524341e-05,197
9.499999999999998,0.1,0.7,-0.005180605408447359,0.0,0.006983511393781633,-9.860392039459965,-9.945115650122899,-9.865186211159322,-9.713515698115261e-08,-0.007133179823117692,-1.31360701600568e-05,198
9.700000000000001,0.1,0.7,-0.0031277927669195187,0.0,0.006847437868079278,-9.85875151951424,-9.945106178020126,-9.866779370590871,-2.7795508406268412e-06,-0.00425339373505257,-9.805764664711206e-06,199
9.9,0.1,0.7,-0.0010457999197313337,0.0,0.006779834636944274,-9.857950390675754,-9.945105521608985,-9.867577217369005,5.915678378632004e-07,-0.00142032292270567,4.694163102720462e-06,200
0.1,0.1,0.9,0.0010739605817427535,0.0,0.008549382415005694,-9.856039057381762,-9.94554241490623,-9.871673017145387,-5.5140956583255045e-08,0.0018221469528646838,5.713927442719283e-06,201
0.3,0.1,0.9,0.003212285996391301,0.0,0.008635739139260835,-9.856845813085263,-9.945544065618765,-9.870874515003957,8.532145793684635e-07,0.00546502842020517,1.4758377243938922e-05,202
0.5,0.1,0.9,0.005321858496380268,0.0,0.00880925836606886,-9.858452324203597,-9.945554872566877,-9.869322038628658,4.255007624284684e-06,0.009131843270814111,1.9209226584311865e-05,203
0.7,0.1,0.9,0.007382994042169048,0.0,0.009070601627939231,-9.860922781938793,-9.945584137408835,-9.866997905105103,-9.224624401442817e-06,0.012805427412450804,1.3766924067923158e-05,204
0.9,0.1,0.9,0.009376135476773904,0.0,0.009420760631691855,-9.864147638249888,-9.945585983270536,-9.863782278100777,-1.5424721920861575e-05,0.016517369529551316,1.0705163253387109e-06,205
1.1,0.1,0.9,0.011281087465297894,0.0,0.009863446843064165,-9.868289785719082,-9.945607156121744,-9.859745994887778,-1.7579281962641313e-06,0.02029279348506737,4.261783192801017e-06,206
1.3,0.1,0.9,0.013077574864173382,0.0,0.0104041130290085,-9.873204906725016,-9.945600909510045,-9.854799640833901,8.984082419391942e-06,0.024173839518852415,4.253402719555803e-06,207
1.5,0.1,0.9,0.014744752337726149,0.0,0.011047650221847359,-9.879054877561277,-9.945602913343139,-9.848959689151535,2.0605887192808643e-05,0.02810625394172541,-1.419443416054072e-06,208
1.6999999999999997,0.1,0.9,0.016261799921857487,0.0,0.011798782802333135,-9.885670495558703,-9.945548125394835,-9.842070131437886,1.2963059656885119e-05,0.03213943021120517,6.0129920072141166e-06,209
1.9,0.1,0.9,0.017606851490763676,0.0,0.012664478505396046,-9.893253452281753,-9.94547009323276,-9.834097013890712,-1.505564386160243e-05,0.036321007951062,5.697690061052398e-06,210
2.0999999999999996,0.1,0.9,0.01875432574764615,0.0,0.013653468072818,-9.901929520947748,-9.94535548439574,-9.824847901039913,3.7830676745467904e-06,0.04065240185985011,-6.225351833407651e-07,211
2.3,0.1,0.9,0.019678865567399006,0.0,0.01477149789789879,-9.911526345524699,-9.945149952457792,-9.814223416786408,2.006335720304026e-05,0.045065895117173085,6.8031647860633245e-06,212
2.5000000000000004,0.1,0.9,0.020354399083075174,0.0,0.016021691087734484,-9.922219807859753,-9.94488552624855,-9.802207823392331,2.179948766983082e-05,0.04950587996040413,1.4082637282229566e-05,213
2.7,0.1,0.9,0.020753075509023316,0.0,0.01740681185571617,-9.93395163934455,-9.944507860947667,-9.788587665402554,2.0448378534856456e-05,0.05384646045992776,1.1658910941761324e-05,214
2.9000000000000004,0.1,0.9,0.02084468204964704,0.0,0.018923888346335016,-9.94701307952356,-9.944087562209805,-9.773424731547962,8.877117335094318e-06,0.05782623680117854,1.2329778699135745e-05,215
3.0999999999999996,0.1,0.9,0.020598002810667475,0.0,0.020561595658677635,-9.96117194849309,-9.943537163215758,-9.75651386759436,1.431448262896578e-05,0.06121110502474155,2.514775342105089e-06,216
3.3,0.1,0.9,0.019984590191661423,0.0,0.022298042058625667,-9.97634211658364,-9.942855997114473,-9.737937868997694,1.2167186896661127e-05,0.06355829853120107,-1.2099485192175574e-06,217
3.5,0.1,0.9,0.018980162189733293,0.0,0.02409767156526923,-9.992296159949138,-9.942077450340754,-9.718091091756808,-2.2169378744908673e-06,0.06450014914735351,-7.818834532068462e-06,218
3.7,0.1,0.9,0.017568201963109004,0.0,0.025910594688800564,-10.00871049114641,-9.94126286856719,-9.697603851698704,-2.152145594522767e-05,0.06349951622469596,-8.755405172825705e-06,219
3.9,0.1,0.9,0.015745356419140894,0.0,0.027674928886965197,-10.024866937375606,-9.940407405120103,-9.67717008823348,-2.897415079108143e-06,0.06023046147470559,-4.385049677365724e-06,220
4.1,0.1,0.9,0.013523911503415888,0.0,0.029318601419385425,-10.04024898436765,-9.939585277787872,-9.65767740458025,6.4719967341455095e-06,0.05437100591613923,-4.418109383567011e-06,221
4.3,0.1,0.9,0.01093448325202075,0.0,0.030763240390263923,-10.053960798405734,-9.938827086809816,-9.64017463565233,-5.733988885859244e-06,0.045894954634452576,2.1399946260713986e-06,222
4.500000000000001,0.1,0.9,0.00802909664836273,0.0,0.03193185771999887,-10.065195532041425,-9.938197190686475,-9.625790421399627,-9.498058542804129e-06,0.03490649015796475,4.3052350365948004e-06,223
4.7,0.1,0.9,0.004880023227757252,0.0,0.03275629914085804,-10.073183977698562,-9.937740567071522,-9.615518857661248,-2.120196550310686e-07,0.02185098490304241,-1.5082846739730818e-06,224
4.9,0.1,0.9,0.0015772807419515526,0.0,0.03318641179861563,-10.077279642651842,-9.937481047922226,-9.610125596968368,8.296431439397988e-06,0.007457259176592456,-4.86204626693528e-06,225
5.1000000000000005,0.1,0.9,-0.0017778052383811077,0.0,0.033195150454702026,-10.077265366265298,-9.937459407799206,-9.610031672739977,2.289564841541791e-06,-0.007402205367895776,7.195571124758041e-07,226
5.3,0.1,0.9,-0.005080697422434163,0.0,0.0327821510475544,-10.073117416021496,-9.937666742908638,-9.615216298530482,6.059429124120751e-07,-0.021778094967390714,1.741789430260417e-06,227
5.5,0.1,0.9,-0.00823092052051681,0.0,0.031974093486038656,-10.06516961838055,-9.938089721876288,-9.625278991009802,-3.6569239636487475e-06,-0.034847898061960376,-3.7598305094093206e-07,228
5.699999999999999,0.1,0.9,-0.011138788528822927,0.0,0.030821024197574473,-10.053929336065567,-9.938677797071627,-9.639459649295242,-5.503033996697011e-06,-0.04589752443310705,2.41606331499786e-07,229
5.9,0.1,0.9,-0.013731280494734523,0.0,0.029390137730326824,-10.040196514890356,-9.939398181244407,-9.656794391340542,-1.0940283427933352e-05,-0.0544813848529518,-8.043123949317716e-07,230
6.1000000000000005,0.1,0.9,-0.015956178251637004,0.0,0.02775817877431274,-10.02481892924156,-9.940199221069179,-9.676177176113312,-1.5224958284045175e-05,-0.06037747061571995,-2.632972626349871e-06,231
6.3,0.1,0.9,-0.017782010236504747,0.0,0.026003682610825272,-10.00856460519069,-9.941019062599661,-9.696530707816503,6.6279139405421475e-06,-0.0636553358229024,2.1485299673323945e-07,232
6.5,0.1,0.9,-0.019195786876060994,0.0,0.02419872227522152,-9.992096441207512,-9.941814771299727,-9.716977415299807,-6.340337843027951e-06,-0.06465762286965884,6.658301030549272e-06,233
6.700000000000001,0.1,0.9,-0.020201444618841453,0.0,0.022405263744713348,-9.976079665645349,-9.942551861786683,-9.73667964329691,-3.7200016912459943e-06,-0.06376337262881104,1.361085365841489e-05,234
6.9,0.1,0.9,-0.02081563658393336,0.0,0.020672448126782334,-9.960836897281759,-9.943182912360246,-9.755077664522313,1.9956003806973207e-05,-0.06141519930578661,1.8271227625850472e-05,235
7.1,0.1,0.9,-0.02106223936501801,0.0,0.019035024802486557,-9.946625816448012,-9.943729903002172,-9.772023698565414,1.0266111395830284e-05,-0.058030718256251564,1.615952861490667e-05,236
7.299999999999999,0.1,0.9,-0.020968802840907998,0.0,0.017514393904211046,-9.933490355412369,-9.94417207517915,-9.787370020493885,-1.194488974012238e-05,-0.054113560655321094,6.322823950756446e-06,237
7.5,0.1,0.9,-0.02056546174199498,0.0,0.016123823529170203,-9.921590724876637,-9.944526797865626,-9.801043264454044,-1.0113844405024664e-05,-0.04976633438297165,6.052373102147902e-06,238
7.700000000000001,0.1,0.9,-0.019882233669384835,0.0,0.014868454568578245,-9.91075391918831,-9.944762367472924,-9.813057918186413,1.972398209489208e-06,-0.0453543118944234,1.7147722106789183e-05,239
7.9,0.1,0.9,-0.018947903915181533,0.0,0.01374622871814787,-9.901099360588503,-9.944953953472575,-9.823670406776897,7.380010615845857e-06,-0.04093720962287316,7.269953069016188e-06,240
8.100000000000001,0.1,0.9,-0.017789879899472415,0.0,0.012752229994459862,-9.892413905768228,-9.945062618000755,-9.832899184237943,9.248017078153008e-06,-0.03661276436669283,-2.2089271823122954e-06,241
8.299999999999999,0.1,0.9,-0.016432828270599043,0.0,0.011879102167536347,-9.884677515127597,-9.945120951973715,-9.840927244751507,-2.0170154322359618e-06,-0.0324182549272023,2.5657130180571187e-06,242
8.5,0.1,0.9,-0.014900354807435713,0.0,0.011120747538303642,-9.87788826632341,-9.945157318037513,-9.847898323866143,-6.765417575326514e-06,-0.02831405695636388,2.3040732767506327e-06,243
8.700000000000001,0.1,0.9,-0.01321531385692454,0.0,0.010472479864065971,-9.872004340657929,-9.945164828317589,-9.853819800940512,-1.6980646949777743e-05,-0.024318196133415626,-8.059443747479696e-07,244
8.9,0.1,0.9,-0.011399288390752106,0.0,0.009927391199199949,-9.866961817968116,-9.945148987827295,-9.858783121170942,-1.0660026254605858e-05,-0.020483944414440132,8.599104247384368e-06,245
9.100000000000001,0.1,0.9,-0.00947366863314081,0.0,0.009479338561021138,-9.862854683720759,-9.945140283092465,-9.862846731751677,5.557038504868287e-07,-0.01667371785089151,-1.6632285693599214e-06,246
9.3,0.1,0.9,-0.007460028988954503,0.0,0.00912571333186029,-9.859609412731428,-9.945130814127458,-9.866044657914028,2.2708725365258533e-06,-0.01288379210323254,-1.565933698321559e-05,247
9.499999999999998,0.1,0.9,-0.005377969796521128,0.0,0.008862795488630781,-9.85711123487921,-9.945106358475847,-9.86842055751006,-2.1169011517780456e-06,-0.009207461713321598,-4.125683281380864e-06,248
9.700000000000001,0.1,0.9,-0.0032464511320552656,0.0,0.008688252261988544,-9.855447956199475,-9.945090992079471,-9.87000700420777,-2.943764752033147e-06,-0.00551546336043287,-4.109918356927901e-06,249
9.9,0.1,0.9,-0.001085403741785904,0.0,0.008601570889402521,-9.8546301480402,-9.945085321529026,-9.870796459607575,-9.915836253861828e-07,-0.0018349180583016246,-4.1099068771334717e-07,250
0.1,0.1,1.1,0.0011235832618127382,0.0,0.010273919716437152,-9.851866250774243,-9.945505466795138,-9.875661083197596,1.2255308284935248e-06,0.0022265047781985592,8.802812619298803e-06,251
0.3,0.1,1.1,0.0033609719251011033,0.0,0.010379130897371476,-9.85270134466215,-9.945519640430069,-9.874896857484256,8.08234366769407e-06,0.006725384369300196,1.1918329442736188e-05,252
0.5,0.1,1.1,0.005569549750049019,0.0,0.010589736425922515,-9.854304920235348,-9.945537416544877,-9.873382162486887,9.496275298577214e-06,0.011205804600662183,1.1797932585829825e-05,253
0.7,0.1,1.1,0.00772936779721322,0.0,0.010907434631857173,-9.856826353613116,-9.945584051035782,-9.871093901565136,-1.1209150097114736e-06,0.015744439604491293,1.2486645064929864e-05,254
0.9,0.1,1.1,0.009819908303470454,0.0,0.011335170471435918,-9.860138796275354,-9.945601411706043,-9.867868262252676,-2.054515804183365e-06,0.020268354562097884,-8.000793804479239e-06,255
1.1,0.1,1.1,0.01182091164980833,0.0,0.011875397983711322,-9.864339039703362,-9.945635080593714,-9.863836363262507,1.0518448492252457e-05,0.024858298310001904,-1.1034231442726656e-06,256
1.3,0.1,1.1,0.01371243899827532,0.0,0.01253332740007601,-9.869342056489725,-9.9456763635495,-9.859039761266954,2.2751975597150676e-05,0.02957933635979963,1.365865111401612e-05,257
1.5,0.1,1.1,0.015474614847599885,0.0,0.013316048067614914,-9.87517421913921,-9.945692174716868,-9.853286654442655,3.999742690414899e-06,0.0344458227398351,1.3856832772295785e-05,258
1.6999999999999997,0.1,1.1,0.017085538944033415,0.0,0.014230529950275819,-9.88196567759841,-9.945698531749253,-9.846526981169736,-1.0102387410153024e-05,0.03943122156720444,1.1400418025478744e-05,259
1.9,0.1,1.1,0.018521363899635074,0.0,0.015285484538779192,-9.889741303395168,-9.94567625454733,-9.83863996935049,-1.2673560324823404e-05,0.044565276250163564,9.000220565891015e-06,260
2.0999999999999996,0.1,1.1,0.01975794502339928,0.0,0.01649195869662824,-9.898481872086807,-9.945610617783275,-9.82957121683837,-6.386952013938462e-06,0.04986874477566167,-1.7025106748096593e-06,261
2.3,0.1,1.1,0.02077216827504977,0.0,0.01785828035280294,-9.90803974045827,-9.945429962194478,-9.819110070536205,7.3366192354599505e-06,0.05529505868537929,-6.634401304615059e-06,262
2.5000000000000004,0.1,1.1,0.021536450398196114,0.0,0.019391333196589432,-9.918882975388396,-9.945185199959758,-9.807043024419354,3.132245785116136e-05,0.06091810514203658,-1.109827819573137e-05,263
2.7,0.1,1.1,0.02201837064205668,0.0,0.02109761191080698,-9.930976281976994,-9.94482735201228,-9.793160478093268,4.226715691671158e-05,0.06652290613427833,-8.911055220582979e-06,264
2.9000000000000004,0.1,1.1,0.02218293143321495,0.0,0.022976336698622233,-9.944505129580168,-9.94436465542218,-9.777318147552796,1.8680420074626082e-05,0.07177766457476674,9.829047405356994e-06,265
3.0999999999999996,0.1,1.1,0.021994167236985145,0.0,0.025017900344862214,-9.95932403313242,-9.943749634139538,-9.759424137574412,1.968542584806918e-05,0.0764425345957339,3.206132761058205e-06,266
3.3,0.1,1.1,0.021417310138100387,0.0,0.027198537851182147,-9.97550545545618,-9.943011627423816,-9.739552681671928,1.6325068283780662e-05,0.07990255183391656,-9.599045997183214e-06,267
3.5,0.1,1.1,0.020420436877782354,0.0,0.029476292342633447,-9.99269268219489,-9.942108237173047,-9.717848503672757,8.242340434621665e-06,0.08166803032349033,-1.817352489890444e-05,268
3.7,0.1,1.1,0.01897730836618239,0.0,0.03178905563657208,-10.010832114416944,-9.941148857569056,-9.694912173437666,1.7680997434016148e-06,0.08098432463788624,-1.5674318326769074e-05,269
3.9,0.1,1.1,0.017074532111133363,0.0,0.03405637549373007,-10.029009433496737,-9.940112148015325,-9.67155130658875,-1.0281752665397887e-06,0.07738324168127748,-6.9449114712256614e-06,270
4.1,0.1,1.1,0.01471815046890016,0.0,0.036183555469480815,-10.046574376580246,-9.939097164249816,-9.648911444677989,9.467927089931084e-06,0.07028854619788681,-4.037199946540154e-06,271
4.3,0.1,1.1,0.011937286928135834,0.0,0.038064892477407575,-10.062408074089591,-9.938141992571426,-9.628301888776315,-4.5359412262800785e-06,0.059582325383720304,-1.3292913480902667e-06,272
4.500000000000001,0.1,1.1,0.008787760198032898,0.0,0.03959425937487925,-10.07556262872166,-9.937353243964127,-9.611203591107898,-2.3585703800488465e-05,0.04544172791784089,2.0932995049372197e-07,273
4.7,0.1,1.1,0.00535129765366375,0.0,0.04067704230580142,-10.084962155311377,-9.936774798494989,-9.598911837165687,-1.1482380131756833e-05,0.028525627875499157,-3.490806060781595e-06,274
4.9,0.1,1.1,0.0017324810953621567,0.0,0.04124276481228146,-10.089855228761504,-9.936456447161303,-9.59242700705408,5.040168423188887e-07,0.009766218254913127,-5.095605159133688e-06,275
5.1000000000000005,0.1,1.1,-0.001948742778903098,0.0,0.041253319387829786,-10.089806352240638,-9.936424416931494,-9.592315732425837,4.95145238481657e-07,-0.009673036572062,-2.0657495157841235e-06,276
5.3,0.1,1.1,-0.005567707891157665,0.0,0.04070862766668569,-10.084916299789663,-9.936701389237436,-9.59859064640685,-3.525758977534417e-07,-0.028468529381531698,-6.19811136822909e-06,277
5.5,0.1,1.1,-0.009005648080423074,0.0,0.03964625125334815,-10.075539018911181,-9.937246041638028,-9.610691189287753,-2.3016267743060157e-06,-0.04541776885902929,-7.665957311037003e-06,278
5.699999999999999,0.1,1.1,-0.012157628457986057,0.0,0.0381360465247095,-10.062385980520267,-9.93799997272788,-9.627613883121704,-5.1640855028790825e-06,-0.05954702976949844,-2.8855286452752503e-06,279
5.9,0.1,1.1,-0.014941283989753461,0.0,0.03627126210068623,-10.046521539694343,-9.938919576875135,-9.648076344690457,-1.002105762021186e-05,-0.07027877884401727,-1.7447177649923773e-06,280
6.1000000000000005,0.1,1.1,-0.017300484449617126,0.0,0.034157790792382944,-10.028917998759779,-9.939905364953578,-9.670608826017151,3.769886233095503e-06,-0.07737628935837329,-2.3573206026865217e-06,281
6.3,0.1,1.1,-0.019205424133430307,0.0,0.03190168246265904,-10.010643089137986,-9.940903015785535,-9.693871989798923,1.459083348664527e-05,-0.08104259700235479,3.048313855278384e-07,282
6.5,0.1,1.1,-0.02065096924851343,0.0,0.029598193640017915,-9.99258808480614,-9.941863851083342,-9.716731170619608,-8.601663895227572e-06,-0.08178382667555908,5.024893863999922e-06,283
6.700000000000001,0.1,1.1,-0.021649212550478875,0.0,0.027327743565550833,-9.975171922235086,-9.942706423540049,-9.738360195474332,-6.035278283087547e-06,-0.08009291992047411,1.9093871263469782e-05,284
6.9,0.1,1.1,-0.022224885973148072,0.0,0.025151657797885207,-9.958948726577804,-9.94344138992586,-9.758258223054028,6.664517447500374e-06,-0.07665835327826287,3.2506392242922174e-05,285
7.1,0.1,1.1,-0.022410733850210696,0.0,0.02310997304138898,-9.94401146775838,-9.944028447238432,-9.776130768436246,-1.8754672765132628e-06,-0.07210712875630305,2.259609700242772e-05,286
7.299999999999999,0.1,1.1,-0.022243104929789172,0.0,0.0212263413928325,-9.93055957971299,-9.944502899579335,-9.791954918194245,6.4453236124255e-06,-0.06688745866361458,1.24505424593897e-05,287
7.5,0.1,1.1,-0.021757486175785993,0.0,0.019513721752749322,-9.918288654523534,-9.94481616040847,-9.80579214752151,2.1784308953208418e-05,-0.061316065764066216,1.137629377742919e-05,288
7.700000000000001,0.1,1.1,-0.020987508791464302,0.0,0.01797433083194781,-9.907418159904177,-9.945071840687188,-9.817941043542602,9.954139405907026e-06,-0.055754008491965365,6.98913075541527e-06,289
7.9,0.1,1.1,-0.019963523885898143,0.0,0.01660243348080582,-9.897494173564361,-9.9451862350827,-9.828437001851688,1.6315645032859793e-05,-0.050259255014652955,-2.1567596878671125e-06,290
8.100000000000001,0.1,1.1,-0.01871271118673211,0.0,0.015389977698198554,-9.88871076231279,-9.945261143022309,-9.837594952801323,3.977994953962494e-06,-0.04490334864235696,-8.767528778789365e-06,291
8.299999999999999,0.1,1.1,-0.01726208908336222,0.0,0.014326598827134844,-9.88095938958974,-9.945295618169988,-9.845518701270842,-1.5791607238250926e-05,-0.039763964143924434,-1.0405175374749227e-06,292
8.5,0.1,1.1,-0.01563580828092361,0.0,0.013403690293081093,-9.874079757070863,-9.945270393977061,-9.852272212816803,-5.4755806449249416e-06,-0.034748973471358795,1.2607080191997823e-06,293
8.700000000000001,0.1,1.1,-0.013856050548700252,0.0,0.012614031151331875,-9.86812061967134,-9.945248084887561,-9.85811980477703,-1.78025401239994e-05,-0.02987235847853565,-3.819335693762805e-06,294
8.9,0.1,1.1,-0.011944082250093364,0.0,0.011949822782931899,-9.862991781932175,-9.94520309093285,-9.863023672734798,-1.4618180381699469e-05,-0.025115634474542008,1.2600190735876196e-05,295
9.100000000000001,0.1,1.1,-0.009921351910332237,0.0,0.011404731814012341,-9.85879533423684,-9.945157649036293,-9.866992910955064,-1.572334796113754e-06,-0.020471798695174983,1.8913432401083648e-05,296
9.3,0.1,1.1,-0.007809129661170002,0.0,0.01097452136419311,-9.855452249114562,-9.945114479545326,-9.870120148620193,1.7716909877799934e-07,-0.015835532489231,7.250220467956339e-06,297
9.499999999999998,0.1,1.1,-0.005627799308746319,0.0,0.010654215402020684,-9.852969715981532,-9.94508995801119,-9.87248007408453,-4.3948028636442e-07,-0.011330336598661846,9.767388678564102e-06,298
9.700000000000001,0.1,1.1,-0.003396894882862997,0.0,0.010441217042452381,-9.851267121503462,-9.94506675979657,-9.874066677489695,-4.087331875518874e-07,-0.006777755272068142,5.240520171856734e-06,299
9.9,0.1,1.1,-0.001135703172568464,0.0,0.010335471720708103,-9.85040106211967,-9.945048452330663,-9.874841199535863,-8.572218161507702e-07,-0.002259127455936189,-4.426929942332289e-06,300
0.1,0.1,1.3,0.001183974703373932,0.0,0.011892222702359581,-9.846766391414235,-9.945437139764422,-9.880419307421725,9.776594249109136e-07,0.002658721982745633,-6.845248077076004e-06,301
0.3,0.1,1.3,0.003542399911353611,0.0,0.012015643349680876,-9.847582326854457,-9.945454569533574,-9.879690520827229,7.438711610842301e-06,0.007990499934914701,-5.897792767768429e-06,302
0.5,0.1,1.3,0.00587174359294684,0.0,0.012262757363921198,-9.849248387346318,-9.945493862466474,-9.878220924994963,2.766756614684559e-06,0.01330864752534423,3.232734169520601e-06,303
0.7,0.1,1.3,0.008150946786003577,0.0,0.012636916766088626,-9.851849567949175,-9.94555455376999,-9.875923200911927,1.8470679815952031e-06,0.01872859998500748,6.808807827724796e-06,304
0.9,0.1,1.3,0.010359606785587748,0.0,0.013141397752255708,-9.85525584013122,-9.945616117509092,-9.872824747423238,1.0738062920348491e-05,0.02416427417153632,-6.216085322042798e-06,305
1.1,0.1,1.3,0.012478062306281462,0.0,0.0137777736819363,-9.859515295066066,-9.945691033846469,-9.868939874175437,1.2765760245845146e-05,0.029607790191625925,-4.949988727067428e-06,306
1.3,0.1,1.3,0.014485834237437878,0.0,0.014551086538508128,-9.864638974772488,-9.94577858302288,-9.864253940342877,2.4197481425311263e-05,0.0352124552641653,7.550345466202868e-07,307
1.5,0.1,1.3,0.016362514553170452,0.0,0.015471813505657267,-9.87056927792994,-9.945830279059148,-9.858582117374981,4.4624552348691135e-06,0.04098229921779218,1.4254136483285281e-05,308
1.6999999999999997,0.1,1.3,0.018085299856287304,0.0,0.01654824473098179,-9.877578130939295,-9.945901279950526,-9.85192826881071,-1.0736954363262551e-05,0.0467463901074259,3.146959097991815e-05,309
1.9,0.1,1.3,0.019631759063734988,0.0,0.017790236185312294,-9.885362281828131,-9.945916419567244,-9.84421981600889,-5.405963791055218e-06,0.0528973584468806,3.825191475148404e-05,310
2.0999999999999996,0.1,1.3,0.020978889932148824,0.0,0.01921010336635243,-9.89423727811837,-9.945937295986388,-9.835449201814143,-1.3058648638752403e-05,0.05925405791891653,1.114438195763996e-05,311
2.3,0.1,1.3,0.02210201686945619,0.0,0.02082094023153954,-9.903936760768385,-9.945835306229231,-9.825239770375282,-6.717080269014483e-06,0.06590960283981405,2.0279570577817905e-06,312
2.5000000000000004,0.1,1.3,0.022972527397927052,0.0,0.02263707245119527,-9.915010134720157,-9.945662702029075,-9.81330337542618,2.6900820278310035e-05,0.0726764833171398,1.6775811182688516e-05,313
2.7,0.1,1.3,0.023555583818581565,0.0,0.02466926849722058,-9.927408055697555,-9.945353959120075,-9.799361739903949,4.0038322632953026e-05,0.07955747985647549,1.1615815528852128e-05,314
2.9000000000000004,0.1,1.3,0.023812799831996488,0.0,0.02692308385977326,-9.94138874180168,-9.944880077841978,-9.783011647405901,1.0381307977927253e-05,0.08630379300085245,1.1740081420800638e-05,315
3.0999999999999996,0.1,1.3,0.02370239140415191,0.0,0.029390146564422907,-9.956906300789218,-9.944214482262057,-9.764166110521773,5.957923504137051e-06,0.0924401157408346,-1.4564494482100557e-06,316
3.3,0.1,1.3,0.02317973188663064,0.0,0.032046773723681365,-9.97428216251803,-9.943424340840131,-9.742839541683448,7.10261542478058e-06,0.09740317720744192,-1.7441211232852012e-05,317
3.5,0.1,1.3,0.02220185549921725,0.0,0.03484868269837521,-9.99301799169536,-9.942387877791377,-9.718921397267504,9.441414872026065e-06,0.10037066966033982,-1.6180979103284815e-05,318
3.7,0.1,1.3,0.020730816466547307,0.0,0.03772281811599171,-10.013176501268044,-9.94122334843498,-9.692940240907884,2.2586561428888057e-05,0.10041503764236095,-1.4226011736688873e-05,319
3.9,0.1,1.3,0.01873958146010184,0.0,0.04056859284753951,-10.03395124423513,-9.939945591561417,-9.665776713572937,-1.2523737500373977e-06,0.09672604581357705,-8.037418165314664e-06,320
4.1,0.1,1.3,0.01622373416179868,0.0,0.043261587273084656,-10.054330923673982,-9.938659171663536,-9.638964934644783,-1.005862834491049e-05,0.08857490883037733,-6.166310125356471e-06,321
4.3,0.1,1.3,0.013208724310298429,0.0,0.04566114088967272,-10.07304873141973,-9.937454991024232,-9.614226223702174,-6.263169132736345e-06,0.07564765611225147,-6.689215187360962e-06,322
4.500000000000001,0.1,1.3,0.009753763815423666,0.0,0.047623558555215474,-10.088778039076379,-9.936441545795324,-9.593429689901138,-2.3612632915721938e-05,0.05805086865398823,-4.763694497826937e-07,323
4.7,0.1,1.3,0.0059530907387829795,0.0,0.049019158908111045,-10.100082889036244,-9.935678416102041,-9.578309191479581,-2.0047009015297118e-05,0.036574602305088535,-9.098318018360758e-07,324
4.9,0.1,1.3,0.0019314159144662932,0.0,0.049749941460101595,-10.10601806941153,-9.935264977006815,-9.570306815623562,-6.460113243511722e-06,0.01252172824797014,-1.3454821782415588e-06,325
5.1000000000000005,0.1,1.3,-0.002166358902229574,0.0,0.04976258734141059,-10.105971808878282,-9.935229877388867,-9.570177578067234,3.087129164222347e-07,-0.012426669042539642,1.272402803511117e-06,326
5.3,0.1,1.3,-0.00618809314246248,0.0,0.04905683386165971,-10.10002106634411,-9.935598167166106,-9.577969769487243,3.7716535482632132e-06,-0.03645757605082121,-7.025495594257084e-07,327
5.5,0.1,1.3,-0.009989402772323437,0.0,0.04768526219408035,-10.08868757325013,-9.936317819370167,-9.59290152360163,3.0184866182629567e-06,-0.05792323086497574,-2.4140388294363294e-06,328
5.699999999999999,0.1,1.3,-0.013445809198093597,0.0,0.04574513153886712,-10.072987970043574,-9.937308371879753,-9.613553889360855,-3.4866159352957548e-06,-0.07555630045677682,-2.6666065418267913e-06,329
5.9,0.1,1.3,-0.016463201894004124,0.0,0.043364801797878515,-10.054270622454597,-9.938484620949415,-9.638152482293561,-7.340838356995703e-06,-0.08860313927949444,-2.8481352133997365e-06,330
6.1000000000000005,0.1,1.3,-0.018981687667776345,0.0,0.04068800541585607,-10.033829058489488,-9.939724455094646,-9.664793216984497,7.21839167870651e-06,-0.09682254662180757,-6.150543266324619e-08,331
6.3,0.1,1.3,-0.020975609137413375,0.0,0.03785605063248702,-10.013012448984785,-9.940952464745985,-9.691749874746495,1.639446638841142e-05,-0.10058769511950313,6.207000575315016e-06,332
6.5,0.1,1.3,-0.02244938636295618,0.0,0.03499246926954911,-9.992873277016725,-9.942112340004098,-9.71768842300485,-2.968395087155129e-06,-0.10059117003884249,8.79306784398294e-06,333
6.700000000000001,0.1,1.3,-0.02342768664299362,0.0,0.0321972151178636,-9.97387224342789,-9.943098899283658,-9.74162225299139,-1.2160150986268483e-05,-0.0976671118612283,2.0451442294131964e-05,334
6.9,0.1,1.3,-0.02394887061119004,0.0,0.029544490631069648,-9.956564550868377,-9.943912003382268,-9.762995466049261,-1.1784965940035943e-05,-0.09274584087000241,2.517876183719031e-05,335
7.1,0.1,1.3,-0.024056404595181876,0.0,0.02707739709959947,-9.940824847627496,-9.944518928803289,-9.781769796394936,-1.7202967727715154e-05,-0.08677139874703756,1.6184271399551016e-05,336
7.299999999999999,0.1,1.3,-0.023794963199886915,0.0,0.02481951435520137,-9.92690220807457,-9.944998704166355,-9.798091312773408,8.64632037848464e-06,-0.08003406550658043,1.8053307129781942e-06,337
7.5,0.1,1.3,-0.023206974748591885,0.0,0.02278070031467547,-9.914378510693796,-9.94528365055109,-9.81203974206759,3.504391707911838e-06,-0.07313256161381279,-2.104679646448547e-05,338
7.700000000000001,0.1,1.3,-0.022330107906879428,0.0,0.020956266461564167,-9.903307818927178,-9.94548100321529,-9.8240971971657,-2.5951569710469738e-05,-0.06630353053525513,-2.8258696565951335e-05,339
7.9,0.1,1.3,-0.02119665011223821,0.0,0.01933673278982735,-9.893234757706047,-9.945527809928919,-9.834404291944837,3.5743184304394152e-06,-0.05966365449369662,-1.533386819573345e-05,340
8.100000000000001,0.1,1.3,-0.019834776155153232,0.0,0.01790850952061428,-9.884310772551382,-9.945521026274267,-9.84329435882589,-3.4490398262672144e-07,-0.05335158866841243,2.1775114568254624e-06,341
8.299999999999999,0.1,1.3,-0.01827178507013137,0.0,0.016657385170600805,-9.876445364766383,-9.945492574195734,-9.851017506228585,-2.4212580017665768e-05,-0.04725405125737684,4.651615813919753e-06,342
8.5,0.1,1.3,-0.016531653765372366,0.0,0.015572657136306792,-9.869458630519038,-9.945423743137665,-9.857660085175388,-1.3468101482802432e-05,-0.041281005548625814,-7.48416475594722e-06,343
8.700000000000001,0.1,1.3,-0.014636456175236297,0.0,0.014643925449209599,-9.863356776579177,-9.945328822294766,-9.863287334910844,-1.3619034634286398e-05,-0.03553937838357473,-1.9972098560346706e-06,344
8.9,0.1,1.3,-0.012607674331702646,0.0,0.013862419925850746,-9.858131936287075,-9.945230045957235,-9.86801829350527,-1.4369221143137467e-05,-0.02988085404255095,6.7213163369424354e-06,345
9.100000000000001,0.1,1.3,-0.010467051970432456,0.0,0.013221055850613176,-9.85386908680794,-9.94516694579612,-9.871965642188941,-2.564648620651339e-06,-0.0243667751794081,8.173974471401426e-07,346
9.3,0.1,1.3,-0.008235379365082651,0.0,0.01271440377104759,-9.850418708502245,-9.945102612479328,-9.87509435389431,2.8949924217341334e-06,-0.018864684984385545,-9.661780976604674e-07,347
9.499999999999998,0.1,1.3,-0.00593279019779455,0.0,0.01233737617163487,-9.847838161542857,-9.945043817916465,-9.877380928055764,-2.1816436980837782e-06,-0.0134967939478938,5.680791728100519e-06,348
9.700000000000001,0.1,1.3,-0.0035800159161198395,0.0,0.012086511345092176,-9.846139095373902,-9.945007372186206,-9.878897765573424,-2.694061953045269e-06,-0.008069660828266443,1.0708060420579391e-05,349
9.9,0.1,1.3,-0.0011968335426665473,0.0,0.011961301350910853,-9.845247032549738,-9.944990628381396,-9.879706109362694,-5.967613622877761e-07,-0.0026956582755248855,8.669312469578714e-06,350
0.1,0.1,1.5,0.0012558519429473171,0.0,0.013383013505565304,-9.840712967381746,-9.945372350161701,-9.8861487834227,4.176893840213625e-07,0.0030831374136237174,2.1539605994152866e-05,351
0.3,0.1,1.5,0.0037580560055004266,0.0,0.013524059942726019,-9.841532344830107,-9.945396674988427,-9.885451030107669,3.0518454665697704e-06,0.009269930277325216,2.1233953683827577e-06,352
0.5,0.1,1.5,0.006230580302291397,0.0,0.013807996450808626,-9.843243316537228,-9.945435705283996,-9.883935209880253,-1.033497087617264e-06,0.015502190736550922,-9.471864380965924e-06,353
0.7,0.1,1.5,0.008651773489731802,0.0,0.014239193730967837,-9.845914118564057,-9.945506353247294,-9.881617647672432,7.578269730231296e-06,0.02182938944023384,-4.124729496621118e-06,354
0.9,0.1,1.5,0.011001152796917843,0.0,0.014818545070247297,-9.849416901479906,-9.94561061750336,-9.878636186034175,2.2761881471051462e-05,0.028043968907148713,-4.196844349437821e-06,355
1.1,0.1,1.5,0.01325945185548931,0.0,0.015549089639721184,-9.853717418997851,-9.945710630898546,-9.874835735492791,1.0151757292738751e-05,0.034436318017313984,2.121907681895067e-06,356
1.3,0.1,1.5,0.015404947334311565,0.0,0.016437614920239395,-9.859032952261906,-9.945835798711869,-9.870146041306347,-1.2944607465810447e-05,0.04084663378078604,-6.927255363674239e-06,357
1.5,0.1,1.5,0.017416037509827634,0.0,0.01749428908377973,-9.865158416416655,-9.945967883320716,-9.864681000184799,-1.8721739572965924e-05,0.04756006156353647,-1.2985212987338904e-06,358
1.6999999999999997,0.1,1.5,0.019270985781422712,0.0,0.0187296650184012,-9.87234669620164,-9.946129895401084,-9.858302780825946,1.3635045306344074e-05,0.054339224842527234,2.5148433002980866e-05,359
1.9,0.1,1.5,0.020949307674127296,0.0,0.02015438064839918,-9.880129335551896,-9.946195473459456,-9.850848031754301,1.9051312612683913e-05,0.06143653026838702,3.575487713477524e-05,360
2.0999999999999996,0.1,1.5,0.02242777605250199,0.0,0.02178368444851562,-9.88915033188177,-9.946287216848038,-9.842285752367232,-1.4229415468044676e-05,0.06874117334331015,1.3082624357961072e-05,361
2.3,0.1,1.5,0.02367890385489889,0.0,0.023636675777295772,-9.89912372282547,-9.946263277136914,-9.832192662881301,-3.1622852067788024e-06,0.07650685903433481,1.2594348155894366e-05,362
2.5000000000000004,0.1,1.5,0.024673284832973284,0.0,0.025734013227498447,-9.910438616622528,-9.946178934238848,-9.820456054580346,2.243802500394423e-05,0.0845435235495585,3.751554528519702e-05,363
2.7,0.1,1.5,0.025376649458107033,0.0,0.02809367477598237,-9.92302436197065,-9.94591338317573,-9.8065425539171,2.3624224216021153e-05,0.09298075002473222,2.075637006139382e-05,364
2.9000000000000004,0.1,1.5,0.02574849861871345,0.0,0.03073121907186254,-9.937364965851014,-9.945464764901038,-9.789958858676401,9.877681617412298e-06,0.10152274764387782,2.6158591307808123e-06,365
3.0999999999999996,0.1,1.5,0.025739102345746813,0.0,0.03364481005840038,-9.953688074396833,-9.944786679131443,-9.77024532126989,-3.5190129540814772e-06,0.10945868968562096,-1.3969490045000809e-05,366
3.3,0.1,1.5,0.0252925759109248,0.0,0.036814482420610285,-9.972167395422732,-9.943856860365287,-9.747116906413172,8.250775441838644e-06,0.11636473282237152,-2.4785607627202084e-05,367
3.5,0.1,1.5,0.024351663938449314,0.0,0.040196053667544036,-9.992734375912443,-9.942645576939682,-9.720493508788573,1.1157112960067791e-05,0.12112856126974961,-1.3113242457191698e-05,368
3.7,0.1,1.5,0.022860998042058836,0.0,0.04370730494360766,-10.015361386889314,-9.941231087857632,-9.690794052407492,4.9468755039751354e-06,0.12249495809326176,-3.9100069132937195e-06,369
3.9,0.1,1.5,0.02077692192824518,0.0,0.0472261219776744,-10.039186114361174,-9.939633604716187,-9.658981909229103,-8.220742018289051e-06,0.11921836259042229,-3.646919395940607e-07,370
4.1,0.1,1.5,0.018080232110348107,0.0,0.05059221704862471,-10.063182041975828,-9.937991051966858,-9.62677321786756,-1.6210281352246498e-06,0.11021040388969004,-7.308688474059364e-07,371
4.3,0.1,1.5,0.014787643682967623,0.0,0.05361928181742818,-10.08562314759737,-9.936412054016794,-9.596437122495995,1.778901630416792e-05,0.09484805964764699,-1.988722314186287e-07,372
4.500000000000001,0.1,1.5,0.010961052248193527,0.0,0.05611362272464197,-10.104748723720775,-9.935056573707852,-9.570534144827716,3.23201593440235e-06,0.07326860869511957,4.845257501219331e-06,373
4.7,0.1,1.5,0.006709031454470608,0.0,0.05789715577889386,-10.1187213997031,-9.934055924790202,-9.551558224250403,-7.88593722769797e-06,0.04638607085914525,5.862262803141818e-06,374
4.9,0.1,1.5,0.002182606987605246,0.0,0.05883333139435011,-10.126069977971314,-9.933510991733776,-9.541484980706013,-5.054563326056308e-06,0.015943820152231728,4.104925766534436e-06,375
5.1000000000000005,0.1,1.5,-0.0024384047695093095,0.0,0.05884807732961463,-10.126022392504336,-9.933478891391497,-9.541372064461953,2.3154640292448297e-07,-0.01576906957406519,6.732010451695994e-06,376
5.3,0.1,1.5,-0.00696456698323708,0.0,0.057940760348601225,-10.118631376297861,-9.933974436094065,-9.55124080418162,4.46832715727293e-06,-0.04625495671889401,5.417744494349326e-06,377
5.5,0.1,1.5,-0.01121705243279025,0.0,0.05618493314304,-10.104672037715682,-9.934936973512515,-9.570012829856193,6.267219241166642e-06,-0.0731902291304817,-2.8949149451328026e-07,378
5.699999999999999,0.1,1.5,-0.015045327666499547,0.0,0.05371599584214898,-10.085568193076158,-9.936262941809012,-9.59574651597125,5.570528426783788e-06,-0.09485631064163637,-1.6778205011630134e-06,379
5.9,0.1,1.5,-0.018340642455475203,0.0,0.05071083250846459,-10.063140662308875,-9.937818860694415,-9.625953641172543,5.585152956993038e-06,-0.11027277161798327,-1.6214293082352156e-06,380
6.1000000000000005,0.1,1.5,-0.021040379643500976,0.0,0.04736379493222327,-10.039088253073752,-9.939419398996604,-9.658008741918207,9.552316141892818e-06,-0.119321656226507,9.61911982877126e-07,381
6.3,0.1,1.5,-0.023126878848650112,0.0,0.04386102132772066,-10.015204915819213,-9.940992408561227,-9.689757126995993,1.1363412870261823e-05,-0.12264862159858224,8.065444138225238e-06,382
6.5,0.1,1.5,-0.024618568218166974,0.0,0.04036090063976114,-9.99248519645076,-9.942380436484196,-9.719416985979185,2.1276478288448387e-06,-0.12136617500505906,1.1880596380899942e-05,383
6.700000000000001,0.1,1.5,-0.02555879296748571,0.0,0.03698560244353488,-9.971809233685041,-9.943560645558374,-9.7459939941158,-1.1408120487477976e-05,-0.1166812046592598,1.3344109565992377e-05,384
6.9,0.1,1.5,-0.02600334963419587,0.0,0.03381973158794629,-9.95326765507221,-9.944474367501167,-9.76910418243601,-8.09764716037062e-06,-0.10976040090607214,7.530765062797632e-06,385
7.1,0.1,1.5,-0.02600987063596512,0.0,0.030906564218628786,-9.936883353863596,-9.945129760037846,-9.788765446328004,-6.752821218691953e-06,-0.10191024225337093,1.1808118168598148e-05,386
7.299999999999999,0.1,1.5,-0.02563392886142714,0.0,0.028264695515251553,-9.922479566568814,-9.945570804556324,-9.805374456223461,-2.0342399815533412e-06,-0.09347875255425829,-4.021990164393244e-06,387
7.5,0.1,1.5,-0.02492334072108566,0.0,0.0258970050731872,-9.909670036882813,-9.945804524245977,-9.819352584349653,-2.316427140224386e-06,-0.0851112441369552,-2.8312520369073006e-05,388
7.700000000000001,0.1,1.5,-0.023919382627754553,0.0,0.02378964542461716,-9.898374952514747,-9.945909689303198,-9.831173494011658,-1.797819239940124e-05,-0.07701869274712343,-2.9310346997192606e-05,389
7.9,0.1,1.5,-0.022657045098202783,0.0,0.0219254895668206,-9.888244895354957,-9.94590712584559,-9.841290733875862,2.7813294960339662e-06,-0.06924882291956663,-1.490769237644285e-05,390
8.100000000000001,0.1,1.5,-0.021165397929656042,0.0,0.020285245057986793,-9.879181476202614,-9.94583162941179,-9.849976670858972,1.1093109806466984e-05,-0.06189692466606636,1.665356251972469e-05,391
8.299999999999999,0.1,1.5,-0.019470174976739515,0.0,0.018850097695148928,-9.871073148215881,-9.945700275323045,-9.857428228409995,-1.099889963518847e-05,-0.054823546592927944,2.4278898213496193e-05,392
8.5,0.1,1.5,-0.017595541814499103,0.0,0.017606265923303145,-9.863964366638578,-9.945560920133852,-9.863840234032978,-1.3755243482632852e-05,-0.04794388316621469,4.948259767199279e-06,393
8.700000000000001,0.1,1.5,-0.015563743755545595,0.0,0.01654072954009781,-9.85768143401643,-9.945410415138314,-9.869370641685668,-1.3894134905660468e-05,-0.04130544904256446,2.5394959593939615e-07,394
8.9,0.1,1.5,-0.013396219574574682,0.0,0.015643783454698336,-9.852378049611747,-9.945283511784085,-9.874039509311205,-2.2538797438409885e-05,-0.034713904714809236,-8.75782552779609e-06,395
9.100000000000001,0.1,1.5,-0.011115166099146982,0.0,0.014907486454110677,-9.847965225929565,-9.945156328199323,-9.877816415077445,-1.3162916354041284e-05,-0.028317092627190284,-2.6051615844493147e-05,396
9.3,0.1,1.5,-0.008741328869796196,0.0,0.014324537085820365,-9.84442711220535,-9.945063422343374,-9.880889999518965,5.509734963629605e-07,-0.021942121583147543,-1.3803491558348284e-05,397
9.499999999999998,0.1,1.5,-0.00629519006401932,0.0,0.013890631640939732,-9.841777888273334,-9.944998716153558,-9.883215692504413,-1.998185117865103e-06,-0.015672467850691353,6.847462720721419e-06,398
9.700000000000001,0.1,1.5,-0.0037975856597840725,0.0,0.013602586840951938,-9.840020781644919,-9.944944050063333,-9.884699468681745,-3.6332398048958307e-06,-0.009390657732963064,1.4987177504333271e-05,399
9.9,0.1,1.5,-0.0012692748948285402,0.0,0.013458109799462088,-9.839139029592204,-9.944920441199368,-9.885463176406814,-5.885569403026289e-07,-0.0031669774153925737,8.723187646669153e-06,400
0.1,0.1,1.7000000000000002,0.001339940624053048,0.0,0.014724427591195329,-9.833591849984387,-9.945257118362626,-9.892693741832353,-1.7120640367081178e-07,0.0035223343431954935,1.9245105715442754e-05,401
0.3,0.1,1.7000000000000002,0.00401003453547267,0.0,0.014883305690890282,-9.834421972958756,-9.94527399887989,-9.891948021444264,-8.700822124030169e-07,0.010627055245405352,-5.861954143316164e-06,402
0.5,0.1,1.7000000000000002,0.006649597121061601,0.0,0.015204234655169829,-9.83621337556054,-9.945340436016075,-9.89048880454154,-7.200698749601952e-06,0.01776600794347251,-4.071284208909734e-05,403
0.7,0.1,1.7000000000000002,0.009236708704555913,0.0,0.01569190156569442,-9.838968295717152,-9.945447688282925,-9.888270145713745,8.54470184135431e-06,0.025008923516211062,-2.3980868582831437e-05,404
0.9,0.1,1.7000000000000002,0.011750614410291774,0.0,0.016345083302555175,-9.84255893777409,-9.945577491770102,-9.885328521098547,3.852599506694201e-05,0.03208219746216579,1.628764203943834e-07,405
1.1,0.1,1.7000000000000002,0.014171866482766518,0.0,0.017168981046869522,-9.84694927186264,-9.945708183555139,-9.88159164593533,1.667280154521716e-05,0.03946627453963878,1.3944590534616748e-05,406
1.3,0.1,1.7000000000000002,0.01647739101409385,0.0,0.01817157543358087,-9.852556850612181,-9.945938175103532,-9.87713402490309,-2.4641287307766106e-05,0.046763192401946777,1.5892256788115704e-05,407
1.5,0.1,1.7000000000000002,0.018645800675627964,0.0,0.019361615931389416,-9.858784427081458,-9.946111891875088,-9.871775032316195,-1.2663297940093377e-05,0.05439473291802459,1.4994267647063442e-05,408
1.6999999999999997,0.1,1.7000000000000002,0.0206567422729651,0.0,0.02075164857782331,-9.8661014221086,-9.946349989261927,-9.865648524206978,1.0769184234751625e-05,0.062086657167022594,9.400008422734542e-06,409
1.9,0.1,1.7000000000000002,0.02248781180108692,0.0,0.02235404714823915,-9.874223650079628,-9.946559572505913,-9.858574212447197,-1.1387255461585043e-06,0.07011788007144668,2.5635120944724353e-05,410
2.0999999999999996,0.1,1.7000000000000002,0.024115257545766877,0.0,0.02418797643006026,-9.883478542982797,-9.946776774962172,-9.850405331825726,-1.3227426461703876e-05,0.07843574694928172,2.8217690260270607e-05,411
2.3,0.1,1.7000000000000002,0.025512377221603034,0.0,0.026279049181075077,-9.893741758531608,-9.946901717460669,-9.840766828777776,-1.2941841946649421e-06,0.08738497820547499,1.680768307111274e-05,412
2.5000000000000004,0.1,1.7000000000000002,0.026650166887230077,0.0,0.028653304495363796,-9.905251434296757,-9.9469210036396,-9.829353583899104,2.314210027160335e-05,0.09666639169878273,3.4211516229030804e-05,413
2.7,0.1,1.7000000000000002,0.02749538033668085,0.0,0.03133752128257658,-9.917990562318824,-9.946755673643672,-9.815787805897248,2.199089750129528e-05,0.10664473429695337,2.5191422788055826e-05,414
2.9000000000000004,0.1,1.7000000000000002,0.02800378183128989,0.0,0.034361804827548026,-9.93283967971289,-9.946443757300765,-9.799379106796843,-3.2750786581039734e-06,0.11705228623846999,1.1653679818432023e-05,415
3.0999999999999996,0.1,1.7000000000000002,0.02812015164192075,0.0,0.037738937617990666,-9.949658644271711,-9.945748022159925,-9.779081466525563,-1.5028105365171316e-05,0.12729464772336677,2.680533815329245e-06,416
3.3,0.1,1.7000000000000002,0.027778105316350405,0.0,0.04146003232745383,-9.96932162347895,-9.944724852249992,-9.754302637768417,-2.924434622006258e-05,0.13680143107310638,-8.155538410301214e-06,417
3.5,0.1,1.7000000000000002,0.026900815920068172,0.0,0.04548524840909284,-9.991804377055193,-9.943289035053946,-9.724640798216852,-3.536603566005166e-05,0.1441292516549865,-3.9871355078756214e-07,418
3.7,0.1,1.7000000000000002,0.02540979702889496,0.0,0.04972485760376062,-10.017306714627644,-9.941561607871895,-9.690501324729398,-3.305042520942956e-05,0.14764317928264992,5.40806521052964e-06,419
3.9,0.1,1.7000000000000002,0.023237378520168165,0.0,0.05403394649079419,-10.04481962642152,-9.939527309181349,-9.652816919482726,-1.8580607147288657e-05,0.14554985658341224,2.57089335570848e-06,420
4.1,0.1,1.7000000000000002,0.020342176644330818,0.0,0.05821175450785093,-10.073381808671089,-9.937396290786303,-9.613599645258043,1.8388623436924956e-05,0.1361429716419169,6.7107255562297305e-06,421
4.3,0.1,1.7000000000000002,0.016726246722513074,0.0,0.06201262910000911,-10.100646837365042,-9.935279411244009,-9.575750218852797,2.822975038210541e-05,0.11834890197780108,9.84221322995401e-06,422
4.500000000000001,0.1,1.7000000000000002,0.012452209823783778,0.0,0.06517327082300944,-10.124265541413491,-9.933439068390008,-9.542929800534052,2.1589268852358175e-05,0.09209141740523372,6.016579050882324e-06,423
4.7,0.1,1.7000000000000002,0.007647000385659081,0.0,0.06744756177598767,-10.141696705883406,-9.932065743452316,-9.51863201138072,9.524969007189105e-06,0.05856255819828535,7.189502635809416e-06,424
4.9,0.1,1.7000000000000002,0.0024958270341330397,0.0,0.06864492950673592,-10.150987158989906,-9.931328581942479,-9.505655750720216,-1.5140046405282918e-06,0.02014775014381106,7.6062852461450065e-06,425
5.1000000000000005,0.1,1.7000000000000002,-0.002775369066434333,0.0,0.06866149611330347,-10.150927317100784,-9.931295713506834,-9.505551250430699,-2.067802811654499e-07,-0.020006546970664448,4.211359787400988e-06,426
5.3,0.1,1.7000000000000002,-0.00792642676271747,0.0,0.06749675711071594,-10.141640256904667,-9.931994208224054,-9.518330784212834,1.4044144091795089e-06,-0.05843183539552966,6.159294311023394e-07,427
5.5,0.1,1.7000000000000002,-0.012732390834686205,0.0,0.06525396780558262,-10.124203317377756,-9.933328750436543,-9.542440434802979,7.025532013820894e-06,-0.09196596690951031,-3.551393345017222e-06,428
5.699999999999999,0.1,1.7000000000000002,-0.01700783858632905,0.0,0.06212233307537883,-10.100556137142316,-9.935121884665547,-9.5750532861876,1.4795174851915373e-05,-0.1182793496160493,-2.971629616920845e-06,429
5.9,0.1,1.7000000000000002,-0.020626283491135104,0.0,0.05834677246558829,-10.073325226818394,-9.937202767436805,-9.612688610363351,1.5145507058181743e-05,-0.13615986439505837,2.3545081803466386e-06,430
6.1000000000000005,0.1,1.7000000000000002,-0.023524503828155716,0.0,0.054190237439029,-10.04471195658894,-9.939301836811646,-9.651797227467021,1.837089279858729e-05,-0.1456708226322039,7.2855989462001e-06,431
6.3,0.1,1.7000000000000002,-0.025698653710623628,0.0,0.04989745658071806,-10.017083622119323,-9.94131055871515,-9.6894691714543,2.1991722273774308e-05,-0.14786940467493542,7.052639879297605e-06,432
6.5,0.1,1.7000000000000002,-0.02718993671918147,0.0,0.04566969324473189,-9.991513724558201,-9.943010922508085,-9.723540887979732,1.602731748127796e-05,-0.14443862956626285,8.114635656809353e-06,433
6.700000000000001,0.1,1.7000000000000002,-0.028066557283430386,0.0,0.04165240079612902,-9.968941204597096,-9.944394408754231,-9.753030839171304,8.012037945766315e-06,-0.13719536193865245,1.0619382247122234e-05,434
6.9,0.1,1.7000000000000002,-0.02840657828863314,0.0,0.037935691462559346,-9.949170958943375,-9.945379761935456,-9.777727850736428,8.878379253863318e-07,-0.12778064153230542,1.9093891255276532e-05,435
7.1,0.1,1.7000000000000002,-0.02828583304508192,0.0,0.034558479241136406,-9.932205314797383,-9.946055450900676,-9.798071939708269,-5.945970057596054e-06,-0.11763402134993779,2.120564470707822e-05,436
7.299999999999999,0.1,1.7000000000000002,-0.027771503797146484,0.0,0.031528085092928745,-9.917387751247972,-9.946404576209252,-9.814635129795212,-1.437491903012044e-05,-0.10725271782813477,-6.562587602190258e-06,437
7.5,0.1,1.7000000000000002,-0.026917440271372342,0.0,0.02883341075721155,-9.90436331727555,-9.946525644384147,-9.828264904647835,9.027893939093958e-06,-0.09727402550983322,-5.6274805312301496e-06,438
7.700000000000001,0.1,1.7000000000000002,-0.025767578001972012,0.0,0.026447818443054914,-9.892845277776,-9.946513819343522,-9.839723818938765,7.954375353016063e-06,-0.087922804196279,-1.9218536884541136e-07,439
7.9,0.1,1.7000000000000002,-0.024357480273761195,0.0,0.024344809974226448,-9.882548918641538,-9.946385250847111,-9.849377335596627,3.556393263096399e-06,-0.07899098271175899,6.511093352967149e-06,440
8.100000000000001,0.1,1.7000000000000002,-0.02271550173029489,0.0,0.022497751037849237,-9.87315864062657,-9.946156712334203,-9.857624921047313,7.165346488184038e-06,-0.0706327339716094,3.267496144685152e-05,441
8.299999999999999,0.1,1.7000000000000002,-0.02086728028322769,0.0,0.020882825471734562,-9.864918082502145,-9.945947564779322,-9.8648197413915,-1.166411208154537e-05,-0.06257245465706696,2.9851652222082443e-05,442
8.5,0.1,1.7000000000000002,-0.018837022002248682,0.0,0.01948289916364133,-9.857541926703476,-9.945715990616405,-9.871038026380743,-3.876263017849055e-06,-0.05478396914372107,2.2866356513684318e-05,443
8.700000000000001,0.1,1.7000000000000002,-0.016646233742615875,0.0,0.018282746835940104,-9.851077310594293,-9.945484158283694,-9.876343480821193,-1.0435898487861373e-05,-0.047218673848854434,1.3507240996894412e-05,444
8.9,0.1,1.7000000000000002,-0.0143171195379403,0.0,0.01727202114676846,-9.845591697850097,-9.94528532581452,-9.88083493122574,-2.1816088172148418e-05,-0.03974458361958379,-2.0900781255931106e-05,445
9.100000000000001,0.1,1.7000000000000002,-0.011871699624560448,0.0,0.016441571883084476,-9.841027035676083,-9.94512923206023,-9.884619124622196,-9.919334645878358e-06,-0.032419543823956364,-2.75650761682564e-05,446
9.3,0.1,1.7000000000000002,-0.009331603076126948,0.0,0.015782893964804697,-9.837438908777854,-9.945019036822606,-9.887656275343208,2.2881374067874036e-06,-0.025181679649771575,-4.521539087318438e-06,447
9.499999999999998,0.1,1.7000000000000002,-0.006717906358724875,0.0,0.015292092499769318,-9.83467267429337,-9.944915092389644,-9.889902787652021,1.7177619671227555e-06,-0.017947642196051015,5.398501566889638e-06,448
9.700000000000001,0.1,1.7000000000000002,-0.004051463273111298,0.0,0.014967084468175263,-9.832873917497894,-9.944849913349811,-9.891375649248333,-4.7509282003943877e-07,-0.010731455298827122,6.139435521477006e-06,449
9.9,0.1,1.7000000000000002,-0.0013539130120813502,0.0,0.014804699488873948,-9.831967214280622,-9.944800804369883,-9.892036807571099,1.1499676775022478e-07,-0.0036092698161077903,7.622027199757757e-07,450
0.1,0.1,1.9,0.001437014428440911,0.0,0.015894299281464446,-9.825350533663409,-9.945105165720694,-9.900175294954417,-5.983490543481708e-07,0.00400718697428603,-9.819000151078245e-06,451
0.3,0.1,1.9,0.0043005512078547765,0.0,0.0160716917193883,-9.826248722543733,-9.945135402986828,-9.8994282924047,-2.351784014442051e-06,0.012006837101525971,-2.7928988943805215e-05,452
0.5,0.1,1.9,0.007132178216164445,0.0,0.01642952448493058,-9.828121113884839,-9.945215427379344,-9.897956023020651,-1.6497425875067885e-05,0.020098195066172594,-2.0326934035596644e-05,453
0.7,0.1,1.9,0.009911085983985195,0.0,0.01697199092875032,-9.830851178732967,-9.945333234540765,-9.895814993982011,-1.0129396210063487e-05,0.02825031774541895,3.2466306735637684e-06,454
0.9,0.1,1.9,0.012615996366437602,0.0,0.017698653693143943,-9.834563095627336,-9.94550028412588,-9.89293832501086,2.0326319729493056e-05,0.03630538357390912,1.2332874047073484e-05,455
1.1,0.1,1.9,0.015225666371265408,0.0,0.018615294841429524,-9.83912163045372,-9.945677734148912,-9.88926704029988,8.382835782119748e-06,0.04463055759349629,1.7410827365747756e-05,456
1.3,0.1,1.9,0.01771639951876245,0.0,0.01973015271778908,-9.844943345939607,-9.945965587265878,-9.884884590391051,-2.7558969443466797e-05,0.05290568713007095,1.2511034841518115e-05,457
1.5,0.1,1.9,0.020067272823612734,0.0,0.02105126524796723,-9.851336605572131,-9.946213861561317,-9.879732702243455,-2.131153955215986e-05,0.06144954104347808,1.1926140188268238e-05,458
1.6999999999999997,0.1,1.9,0.022257143842742248,0.0,0.02259182537913532,-9.858968762951088,-9.946577251111933,-9.873917492606163,-2.3660985921341177e-05,0.07010123478581982,1.0025364022944454e-05,459
1.9,0.1,1.9,0.024261992923327744,0.0,0.02436800225048287,-9.867429384821403,-9.94689449040703,-9.867043067214654,-4.5459235818066124e-05,0.07908202887763854,1.8895008705474463e-05,460
2.0999999999999996,0.1,1.9,0.02605789605795579,0.0,0.02640110653162683,-9.877030252331606,-9.947243966741745,-9.859189581377988,-9.382572405004667e-06,0.08836161080190079,1.9883484253186062e-05,461
2.3,0.1,1.9,0.027620124013155025,0.0,0.028721451784660148,-9.887517625222737,-9.947529161444342,-9.850128181996745,1.708112970730117e-05,0.09840852064358405,4.048722058779098e-06,462
2.5000000000000004,0.1,1.9,0.028921169625054068,0.0,0.03136380729423805,-9.89933438991871,-9.947750609349033,-9.839418656827032,3.2085167277859006e-05,0.10903373339258114,2.4328627245674778e-05,463
2.7,0.1,1.9,0.02992790602457221,0.0,0.0343664482687151,-9.912212468983446,-9.947687636258381,-9.8262257123096,4.31647312196919e-05,0.12059763747064643,4.3690556246165675e-05,464
2.9000000000000004,0.1,1.9,0.030595127531866478,0.0,0.037775519513881556,-9.92735681975709,-9.94748688012476,-9.810077580864135,2.5128096262830142e-05,0.1331150749957514,3.119996956667179e-05,465
3.0999999999999996,0.1,1.9,0.030863868550501133,0.0,0.041625886678950084,-9.944561249405798,-9.946829782332559,-9.789587662257844,5.2290534497836745e-06,0.1460064876905896,1.1297928673814942e-05,466
3.3,0.1,1.9,0.03065656470432799,0.0,0.045930848036384204,-9.965332622880176,-9.945792740204382,-9.763631078142678,-2.7822420988254893e-05,0.1586065430726085,-2.2500888894780765e-06,467
3.5,0.1,1.9,0.029877165558687885,0.0,0.05066485217896312,-9.989550467945353,-9.944135939467335,-9.731129229397288,-2.3840514931798348e-05,0.16941722879093138,-2.499076785837397e-06,468
3.7,0.1,1.9,0.028417723288651896,0.0,0.05573821089915459,-10.01826394277524,-9.942047578062251,-9.691973947537221,-2.2177502473223292e-05,0.17624084886414035,1.3318607242386288e-06,469
3.9,0.1,1.9,0.026173728783172524,0.0,0.0609845144897585,-10.050212917825318,-9.939420973518704,-9.64689194976928,-1.1184333151275455e-05,0.1764314914229331,-1.5490970082184317e-06,470
4.1,0.1,1.9,0.02306994618479742,0.0,0.06615332610550266,-10.084480946559033,-9.936611358625482,-9.598575846569437,1.448611835931086e-05,0.1673609150884906,8.800391866838479e-07,471
4.3,0.1,1.9,0.019086395312183414,0.0,0.07092143301602094,-10.117851503262399,-9.93373485648736,-9.550822779175363,1.3165990128046003e-05,0.147222101427434,6.517019879952016e-06,472
4.500000000000001,0.1,1.9,0.014282092046483386,0.0,0.0749296665746225,-10.147501799428687,-9.931233393049062,-9.508665165817726,1.796523556629526e-05,0.11566017642349051,3.512897497814516e-06,473
4.7,0.1,1.9,0.008804551710954765,0.0,0.077836061536717,-10.169517388047533,-9.929299031438976,-9.476977769153564,7.1554316619953295e-06,0.07405182337541394,2.8055552763340734e-06,474
4.9,0.1,1.9,0.002884520280323546,0.0,0.07937230730556233,-10.181424543899851,-9.928275013642494,-9.459950524313486,-1.3333185970599863e-06,0.025580245192519543,6.600973037509466e-06,475
5.1000000000000005,0.1,1.9,-0.0031902906386092715,0.0,0.0793908603561385,-10.181348414212119,-9.928232299989574,-9.45981308573689,7.689071100645972e-07,-0.02534930251097965,3.3967036433008934e-06,476
5.3,0.1,1.9,-0.009110618717330835,0.0,0.07789110815570581,-10.16950227577322,-9.92923005523095,-9.476648000382813,-6.564129639820869e-07,-0.07387477126102877,-5.343109449696875e-07,477
5.5,0.1,1.9,-0.014589245362319932,0.0,0.07501977957130124,-10.147421486017887,-9.93111146856866,-9.50813585682672,2.701492029318271e-07,-0.11555056119401357,8.083979262924619e-07,478
5.699999999999999,0.1,1.9,-0.01939554411334672,0.0,0.07104412475718606,-10.11783460138675,-9.933594983355821,-9.550140315398213,1.539224831992179e-07,-0.1472297607166983,6.537405456800641e-06,479
5.9,0.1,1.9,-0.02338168719690722,0.0,0.06630470610070993,-10.084385014052081,-9.93642529009622,-9.597741436429727,6.227298293950221e-06,-0.1674571490655175,1.2505448121580423e-05,480
6.1000000000000005,0.1,1.9,-0.026487861395281104,0.0,0.06115926997621275,-10.050112543302365,-9.939207614328325,-9.64592552834024,1.3064495318449263e-05,-0.1766189281111658,9.022022064120273e-06,481
6.3,0.1,1.9,-0.028733503889907263,0.0,0.05593002117928997,-10.018021048512345,-9.941780472608842,-9.690881314533046,7.96521528064714e-06,-0.17656298512936536,2.231676784430163e-06,482
6.5,0.1,1.9,-0.030193760983066968,0.0,0.050869164070567345,-9.98931662909797,-9.943869039285511,-9.730028567330338,-6.287663823362443e-06,-0.16981478535705405,9.50669945566265e-06,483
6.700000000000001,0.1,1.9,-0.030972040730316414,0.0,0.04614421516305713,-9.964889526486584,-9.945478195092877,-9.762501448978831,-9.27775667174188e-06,-0.15907907203692387,1.793505127415436e-05,484
6.9,0.1,1.9,-0.031175927393620025,0.0,0.041843283249121524,-9.944110967347767,-9.946528099830957,-9.788529531813234,-1.0299067397813509e-05,-0.14650784569155326,2.8223875874328663e-05,485
7.1,0.1,1.9,-0.03090063956721631,0.0,0.03799090034970737,-9.926611289692469,-9.947137486660468,-9.809076143616098,-6.433427050261312e-06,-0.13368983670278828,2.350723071593865e-05,486
7.299999999999999,0.1,1.9,-0.030224419823838476,0.0,0.03457414034693406,-9.911530497298983,-9.94736344799592,-9.825286742697411,-2.5949998339555727e-05,-0.12125589572792936,-8.257965320935809e-06,487
7.5,0.1,1.9,-0.02920700955483582,0.0,0.03156024648053994,-9.898390488795465,-9.947350099568892,-9.838360009055158,-3.2211496940135885e-05,-0.1097132643455876,-3.810264414460813e-06,488
7.700000000000001,0.1,1.9,-0.02789292165890892,0.0,0.02890539343472477,-9.886583960690693,-9.947137414332849,-9.849103110989788,-1.7506824142340057e-05,-0.099087855903573,-1.3666948441894998e-06,489
7.9,0.1,1.9,-0.02631579404319808,0.0,0.026571580692206203,-9.875975352898129,-9.946850158701466,-9.858275440614651,-1.276350681422147e-05,-0.08904810215559554,1.3742822492640488e-06,490
8.100000000000001,0.1,1.9,-0.024502784440992922,0.0,0.024523793304859653,-9.866273615994073,-9.946490246890072,-9.866177618461936,6.5839047277595265e-06,-0.07970694800505737,1.3069210185411878e-05,491
8.299999999999999,0.1,1.9,-0.022479327628655402,0.0,0.02273355291077679,-9.857745338481232,-9.946159041290919,-9.873049867989685,-9.944950255218483e-07,-0.07063833229745453,1.5949235901740352e-06,492
8.5,0.1,1.9,-0.02026978952315809,0.0,0.02118029786320681,-9.850102617146783,-9.94583264569302,-9.879060611324437,1.0453635368971029e-07,-0.06194445143194785,1.3151192278890516e-05,493
8.700000000000001,0.1,1.9,-0.01789564326585462,0.0,0.01984744337515676,-9.843400427050225,-9.94553644357574,-9.88428179084545,3.0197095633201303e-06,-0.05336752160755031,1.9547158340300687e-05,494
8.9,0.1,1.9,-0.01537955645763648,0.0,0.018724265384706843,-9.837745484451666,-9.945291035235657,-9.888709691732744,-4.312010693398635e-06,-0.04493045415126314,-1.0847019573070584e-05,495
9.100000000000001,0.1,1.9,-0.012744279434445772,0.0,0.017800324550685642,-9.832997437430281,-9.945067658722895,-9.89234085620076,-7.882542087875888e-07,-0.036656070972732796,-2.380114023797268e-05,496
9.3,0.1,1.9,-0.010011998256706608,0.0,0.01706698527962461,-9.829275323531544,-9.944907919768696,-9.895264275311895,-3.3676641167014926e-06,-0.028468104392300877,-1.0987225262256497e-05,497
9.499999999999998,0.1,1.9,-0.007204568012318584,0.0,0.01652014714898549,-9.826442536650163,-9.944780834690123,-9.897461636816704,-3.6780364349817574e-06,-0.020272895130715323,-8.446215828066392e-06,498
9.700000000000001,0.1,1.9,-0.004343641726177813,0.0,0.016158147203053454,-9.824617594331558,-9.944708719793498,-9.898926004652315,1.9569900042180082e-07,-0.012124448098345605,-1.2807885121816618e-05,499
9.9,0.1,1.9,-0.0014513323367448614,0.0,0.01597781893754737,-9.823732552904554,-9.944682304666344,-9.899678970433039,6.756342679904651e-07,-0.004053978975076976,-8.005716521344734e-06,500
0.1,0.1,2.0999999999999996,0.0015473328166582495,0.0,0.01686934559301756,-9.815956334883824,-9.944904042469286,-9.908563877476718,-1.0297989196796094e-07,0.00446938636711417,-5.194877296007299e-06,501
0.3,0.1,2.0999999999999996,0.004630977614279618,0.0,0.01706517959117387,-9.816923707741054,-9.944957324137615,-9.907862912961473,-2.087291908952896e-06,0.013427375071340501,-4.651653249987861e-05,502
0.5,0.1,2.0999999999999996,0.007681705513365423,0.0,0.017460087290274803,-9.818843615386037,-9.945052980006304,-9.90642128465452,-1.674444899113736e-05,0.022499195890427495,-8.571371239636798e-06,503
0.7,0.1,2.0999999999999996,0.010679632397830914,0.0,0.01805600536450162,-9.82155956617091,-9.945181477240878,-9.904347820044373,-1.6676371244603195e-05,0.031520787940665755,2.2515101621005553e-05,504
0.9,0.1,2.0999999999999996,0.01360328353147226,0.0,0.01885477029630004,-9.825371888689768,-9.94539621008502,-9.901609161744275,3.078501822834396e-06,0.04064408117968186,9.649176718445472e-06,505
1.1,0.1,2.0999999999999996,0.016429660681175844,0.0,0.019863607584314456,-9.830097162190944,-9.945621090524654,-9.898008290441748,-2.369614594547885e-06,0.04993981558570381,7.988437906280268e-06,506
1.3,0.1,2.0999999999999996,0.01913445468501392,0.0,0.021089320478531372,-9.836085568493525,-9.94597416568024,-9.893785259908576,-1.1063341536402755e-05,0.05929944554649881,-1.697324989681472e-05,507
1.5,0.1,2.0999999999999996,0.021695878689952902,0.0,0.02253912222718384,-9.842740010356392,-9.946307267512116,-9.888796327213765,-1.5560199548577854e-05,0.06877450651805701,-1.4598101848892176e-05,508
1.6999999999999997,0.1,2.0999999999999996,0.024090615796460154,0.0,0.024227723600790802,-9.850771442452036,-9.94677682286115,-9.883112671851167,-6.775848173529998e-06,0.0785042983218115,-1.1876553200418148e-05,509
1.9,0.1,2.0999999999999996,0.02629350392382894,0.0,0.02617428682164707,-9.85965836502773,-9.947246481843827,-9.876574044192056,-3.4615439033849684e-06,0.08850189215094115,-3.478035263946618e-05,510
2.0999999999999996,0.1,2.0999999999999996,0.02827942328555182,0.0,0.02840140565709483,-9.869891899895672,-9.947813679643025,-9.869176498319984,2.623984937649825e-06,0.09880261328521825,-2.7669447872519645e-05,511
2.3,0.1,2.0999999999999996,0.030026578332325474,0.0,0.030939538173547748,-9.880605433625956,-9.948288671255412,-9.860837922648614,3.894917077017941e-05,0.10972527423782005,-1.4340648865579463e-05,512
2.5000000000000004,0.1,2.0999999999999996,0.03150984680481355,0.0,0.03383428167915015,-9.89290395461375,-9.948836768048142,-9.85127988562797,2.8353143512210173e-05,0.12169985057246914,2.7869842558806673e-06,513
2.7,0.1,2.0999999999999996,0.03269665302595966,0.0,0.037142052093485714,-9.906066738491207,-9.949053557772158,-9.839201050370418,9.805628417960554e-06,0.13484353674225852,2.0264104884215582e-05,514
2.9000000000000004,0.1,2.0999999999999996,0.03354397090612893,0.0,0.04092451186567625,-9.92148920827056,-9.949115301458674,-9.824087299020821,3.216774138966706e-05,0.14936284443494677,1.6613429153217935e-05,515
3.0999999999999996,0.1,2.0999999999999996,0.03399204224338354,0.0,0.04524663293857966,-9.938900105798291,-9.948597706590524,-9.80408842715511,7.632657079006927e-06,0.16528015232018023,6.52575169805875e-06,516
3.3,0.1,2.0999999999999996,0.03395494269612797,0.0,0.050157028715699804,-9.960369051511664,-9.947580796612096,-9.777534931549528,-3.087119229924058e-05,0.18188554907439852,-7.6225567700468945e-06,517
3.5,0.1,2.0999999999999996,0.03331601335197528,0.0,0.055660755928819215,-9.986142932353095,-9.9456959436857,-9.74233678608158,-1.187872856803048e-05,0.197416856264749,-1.059205116159408e-05,518
3.7,0.1,2.0999999999999996,0.03193167327718256,0.0,0.061685524732366194,-10.01803250391887,-9.943113074221023,-9.69753286718745,-6.0205210855704855e-06,0.20909425253474165,5.359811717410993e-06,519
3.9,0.1,2.0999999999999996,0.029647802957569958,0.0,0.06804846259064579,-10.055173904143762,-9.939748500754689,-9.643568599630914,4.715198872616818e-06,0.21316892652635314,2.140665462493452e-06,520
4.1,0.1,2.0999999999999996,0.026338000942345976,0.0,0.07443927127431599,-10.096376466255773,-9.935965381652403,-9.583450442007315,1.3228815533426587e-05,0.20565243798822466,-2.745479151630952e-06,521
4.3,0.1,2.0999999999999996,0.02194528671748454,0.0,0.08043224650982035,-10.137639515015355,-9.931980149843307,-9.522261234201817,8.756135271037494e-06,0.18347457162379763,-3.9389937416342625e-06,522
4.500000000000001,0.1,2.0999999999999996,0.016518085145033473,0.0,0.08553540896695336,-10.175072256349194,-9.928439100606573,-9.46712324668482,1.3455144420185958e-05,0.14561709480083432,-3.682769873892486e-06,523
4.7,0.1,2.0999999999999996,0.010228021299524815,0.0,0.08926939991143372,-10.203246314828492,-9.925677814441833,-9.425142757386597,-3.8074282043731715e-07,0.09386750010225875,1.7124677858673995e-06,524
4.9,0.1,2.0999999999999996,0.0033651714048113395,0.0,0.0912524495510482,-10.218577592569785,-9.924201975410254,-9.40243228448211,-5.8604475310893725e-06,0.032496927915888575,6.9814954545114315e-06,525
5.1000000000000005,0.1,2.0999999999999996,-0.003699021864942831,0.0,0.09127313657185429,-10.218512408485276,-9.924164947329535,-9.402312328163026,-2.2781454307122405e-06,-0.03225962029715259,7.615292424194738e-06,526
5.3,0.1,2.0999999999999996,-0.010562537430012365,0.0,0.08933084041966431,-10.203260851796868,-9.925613450960787,-9.424806403008272,-5.110673786664613e-07,-0.09364403450410425,-3.0772268039988516e-06,527
5.5,0.1,2.0999999999999996,-0.016854074899223654,0.0,0.08563570755515908,-10.174989275957689,-9.928307583277677,-9.466548640431448,1.5579033698842473e-06,-0.14542716448593074,-3.899403291821649e-06,528
5.699999999999999,0.1,2.0999999999999996,-0.0222836655388344,0.0,0.08056822212959938,-10.137652906325668,-9.931841772571328,-9.521555956537247,-1.1317213424616597e-06,-0.1833346686680785,9.769695482874188e-06,529
5.9,0.1,2.0999999999999996,-0.026678944525175607,0.0,0.07460651216759705,-10.096251390473075,-9.93576551642939,-9.582576191674667,7.695633096438677e-06,-0.2056286821236785,1.3613519667030492e-05,530
6.1000000000000005,0.1,2.0999999999999996,-0.02999050205447417,0.0,0.06824131131140361,-10.05501500974258,-9.939519743429457,-9.642583707405727,1.1539957293931702e-05,-0.21328277162891465,6.563081751000098e-06,531
6.3,0.1,2.0999999999999996,-0.03227574799647249,0.0,0.06189745934074735,-10.017795263075332,-9.942841738855911,-9.696413431205313,-8.344187431136878e-06,-0.20933612844338065,-4.3615192401319914e-06,532
6.5,0.1,2.0999999999999996,-0.03366085956731783,0.0,0.05588608750259028,-9.985880737288237,-9.945402695259105,-9.741132739008384,-1.4282937844652852e-05,-0.19774174572418932,-9.688265607065763e-06,533
6.700000000000001,0.1,2.0999999999999996,-0.03429756119812467,0.0,0.05038999974023633,-9.959824356130401,-9.947239735837865,-9.776374323059741,-1.22363688275015e-05,-0.18232053660704325,1.7934010302797347e-06,534
6.9,0.1,2.0999999999999996,-0.034328950130364605,0.0,0.04548158932533141,-9.938300500511861,-9.948270087867694,-9.803049938832437,-1.6982282696376722e-05,-0.16580068968423578,8.179738059930167e-06,535
7.1,0.1,2.0999999999999996,-0.033872159491927116,0.0,0.04115565931392678,-9.920636670141468,-9.948736781662738,-9.82304723817784,3.2871754168679053e-08,-0.15000060905882745,-4.822305432971993e-06,536
7.299999999999999,0.1,2.0999999999999996,-0.033014574395835175,0.0,0.037365125622947304,-9.905332196303837,-9.948703506303115,-9.838185335228593,-5.321935274655276e-06,-0.13548236140565828,-3.586859508926673e-05,537
7.5,0.1,2.0999999999999996,-0.03181659621271875,0.0,0.03404681678368614,-9.891965679747948,-9.948431578893143,-9.850192214723545,-2.7877729972762803e-05,-0.12241796569020079,-4.258253422910562e-05,538
7.700000000000001,0.1,2.0999999999999996,-0.030320246452761632,0.0,0.03113668674613356,-9.879711555817522,-9.94794774363932,-9.860027162395856,-1.5259847581845106e-05,-0.11055359195453246,-4.0089038477220306e-05,539
7.9,0.1,2.0999999999999996,-0.028555967404543477,0.0,0.028581634395492085,-9.868610649445133,-9.947418414127478,-9.868481421198037,-1.0159593708519385e-05,-0.09952722948395513,-1.6475618185989243e-05,540
8.100000000000001,0.1,2.0999999999999996,-0.026549423902503682,0.0,0.026339150751884897,-9.858446070405746,-9.946868160388737,-9.875894731543577,-8.929743909109864e-06,-0.08911618713903094,9.833389812713635e-06,541
8.299999999999999,0.1,2.0999999999999996,-0.024325630943999484,0.0,0.024378641072911645,-9.849472701593049,-9.946369477593588,-9.882374686391538,-6.9416687105578315e-06,-0.07903795677630202,-8.100365541640418e-06,542
8.5,0.1,2.0999999999999996,-0.021909488154066382,0.0,0.02267545134338138,-9.841446364006584,-9.945903643409848,-9.888071853048785,5.424673672391715e-06,-0.06933828762289067,-7.693188686861253e-06,543
8.700000000000001,0.1,2.0999999999999996,-0.019323687391317915,0.0,0.02121114463324726,-9.83447413272255,-9.945521453201394,-9.893133133301104,8.135698561116561e-06,-0.0597365871825516,4.481340969234378e-06,544
8.9,0.1,2.0999999999999996,-0.016591662721672132,0.0,0.019976617153141557,-9.828559828969102,-9.945194311985594,-9.897411730964624,-2.2157828419134174e-06,-0.05022617901206017,-6.894977236887874e-07,545
9.100000000000001,0.1,2.0999999999999996,-0.01373795223508559,0.0,0.018960615041138742,-9.823763412669036,-9.944950052175152,-9.900986848223205,-8.615570838320164e-07,-0.040948236520453825,-6.68452196604724e-06,546
9.3,0.1,2.0999999999999996,-0.01078562870665967,0.0,0.018153340564603358,-9.819895221755374,-9.944750996107699,-9.903859758782826,-6.463998600801996e-06,-0.03176946333697569,-1.4884509719606668e-05,547
9.499999999999998,0.1,2.0999999999999996,-0.007757390238146524,0.0,0.01755120351595288,-9.817113730183282,-9.944627338102004,-9.906022960342959,-4.609268429486969e-06,-0.022642003728787115,-1.157649637591588e-05,548
9.700000000000001,0.1,2.0999999999999996,-0.00467566915461258,0.0,0.01715277423392332,-9.815209393601284,-9.944526706078989,-9.907424136809995,4.901289587076141e-07,-0.01351222794490053,8.160769942534164e-07,549
9.9,0.1,2.0999999999999996,-0.001562018237762407,0.0,0.016954457822179133,-9.814306900093145,-9.944479026431198,-9.908088232068467,2.661095522198591e-07,-0.004533747240841691,1.2873290132751359e-05,550
0.1,0.1,2.3,0.0016710376394560753,0.0,0.017625873174953885,-9.80542030067686,-9.944678779572271,-9.917973597188231,-1.0451009873946083e-06,0.004951586301138724,-2.6804215910130455e-05,551
0.3,0.1,2.3,0.005002064060212754,0.0,0.017840497431245876,-9.8063704684778,-9.94471400578216,-9.917199560436393,-1.3575552820102215e-06,0.014867971496867584,-3.9901989092953e-05,552
0.5,0.1,2.3,0.008300260919326887,0.0,0.018271300511924448,-9.808316307229486,-9.944835979517512,-9.915863590379503,-6.072028450813277e-06,0.024856960896855754,-2.4255860958682725e-05,553
0.7,0.1,2.3,0.01154665412244313,0.0,0.01891915996982659,-9.810942370518276,-9.944960361196536,-9.91385943548112,-1.9657129783424672e-06,0.03486955860630747,5.416961367246621e-06,554
0.9,0.1,2.3,0.014718574417812812,0.0,0.019788800024672613,-9.814885205481014,-9.94520899753817,-9.911159782231646,6.188824899104565e-07,0.04507791788883679,8.905233072397444e-06,555
1.1,0.1,2.3,0.017792615139737657,0.0,0.02088799528363666,-9.819614519867494,-9.945465940992289,-9.907715185115674,4.344437444984701e-06,0.055421576645065224,5.387566545923942e-06,556
1.3,0.1,2.3,0.02074462221554662,0.0,0.022222044873083692,-9.825713325678727,-9.945873966858018,-9.903656508608957,1.615971129608567e-05,0.06589062153999437,2.5844640643451325e-06,557
1.5,0.1,2.3,0.02354912211978079,0.0,0.023799152597152203,-9.83273810137897,-9.946307807755817,-9.898800937422406,1.0241595625242696e-05,0.07650451973319491,-5.9961865081698115e-06,558
1.6999999999999997,0.1,2.3,0.026179580805511624,0.0,0.025634916213757186,-9.841258056315619,-9.94691361467138,-9.893310017047673,2.6531815617889715e-05,0.08735215632593844,-2.419936101439294e-05,559
1.9,0.1,2.3,0.028610693897702683,0.0,0.02774827281597675,-9.850560021999886,-9.947519026108493,-9.887035108540502,4.23073767488568e-05,0.09842386033077165,-4.000099623966847e-05,560
2.0999999999999996,0.1,2.3,0.03081631768792511,0.0,0.030162118905737306,-9.861501157702023,-9.948352273514075,-9.88026020986598,2.12644636550524e-05,0.10992370545682965,-3.114825454576685e-05,561
2.3,0.1,2.3,0.032771981068710127,0.0,0.03290837798609466,-9.872976743491547,-9.94908920061046,-9.872469259567156,4.190892399477575e-05,0.12185482512236413,-5.553186151919328e-06,562
2.5000000000000004,0.1,2.3,0.034453006685374536,0.0,0.03603981841596539,-9.88593433267643,-9.949926959555368,-9.863700465098297,6.284693748170837e-06,0.13485968524720063,7.474798210944637e-06,563
2.7,0.1,2.3,0.03583348522379608,0.0,0.03962788240243434,-9.899464513942593,-9.95053935999357,-9.853232286022903,-4.621321677340769e-05,0.14928011120701956,-1.8289994408971916e-06,564
2.9000000000000004,0.1,2.3,0.036876989604295904,0.0,0.04375824670863562,-9.915110862250586,-9.95099337288874,-9.839856002199111,2.56968364710136e-07,0.16583263424921157,-1.6103700033040736e-05,565
3.0999999999999996,0.1,2.3,0.03752708714431984,0.0,0.04853282559202922,-9.932520150769603,-9.950790608422695,-9.821432891341713,-4.155012106751177e-06,0.18475295748491943,-2.4569232402871295e-05,566
3.3,0.1,2.3,0.037695403532467704,0.0,0.05405021387009432,-9.954184196762865,-9.949946562281037,-9.795548614639952,-4.3669050207236655e-05,0.20575619125733313,-2.360958693582685e-05,567
3.5,0.1,2.3,0.03724620954503018,0.0,0.06037325654596114,-9.981122611741641,-9.947938172908367,-9.758568252802819,-2.4807472521700368e-05,0.22738742161337988,-1.1817481147929049e-05,568
3.7,0.1,2.3,0.03599352436169082,0.0,0.06747220052587467,-10.016057539798592,-9.944845904590755,-9.708171983152935,8.913398836246348e-07,0.2459751406757509,5.134710935049818e-07,569
3.9,0.1,2.3,0.03371968967413873,0.0,0.07516352615623506,-10.058800410490262,-9.940504925685527,-9.643724217935091,6.4192077797428604e-06,0.2563160111009796,2.6709893413433225e-06,570
4.1,0.1,2.3,0.030223838484845056,0.0,0.08307198641807376,-10.108421173550658,-9.935373922364692,-9.568448438270416,1.1390417281143586e-05,0.2522965663355832,-2.3473312918046606e-06,571
4.3,0.1,2.3,0.025387151910993864,0.0,0.09063540125502197,-10.159823910315376,-9.929805196872266,-9.489202074044135,1.470502394627759e-05,0.22880573223372816,-3.795730874237545e-06,572
4.500000000000001,0.1,2.3,0.019235186221343504,0.0,0.09717263502330441,-10.207399363350833,-9.924719942785757,-9.416200350575771,1.3875418680286341e-05,0.18379327505005458,5.965518303287201e-07,573
4.7,0.1,2.3,0.011968402037270617,0.0,0.1020039540252339,-10.243643287020854,-9.920723481795916,-9.359974121961805,-1.4702179056010662e-06,0.1193723997970221,2.0666822422202216e-06,574
4.9,0.1,2.3,0.003955444950556651,0.0,0.10458310385434302,-10.2634314212993,-9.918559738562237,-9.329367271508925,-1.276515088962822e-05,0.04148363222320143,6.548365794766601e-06,575
5.1000000000000005,0.1,2.3,-0.004320450013224767,0.0,0.1046059327224471,-10.26334592510401,-9.918514248538415,-9.329225317585827,-6.722742278590007e-06,-0.041204997887539195,8.006737369138726e-06,576
5.3,0.1,2.3,-0.01233373392031597,0.0,0.10207192354397925,-10.243638537324,-9.920653948430438,-9.359631204825684,-9.72887876336498e-07,-0.11911601316654367,-2.1929586084999813e-06,577
5.5,0.1,2.3,-0.019601726096019168,0.0,0.09728338341639116,-10.207307480851886,-9.924590142581282,-9.415643232052302,4.254315328554042e-06,-0.18361868235962298,-3.494436458633993e-06,578
5.699999999999999,0.1,2.3,-0.025756313506067274,0.0,0.0907851954066662,-10.159861347179959,-9.929668225071417,-9.488479778179906,6.7872815299151755e-06,-0.22874480050497306,5.167088619961344e-06,579
5.9,0.1,2.3,-0.030595768064450916,0.0,0.08325573248275663,-10.108283603703743,-9.935163525816868,-9.56753402537837,9.459792080382194e-06,-0.252370296047949,4.772257109107442e-06,580
6.1000000000000005,0.1,2.3,-0.03409296809861024,0.0,0.07537451589683675,-10.05859787720849,-9.940264999453719,-9.642727120057755,2.0495963995202293e-05,-0.2565095064615269,8.775970770333809e-07,581
6.3,0.1,2.3,-0.03636678943014926,0.0,0.06770360638569524,-10.015740955818048,-9.944573028310145,-9.707124185730455,4.990977873476337e-06,-0.246271888224224,-4.281880725528494e-06,582
6.5,0.1,2.3,-0.03761817602799214,0.0,0.060618912048866935,-9.980775146609062,-9.94765329676542,-9.757491337215475,5.0568240085133954e-06,-0.2277245587677654,-1.7876146654051888e-05,583
6.700000000000001,0.1,2.3,-0.038063587325931646,0.0,0.05430187448968968,-9.953617897492737,-9.949616811937611,-9.794466162193064,8.504850808049447e-06,-0.20628457171850248,-1.2349848466913828e-05,584
6.9,0.1,2.3,-0.03788777412335387,0.0,0.048783441720575055,-9.931808163535429,-9.950464938569326,-9.820516529313528,-9.292574364418189e-06,-0.18529351860180937,-2.646848394818133e-06,585
7.1,0.1,2.3,-0.03722795008343895,0.0,0.044004057422728324,-9.91431078961785,-9.950655649384828,-9.83896745730895,-2.4065615599983054e-06,-0.16644062850618954,-1.683680734380835e-05,586
7.299999999999999,0.1,2.3,-0.03617350434612582,0.0,0.03986527791637892,-9.898671742895194,-9.950204099871028,-9.852348756456951,-1.6811495786926432e-05,-0.14994281369298448,-3.8468107384224314e-05,587
7.5,0.1,2.3,-0.034779347319958166,0.0,0.03626520315635061,-9.884917256973814,-9.949565750861463,-9.862911497336153,-2.3626437720119442e-05,-0.1355103420707229,-4.0462855369673285e-05,588
7.700000000000001,0.1,2.3,-0.03308180988249032,0.0,0.03311593436634728,-9.871893681426673,-9.94871663092593,-9.871689473200052,5.985177861799258e-06,-0.12252267508132238,-3.387989650469462e-05,589
7.9,0.1,2.3,-0.03110738270097175,0.0,0.03035031420855646,-9.860213678882808,-9.947937474218762,-9.879473692213697,1.9540677938921905e-05,-0.11049630770153733,-4.698206345631901e-06,590
8.100000000000001,0.1,2.3,-0.02888102072128574,0.0,0.02792000807328169,-9.849312799869823,-9.947134906380132,-9.886361732033611,8.298515281830521e-06,-0.09905424687939807,2.47218554614061e-05,591
8.299999999999999,0.1,2.3,-0.0264273446289527,0.0,0.025792376672432296,-9.839829767074477,-9.946501503032835,-9.89267774808679,1.2065711526087774e-06,-0.08786966329626753,9.49369890522489e-06,592
8.5,0.1,2.3,-0.023772128212938486,0.0,0.023941020947908204,-9.831309930950635,-9.945916229220611,-9.898271215155564,1.3914294211326907e-05,-0.07705756665525215,-7.055410292965158e-06,593
8.700000000000001,0.1,2.3,-0.020941617697042503,0.0,0.02234789095288188,-9.82418262846617,-9.945458960935666,-9.903112176209575,1.1445474822771203e-05,-0.06630262239606005,-1.5035598070198823e-06,594
8.9,0.1,2.3,-0.0179622160023388,0.0,0.021003742074113145,-9.818027545124052,-9.945052879592708,-9.907236852841965,2.729527752251037e-06,-0.05572051425390263,9.672560660697054e-07,595
9.100000000000001,0.1,2.3,-0.014858802784506483,0.0,0.019896383277851298,-9.813176603730486,-9.944787967670562,-9.910763234620024,3.9269139978848465e-06,-0.04541076734149069,8.885692184770451e-06,596
9.3,0.1,2.3,-0.011656713866055306,0.0,0.019017012336443838,-9.80931653436554,-9.944557113655511,-9.91346903392018,-2.742273280828941e-07,-0.03515766316109025,-3.7267334271953513e-06,597
9.499999999999998,0.1,2.3,-0.008379199530882732,0.0,0.018361650684448626,-9.806484287031315,-9.944387398019334,-9.915452703062593,-1.019441632739359e-06,-0.025048617900849435,-2.5641254884243175e-05,598
9.700000000000001,0.1,2.3,-0.005048567144919258,0.0,0.01792785808302349,-9.804603360514216,-9.9442784914452,-9.91678909670927,-1.2179968098673835e-07,-0.014920109266135054,-1.393583836247584e-05,599
9.9,0.1,2.3,-0.0016863285949473054,0.0,0.017711936960468272,-9.803711235489796,-9.94424280651395,-9.917502797082069,5.21130261994123e-09,-0.0050058967031396525,6.230654061368597e-06,600
0.1,0.1,2.5,0.0018082690097111398,0.0,0.01814064611046935,-9.793676276611972,-9.944373618147008,-9.928191814137387,-3.7824891127636083e-06,0.0053991296922421715,-8.523975765741693e-06,601
0.3,0.1,2.5,0.005414713361955446,0.0,0.01837299033392814,-9.794575105081725,-9.944431258668018,-9.927581188272889,-2.5189026141139214e-06,0.01631163567415908,-1.5230184318076718e-05,602
0.5,0.1,2.5,0.00899040795633938,0.0,0.018837626384359388,-9.79641585867648,-9.944547789541257,-9.92632308903893,-2.5502240320776608e-08,0.02724003739645585,-2.189162614892028e-05,603
0.7,0.1,2.5,0.012516033163171856,0.0,0.019535698434550056,-9.798999738548018,-9.944681524676135,-9.924407884843745,9.043817560974989e-07,0.03828229129149332,-1.3194411028832666e-05,604
0.9,0.1,2.5,0.01596833799550608,0.0,0.020474152354742647,-9.802943835971424,-9.944970035691856,-9.921906342496804,-3.643918515392977e-06,0.0495711071621936,-4.458820756888384e-06,605
1.1,0.1,2.5,0.01932476655522536,0.0,0.021659834422817784,-9.807583458493077,-9.94524957517257,-9.91866441737864,4.1540709989124194e-06,0.06103685213650945,2.06112939993837e-05,606
1.3,0.1,2.5,0.022559995996989164,0.0,0.02309943052859191,-9.813759075999803,-9.94571228679397,-9.914802357971165,8.834568873150923e-06,0.07271739759520052,4.206993047036595e-05,607
1.5,0.1,2.5,0.025646080829992975,0.0,0.02480250222419351,-9.820958964732405,-9.946215091676626,-9.910116493659535,-4.46383662778945e-07,0.08460527895980309,2.5961363943495784e-05,608
1.6999999999999997,0.1,2.5,0.02855168264313364,0.0,0.026783351126508606,-9.83010805895439,-9.94700396266391,-9.904911754362525,9.991369428412674e-06,0.09678694207477082,6.838950320715244e-07,609
1.9,0.1,2.5,0.031249354329302325,0.0,0.029059913118940527,-9.839855415744083,-9.94775699921611,-9.898929580337416,3.747997854942946e-05,0.10913259447385842,-2.7613603269330545e-05,610
2.0999999999999996,0.1,2.5,0.033710756021490366,0.0,0.03165440588915518,-9.851610847236687,-9.948832103053608,-9.892549668032403,1.697983826728311e-05,0.12173839221581656,-4.153609617598845e-05,611
2.3,0.1,2.5,0.03590468567051838,0.0,0.03460189617224645,-9.864325838052777,-9.949952674206326,-9.885437532976022,3.723245528161281e-06,0.134858194463571,-6.427262352721849e-06,612
2.5000000000000004,0.1,2.5,0.03780385534085508,0.0,0.037956002543435494,-9.878634573598557,-9.9512951137571,-9.877840995187592,-1.8910522987047044e-05,0.14882333578419393,2.6148032509970865e-05,613
2.7,0.1,2.5,0.03938934679386308,0.0,0.04179432183070708,-9.89296345823581,-9.952430641174205,-9.8691897476363,-5.789046145340086e-05,0.16427196213288367,1.3224101592467466e-05,614
2.9000000000000004,0.1,2.5,0.04063596251286542,0.0,0.046231010359621336,-9.909125623635203,-9.953544494885485,-9.858596850789933,-1.8496761295024193e-05,0.18238430128985292,-1.2845364978434289e-05,615
3.0999999999999996,0.1,2.5,0.041498333254021955,0.0,0.0514129229570758,-9.926519385150845,-9.953962580013531,-9.84329351491746,-1.8591509888735667e-05,0.20399089198057868,-2.1250709806531187e-05,616
3.3,0.1,2.5,0.041896585711285905,0.0,0.05750684073592505,-9.947767837734803,-9.95352310308843,-9.819847677708282,-4.71285102118518e-05,0.22985800569335846,-6.404037672794196e-06,617
3.5,0.1,2.5,0.04168597777538898,0.0,0.0646688182822821,-9.974860042996744,-9.951559324511818,-9.782936579568474,-1.8014745008606494e-05,0.25897097577549805,9.521080122119606e-07,618
3.7,0.1,2.5,0.04063601357640343,0.0,0.07295623124075037,-10.012143399844383,-9.947944199084182,-9.7275775955772,1.9520836616490677e-05,0.2872455161676368,-5.146288477964955e-06,619
3.9,0.1,2.5,0.03844504704821133,0.0,0.08222163259403867,-10.060694917567085,-9.942312393276893,-9.65086704881863,1.4358025375215174e-05,0.30738934072163643,-3.88043732076021e-06,620
4.1,0.1,2.5,0.03480352771972829,0.0,0.09202682577685031,-10.120340308804263,-9.935241429848368,-9.555866840438675,2.3727660421043195e-06,0.3098622471833325,-7.314755081967106e-06,621
4.3,0.1,2.5,0.029496556901490854,0.0,0.10162557379864283,-10.18443944747499,-9.92727920566101,-9.451956580830949,-2.436652316571042e-08,0.2862566819089338,-1.6492943570713657e-06,622
4.500000000000001,0.1,2.5,0.022509387403526367,0.0,0.11006299882383376,-10.244936960957812,-9.91979214039132,-9.354023740999969,-7.204443761280665e-06,0.23281160707340848,7.3858761427375064e-06,623
4.7,0.1,2.5,0.014077825267768978,0.0,0.11636482856574401,-10.291340375764747,-9.913812777651291,-9.277723512497667,-1.2764090017752789e-05,0.15227311740276583,7.833739985273523e-06,624
4.9,0.1,2.5,0.0046744182118896895,0.0,0.11974598506694102,-10.316699993079473,-9.910553763779518,-9.236068825819064,-1.1523860275145868e-05,0.05309460254305315,8.035963026235544e-06,625
5.1000000000000005,0.1,2.5,-0.0050720203669217465,0.0,0.11977104877768222,-10.316620296811045,-9.910511317947563,-9.235936292927295,-3.3205531956712653e-06,-0.05273256046177573,2.9036915244339816e-06,626
5.3,0.1,2.5,-0.014475968308066136,0.0,0.11643914257693312,-10.291358956112518,-9.91375297599768,-9.277405923877126,-4.395495693083642e-06,-0.15195671979251688,1.910060391540547e-06,627
5.5,0.1,2.5,-0.022908681044318837,0.0,0.11018409171488922,-10.244818376765068,-9.919653955632453,-9.353451401398042,-7.696230479565289e-06,-0.23255574506154533,3.23151269938875e-06,628
5.699999999999999,0.1,2.5,-0.02989799988406648,0.0,0.10178924664994969,-10.184455565674266,-9.927141257895942,-9.451250723811247,-6.1471884322264735e-06,-0.28604939401413,5.225691249001084e-06,629
5.9,0.1,2.5,-0.03520697797375341,0.0,0.092226880649502,-10.120156760716544,-9.935032252714944,-9.555004502858887,-4.95344055937758e-07,-0.30977483887490753,5.40067975416261e-06,630
6.1000000000000005,0.1,2.5,-0.038848854181829796,0.0,0.08245073158055674,-10.060452931346292,-9.942064924158617,-9.649871689447949,1.8602172086784166e-05,-0.30744301967351856,2.0454903766738215e-06,631
6.3,0.1,2.5,-0.041038418282642375,0.0,0.07320641665468966,-10.011732445548638,-9.947644452308127,-9.726489815992844,1.600738325174272e-05,-0.2874644247635996,-1.524811763439718e-06,632
6.5,0.1,2.5,-0.042084903685014705,0.0,0.064932830111233,-9.974374910128885,-9.951253343907943,-9.781891809411603,1.7230816796375964e-05,-0.25929477892852254,-8.342415699282803e-06,633
6.700000000000001,0.1,2.5,-0.04228987052622103,0.0,0.05777540468645401,-9.947170080541838,-9.953208798259608,-9.818873910757233,2.215541412052293e-05,-0.23039373384386774,-6.34692736171496e-06,634
6.9,0.1,2.5,-0.04188290585766533,0.0,0.05167790190218509,-9.925732398396606,-9.953614062527905,-9.84233791424891,-7.159993659359193e-06,-0.20463389485806965,-1.7677474384440602e-06,635
7.1,0.1,2.5,-0.041009569461900354,0.0,0.046490510149977425,-9.90826996022511,-9.953184592226702,-9.85765300091436,-1.1837942219438809e-05,-0.1829890150806873,-1.4866847643693969e-05,636
7.299999999999999,0.1,2.5,-0.03974982053312465,0.0,0.04204310907598384,-9.892021742597814,-9.952093189835308,-9.868444206595417,-2.1291613082225425e-05,-0.16499471070323574,-1.61523244621762e-05,637
7.5,0.1,2.5,-0.03814667114266233,0.0,0.038189288217996414,-9.877386850457407,-9.950920844832083,-9.877217373708861,-2.5359312834982964e-05,-0.14946777405672865,-1.0927337747218111e-05,638
7.700000000000001,0.1,2.5,-0.03622694636556498,0.0,0.034818191247782765,-9.863113425149018,-9.949567753135693,-9.88472534054602,2.7020097564520233e-06,-0.1355554725896643,-1.635673819341881e-05,639
7.9,0.1,2.5,-0.03401340795966777,0.0,0.031851754422412414,-9.85043135423052,-9.948440138042615,-9.891769335988684,1.9436414510465013e-05,-0.12242044787343229,-1.4548156634940006e-05,640
8.100000000000001,0.1,2.5,-0.03153249232746987,0.0,0.02923848507969806,-9.838629693357147,-9.94738007406667,-9.898270676982303,2.6718375253950252e-05,-0.10977478975038894,-1.7941662904053078e-05,641
8.299999999999999,0.1,2.5,-0.028810281234583037,0.0,0.026944911651352554,-9.828419698748855,-9.946548666205416,-9.904323632294654,1.7762001631850525e-05,-0.09730513043585821,-1.2583171875090237e-05,642
8.5,0.1,2.5,-0.02587675821667645,0.0,0.024947570496167457,-9.819460427593887,-9.945804368216816,-9.90956141349607,8.30366853723437e-06,-0.08512653920244548,-2.446812967238324e-06,643
8.700000000000001,0.1,2.5,-0.0227637716171373,0.0,0.02322852070990165,-9.812220650954817,-9.945293384056976,-9.914246269346627,1.0889428482565474e-05,-0.07315691094278831,-6.240619949458325e-06,644
8.9,0.1,2.5,-0.019500902650315236,0.0,0.02177639826438416,-9.806000050249933,-9.944855673353977,-9.918278316525777,8.01238725149272e-06,-0.06138363339632341,-1.0262556234759896e-05,645
9.100000000000001,0.1,2.5,-0.016113437192407914,0.0,0.020580308339878332,-9.801068178495155,-9.944523385804576,-9.921548750544344,3.9562484427614365e-06,-0.049869705971511614,1.576514448321406e-05,646
9.3,0.1,2.5,-0.012628567171430596,0.0,0.01963231154426474,-9.797321300581524,-9.944283912577768,-9.924098262307195,2.1592206397578904e-06,-0.03848425241470698,1.4249637574347925e-05,647
9.499999999999998,0.1,2.5,-0.009071124588616891,0.0,0.018926447323086817,-9.79461516682398,-9.9441214035643,-9.925991851013915,3.510686854442434e-07,-0.027367608900197293,-1.9586998361419735e-05,648
9.700000000000001,0.1,2.5,-0.005462880208954305,0.0,0.018459069314710686,-9.792797413960269,-9.944004331486209,-9.927224243487162,-1.1236267372456925e-06,-0.016303869704413932,-1.9223186552489923e-05,649
9.9,0.1,2.5,-0.0018242888505331002,0.0,0.018226256586517872,-9.791919042252596,-9.943949331280667,-9.927827614156783,-1.6237158324963736e-06,-0.00547245772360395,-6.111012199507016e-06,650
0.1,0.1,2.7,0.0019589455388749656,0.0,0.018391002141403906,-9.780769514763175,-9.94402246026523,-9.939342786577154,-4.647688921069698e-06,0.005823853179193547,-8.364190742272994e-06,651
0.3,0.1,2.7,0.0058685435959481376,0.0,0.01863817093621369,-9.781501351811368,-9.944063221878304,-9.93881475759436,-3.0215306484206095e-06,0.017624659873524396,-2.8328189490743016e-05,652
0.5,0.1,2.7,0.009751139320794295,0.0,0.019133644195446685,-9.783176840205153,-9.94418248165855,-9.937735568096517,3.6125421159133134e-06,0.029456958121264008,-1.415112709234844e-05,653
0.7,0.1,2.7,0.01358704282422849,0.0,0.019879483104463146,-9.785637003075603,-9.944316647660102,-9.935946235236225,3.2890365801838022e-06,0.041523411004809545,-1.3597403536976845e-05,654
0.9,0.1,2.7,0.017353973832185336,0.0,0.020881724970802963,-9.78936142557866,-9.944613429353248,-9.933705721196405,6.4434959587089625e-06,0.05386229129613577,-1.7156133283785075e-06,655
1.1,0.1,2.7,0.02103099041987399,0.0,0.022148212531641405,-9.793765635595237,-9.94490852697722,-9.930776999300305,4.121590260280546e-06,0.0665481951309231,1.5847925112331625e-05,656
1.3,0.1,2.7,0.02459158280628125,0.0,0.023688653960482444,-9.799813040563311,-9.945404761849854,-9.927210768687146,1.1161271381891333e-05,0.07962695304323386,1.6347745334485263e-05,657
1.5,0.1,2.7,0.02800548738130572,0.0,0.025514232177848938,-9.807014138137097,-9.945953430336841,-9.922753013556347,1.4823417953634437e-06,0.09305372310204904,4.850961184044429e-05,658
1.6999999999999997,0.1,2.7,0.03123668619955714,0.0,0.02763833890162669,-9.816480373769615,-9.946827307670578,-9.917656164580686,-8.684337148886075e-06,0.1068042954135971,3.9412572725999e-05,659
1.9,0.1,2.7,0.034251631584884916,0.0,0.03007669543578314,-9.82683657552516,-9.947727276559204,-9.911799807271782,9.505192899249298e-06,0.12073158654484176,-1.7113713464641337e-05,660
2.0999999999999996,0.1,2.7,0.03701466091642236,0.0,0.032850474575701144,-9.839707213761953,-9.949081094390284,-9.905698258190284,-1.5090262339128937e-05,0.1348522065558512,-2.4016133500971323e-05,661
2.3,0.1,2.7,0.03948799274340887,0.0,0.03599411413864072,-9.853829559906153,-9.950583119237592,-9.899086036279835,-3.454141960305341e-05,0.1493414729606052,2.2355257985998482e-05,662
2.5000000000000004,0.1,2.7,0.04163965408562356,0.0,0.039557390776226095,-9.869903299329945,-9.952471744098284,-9.892455421162515,-4.5164074903673816e-05,0.16435987430742638,6.163145744061331e-05,663
2.7,0.1,2.7,0.043447350010515334,0.0,0.043618346912257695,-9.88630652692377,-9.954381434828553,-9.88560064722016,-4.576611577302167e-05,0.18062803951318776,4.8141801297000905e-05,664
2.9000000000000004,0.1,2.7,0.044894113421766066,0.0,0.048308788029291956,-9.903928382244272,-9.956430902882955,-9.878226132167836,-2.216444426318694e-05,0.1995664448505273,5.5419439372962064e-06,665
3.0999999999999996,0.1,2.7,0.04595934114853346,0.0,0.05382137381860505,-9.921609845879411,-9.957890774181935,-9.86784402503104,-3.6786094060657595e-05,0.22300705966557702,-1.204379696349164e-05,666
3.3,0.1,2.7,0.04658944727459157,0.0,0.060412784168752634,-9.942184864616854,-9.958419149424131,-9.849910882504966,-4.982355014494925e-05,0.2531763533202496,-3.6419517352202374e-06,667
3.5,0.1,2.7,0.046649183936978554,0.0,0.06837665062307782,-9.968219276350357,-9.956958366534117,-9.816572556326037,-1.3615949740158887e-05,0.2906530286791335,-2.0959802730705886e-06,668
3.7,0.1,2.7,0.0458752915081032,0.0,0.07793222698299108,-10.006199650603644,-9.95296799106828,-9.758640304738456,1.6386010102825862e-05,0.33176672410736735,-7.901067594385316e-07,669
3.9,0.1,2.7,0.04386138527037216,0.0,0.08904350200999635,-10.060421970963805,-9.945833793007528,-9.6687469940747,-1.6045587306958751e-06,0.36670035513219246,-3.278283895357765e-07,670
4.1,0.1,2.7,0.04013841344850217,0.0,0.10122942538109672,-10.131715923350304,-9.936037268712205,-9.548470420211366,-1.6904521472281988e-05,0.38041298251724137,-3.521472054155738e-06,671
4.3,0.1,2.7,0.03434349691076159,0.0,0.1134931851883686,-10.211757719684247,-9.924510177021908,-9.410793165426538,-2.4807404010236095e-05,0.3587500134508091,-2.0283700347799817e-06,672
4.500000000000001,0.1,2.7,0.026398219453666445,0.0,0.12447229485413204,-10.28818228505122,-9.913271862098023,-9.278177025439627,-3.374442304518763e-05,0.29528072905462815,6.509920256695592e-06,673
4.7,0.1,2.7,0.01659050012380455,0.0,0.13275536745342947,-10.346636324974412,-9.904186545402467,-9.174296402044103,-2.3702018369475897e-05,0.19412687924563615,1.599745859948547e-05,674
4.9,0.1,2.7,0.005532968052353013,0.0,0.13721701350971507,-10.37825817105092,-9.899179222679159,-9.117637942346205,-1.0431413116416146e-05,0.0677869021901176,9.400817239116286e-06,675
5.1000000000000005,0.1,2.7,-0.005963788290459442,0.0,0.1372445103756638,-10.37817025215132,-9.899128935557345,-9.117474425636326,-3.0673601311631533e-06,-0.06734126404948397,-2.192009972890923e-06,676
5.3,0.1,2.7,-0.017021815627604346,0.0,0.13283638888324326,-10.346636826078692,-9.904111426614785,-9.17392030699617,-5.69153692653095e-06,-0.1937335744787411,1.1131505785601936e-06,677
5.5,0.1,2.7,-0.026830166899523465,0.0,0.12460420966587117,-10.287996402485792,-9.91310809972122,-9.277544096121176,-1.1279293629918865e-05,-0.29492210445900185,2.336581741622964e-06,678
5.699999999999999,0.1,2.7,-0.03477645748493896,0.0,0.1136712232116006,-10.211678217545662,-9.924332239211239,-9.409982978516313,-1.6416051056314148e-05,-0.3585460680818013,2.545723505259645e-06,679
5.9,0.1,2.7,-0.04057244588922995,0.0,0.10144596395411361,-10.131485606875284,-9.935799344741987,-9.54751111683566,-1.645019546856888e-05,-0.38037541485545734,4.003293144580165e-06,680
6.1000000000000005,0.1,2.7,-0.04429458091011593,0.0,0.0892906721982519,-10.060072321796538,-9.945556098618836,-9.667708171298418,-1.26167826451059e-06,-0.36678758588717714,6.416048548823975e-06,681
6.3,0.1,2.7,-0.04630627382080205,0.0,0.078200989196577,-10.00579567328505,-9.952674574478008,-9.75757719910602,9.26790607572449e-06,-0.3320431923324918,1.2243057502925611e-06,682
6.5,0.1,2.7,-0.047074965522016295,0.0,0.0686576807527485,-9.967564121710936,-9.956623876123556,-9.815555258907839,1.66957728867653e-05,-0.29105423243463663,-6.4526315029068114e-06,683
6.700000000000001,0.1,2.7,-0.04700732597263782,0.0,0.06069705717691483,-9.941508226244327,-9.958088623227868,-9.848934889895954,2.054426863527378e-05,-0.2537192421630487,-5.721837092846412e-06,684
6.9,0.1,2.7,-0.04636783444049852,0.0,0.05410120232805647,-9.920816758170776,-9.95753286895031,-9.866847586586632,1.7273040839070828e-07,-0.22363036010830878,-6.22443361861006e-06,685
7.1,0.1,2.7,-0.045289286096837786,0.0,0.04858041728850419,-9.902894172054282,-9.956062628486654,-9.877418970384937,-7.866911750317827e-06,-0.2001741700409666,-7.405092949237517e-06,686
7.299999999999999,0.1,2.7,-0.04382508658991455,0.0,0.04387593126020496,-9.885157124983925,-9.954017036342046,-9.884928056743087,1.0332643874490657e-06,-0.18134703126546517,-3.2426993142527887e-06,687
7.5,0.1,2.7,-0.041997887028459926,0.0,0.039797231755605615,-9.868674413073613,-9.952094315302801,-9.891797163446013,-3.2348974221087246e-06,-0.16501787924216796,-8.524542156108971e-06,688
7.700000000000001,0.1,2.7,-0.03982485868594357,0.0,0.036216942295583754,-9.852518583835717,-9.950196399604271,-9.898463414202554,-5.783488654068695e-06,-0.1500204624382533,-1.6038399983535115e-05,689
7.9,0.1,2.7,-0.03732949484921537,0.0,0.033054516337641913,-9.838427726152602,-9.948715628554703,-9.905150416626633,-1.785627922927699e-07,-0.1354949623100275,-2.299049040163354e-05,690
8.100000000000001,0.1,2.7,-0.03454392109416739,0.0,0.030259476602554222,-9.825523622927568,-9.947387442151445,-9.911413587835861,6.075139685524825e-06,-0.12133446978969303,-4.240558979955952e-05,691
8.299999999999999,0.1,2.7,-0.03150244755394244,0.0,0.02780169390935917,-9.814802529340827,-9.94640674052179,-9.917231173284954,1.162665298223051e-06,-0.10723291122771288,-2.7932299490600166e-05,692
8.5,0.1,2.7,-0.02824263307474021,0.0,0.02566113645805415,-9.805504377993138,-9.945569803112699,-9.922344637576598,-7.351412989936892e-06,-0.09352370817750416,8.982086607359074e-06,693
8.700000000000001,0.1,2.7,-0.024801125498527657,0.0,0.023819266055153974,-9.79828940501923,-9.945028081760245,-9.926851003798742,7.454791030726541e-07,-0.08006059855387633,-4.352005710914497e-07,694
8.9,0.1,2.7,-0.021211713807343723,0.0,0.022263851569815085,-9.792116413186356,-9.944520975306153,-9.93048846335023,7.77879625434009e-06,-0.0669042879132463,-2.1793271497761176e-05,695
9.100000000000001,0.1,2.7,-0.017502286575064807,0.0,0.020984701898360672,-9.787442332615246,-9.94418105736699,-9.933462954236251,6.4701501227047556e-06,-0.05414363753743203,9.910374054534508e-06,696
9.3,0.1,2.7,-0.013701201247543836,0.0,0.019972334923787426,-9.78389630177613,-9.94393603430149,-9.935783869731269,6.383961453241975e-06,-0.0417496017425701,2.095728488007239e-05,697
9.499999999999998,0.1,2.7,-0.009832587159324061,0.0,0.01921979468432493,-9.781420207965601,-9.943774864454603,-9.937454114323572,2.9532034719932308e-06,-0.029592132640935465,-1.245489651740263e-05,698
9.700000000000001,0.1,2.7,-0.005917753656747131,0.0,0.01872251435760526,-9.77974253062005,-9.94364221672701,-9.938468553031118,-8.727662697891021e-07,-0.017605879496975355,-1.321498002007209e-05,699
9.9,0.1,2.7,-0.001975556599444065,0.0,0.0184740101736974,-9.778973329065899,-9.943612089655067,-9.939087119215444,-1.90818699285336e-06,-0.005922657956547536,1.609144811871453e-05,700
0.1,0.1,2.9000000000000004,0.0021221407221823805,0.0,0.018354765197384954,-9.766758913788195,-9.943612270057848,-9.951302436504134,-3.1945283027900798e-06,0.00617401534631619,-3.5464558969253775e-05,701
0.3,0.1,2.9000000000000004,0.006360039801496153,0.0,0.01861403325835473,-9.767327474300899,-9.943645106363983,-9.950898057522277,-1.2599583923451575e-06,0.018750514411296257,-2.1126832626013896e-05,702
0.5,0.1,2.9000000000000004,0.010576091399015913,0.0,0.01913567064540937,-9.76870919252965,-9.943749566995988,-9.95003864247222,4.022551602971514e-06,0.03141405391861244,-7.3975655964476224e-06,703
0.7,0.1,2.9000000000000004,0.014753505052395127,0.0,0.019922671912344786,-9.77078748118298,-9.943892527222133,-9.94867515494376,-6.957898517884878e-07,0.044454476941236984,-1.1330229487078144e-05,704
0.9,0.1,2.9000000000000004,0.01887161234463623,0.0,0.02098134271938628,-9.774071511875599,-9.944166865312164,-9.946762814707277,3.055658427829271e-06,0.05788641987197353,6.550432244346031e-06,705
1.1,0.1,2.9000000000000004,0.022910152665594395,0.0,0.02232003207707203,-9.778017058383504,-9.944453979911383,-9.944252841194936,6.524711743508859e-07,0.07180641691253445,4.082180568379696e-06,706
1.3,0.1,2.9000000000000004,0.02684268558773942,0.0,0.023952707564182222,-9.783671047279473,-9.944965961525968,-9.941158760347665,-3.924545269014418e-06,0.08633586614183678,-6.6309846994768594e-06,707
1.5,0.1,2.9000000000000004,0.030638488459182524,0.0,0.025893719927442327,-9.790476771400614,-9.94551312732263,-9.937088865234822,-4.427512219990226e-06,0.10143650959691437,3.0485213275262587e-05,708
1.6999999999999997,0.1,2.9000000000000004,0.034258425212636945,0.0,0.028156663788590997,-9.799795660783284,-9.946440636653334,-9.93240752248943,-3.787967064067541e-06,0.11713782503061311,2.6158416546862252e-05,709
1.9,0.1,2.9000000000000004,0.037659568242918585,0.0,0.03075572387806191,-9.810705515587351,-9.947509400801245,-9.926841488416244,-2.157440839085559e-05,0.13314919253822918,-1.454032833978397e-05,710
2.0999999999999996,0.1,2.9000000000000004,0.04079335729468631,0.0,0.03370994303564141,-9.824759411665772,-9.949127097388706,-9.920876075275492,-2.7815064136546528e-05,0.14939053707113342,2.3970396796082308e-06,711
2.3,0.1,2.9000000000000004,0.04361189044056501,0.0,0.03704969048800258,-9.840500611586345,-9.951005348604367,-9.914526131441354,-1.1103881633622407e-05,0.16586050091355997,2.5977497059098226e-05,712
2.5000000000000004,0.1,2.9000000000000004,0.04607122398393707,0.0,0.04081694234889001,-9.859075743755511,-9.953528852512772,-9.908568518805899,-3.036900211234116e-05,0.18239349451152392,3.742416917591037e-05,713
2.7,0.1,2.9000000000000004,0.048134592289696944,0.0,0.04508185937960059,-9.878917180594115,-9.956430839871453,-9.903237018760699,-2.240847453685547e-05,0.19952407735862526,4.251370971119222e-05,714
2.9000000000000004,0.1,2.9000000000000004,0.04978354830022869,0.0,0.049975220389240675,-9.899882889352535,-9.959800576985852,-9.899119995583025,-4.4901014998851215e-06,0.21868576758875116,-1.0863972945020223e-06,715
3.0999999999999996,0.1,2.9000000000000004,0.05101949604783362,0.0,0.0557190008082793,-9.91984044697677,-9.962931967872029,-9.894819392381223,-2.1008370119082632e-05,0.24237441504065582,-2.0960441574801222e-05,716
3.3,0.1,2.9000000000000004,0.05183621359183368,0.0,0.06266526663854903,-9.940291343078295,-9.965266750194907,-9.886042407893973,-2.26177944299581e-05,0.2750310367114224,-8.541486834990281e-06,717
3.5,0.1,2.9000000000000004,0.05215060822343294,0.0,0.07129853420934873,-9.963996837477305,-9.96521713349675,-9.862088830009654,-1.6867316727467379e-06,0.32060633219942153,-1.3731965215241874e-05,718
3.7,0.1,2.9000000000000004,0.05170023742087457,0.0,0.08211876733671045,-10.00014277795598,-9.961389723479469,-9.806805839439036,4.846904840506708e-06,0.3779849397142385,-5.461413621830964e-07,719
3.9,0.1,2.9000000000000004,0.04996342959509813,0.0,0.09534991593002595,-10.05846680978044,-9.952493222891043,-9.703999304672589,-1.4384351107105563e-05,0.4348784864169878,6.0897842295458865e-06,720
4.1,0.1,2.9000000000000004,0.04623952269456252,0.0,0.11053834837946362,-10.14308463663099,-9.938710235815226,-9.550466542442761,-2.2844678234480375e-05,0.46718552158517274,-9.996643288787754e-07,721
4.3,0.1,2.9000000000000004,0.039933152559535605,0.0,0.12633536929224998,-10.242714909778616,-9.921539831524953,-9.364984247843784,-1.630126871084645e-05,0.4500804284421642,-3.3212443956208187e-06,722
4.500000000000001,0.1,2.9000000000000004,0.03088139768206836,0.0,0.14073891236010694,-10.337405899004553,-9.904209267889202,-9.183640440439047,-2.797886387340466e-05,0.3733035668659206,-2.305879753167769e-06,723
4.7,0.1,2.9000000000000004,0.01947171295392195,0.0,0.15168207109199566,-10.407730855861397,-9.89006591017572,-9.04259869501983,-2.075246449079908e-05,0.2453072476673336,6.578564662440393e-06,724
4.9,0.1,2.9000000000000004,0.006513716757935543,0.0,0.157581406916832,-10.444457470931631,-9.882206853041426,-8.966576794273362,5.822666710688533e-06,0.08543926131945105,4.202569779665278e-06,725
5.1000000000000005,0.1,2.9000000000000004,-0.006978845852498942,0.0,0.15761123288714493,-10.444359180386726,-9.882162356524864,-8.966452602235575,5.8043936138742755e-06,-0.08492773204591003,-6.106030658308397e-06,726
5.3,0.1,2.9000000000000004,-0.019936973888892668,0.0,0.15176985582936273,-10.407716681506853,-9.889997362608826,-9.042270131535247,-4.984979537263813e-06,-0.2448587150580331,-5.110689264751157e-07,727
5.5,0.1,2.9000000000000004,-0.03134686559242886,0.0,0.14088165981057335,-10.337215000508515,-9.904053430456527,-9.183052151771916,-8.818069630183532e-06,-0.3729053971231996,3.0147865301723407e-06,728
5.699999999999999,0.1,2.9000000000000004,-0.04039854041399395,0.0,0.12652803939195525,-10.242551457910146,-9.921352694361824,-9.364212013901803,-1.3038283604142801e-05,-0.44978729324264943,-2.482809010908999e-07,729
5.9,0.1,2.9000000000000004,-0.046704557568582744,0.0,0.11077200816735797,-10.142801869585817,-9.938463468460297,-9.549515472713653,-1.7596752946275514e-05,-0.46705320601972616,2.047620499956033e-06,730
6.1000000000000005,0.1,2.9000000000000004,-0.050426173916072556,0.0,0.09561483756681685,-10.0580201057979,-9.952201901837656,-9.702989403388058,-1.4416525467222464e-05,-0.434905283035307,5.476748013324765e-06,731
6.3,0.1,2.9000000000000004,-0.052158658798905605,0.0,0.0824047022639354,-9.999648061153534,-9.961101329558831,-9.805858586638257,-8.861218250592826e-06,-0.3781874348452966,3.314113680733114e-06,732
6.5,0.1,2.9000000000000004,-0.052601244435963826,0.0,0.07159498273662966,-9.963209734230494,-9.9648705441774,-9.861142986653856,1.3089829128579513e-06,-0.3209547573110255,-3.1718464742365467e-06,733
6.700000000000001,0.1,2.9000000000000004,-0.052276398498842996,0.0,0.06296373752337062,-9.939524406409358,-9.964943033422136,-9.885190760699125,3.697614931117736e-06,-0.27547794527056974,-5.8251252543340036e-06,734
6.9,0.1,2.9000000000000004,-0.0514468434129675,0.0,0.05601155088385153,-9.9188679522963,-9.962585720387342,-9.894060649642851,4.3984382584329395e-06,-0.242899421483201,-1.2712480118376387e-06,735
7.1,0.1,2.9000000000000004,-0.05019433742068018,0.0,0.05025579250885791,-9.898783170322394,-9.959448971875826,-9.898461689059541,7.212096254837617e-06,-0.21920735525744342,-5.31153465675748e-07,736
7.299999999999999,0.1,2.9000000000000004,-0.04852626306716513,0.0,0.04534661527806831,-9.87769952238487,-9.956054061128556,-9.902570783255316,4.6606649977324574e-06,-0.20014521797500762,-7.860509976886014e-06,737
7.5,0.1,2.9000000000000004,-0.046443128761995266,0.0,0.04106300798527041,-9.85793622214879,-9.95318489539611,-9.90798825483409,-5.457044212285785e-06,-0.1830466764870863,-1.7732051291758864e-05,738
7.700000000000001,0.1,2.9000000000000004,-0.043962048772366306,0.0,0.03727607397090035,-9.839120121421011,-9.950646563381286,-9.914112695482695,-1.0802441917280209e-05,-0.16651564545782876,-1.6137715945034135e-05,739
7.9,0.1,2.9000000000000004,-0.04111754952486065,0.0,0.033916061294976874,-9.823203427232698,-9.948742585076578,-9.920509498152688,1.331902325007962e-06,-0.14999459906164098,-1.677473177145662e-05,740
8.100000000000001,0.1,2.9000000000000004,-0.03795667360832112,0.0,0.030939065075513448,-9.809269385514305,-9.94715154005643,-9.92648831477034,8.165012361676841e-06,-0.13375082984722933,-3.621647392241383e-05,741
8.299999999999999,0.1,2.9000000000000004,-0.03452873433213105,0.0,0.02831949274033352,-9.798286197575214,-9.946076809300267,-9.932097848923332,-3.982041329519494e-06,-0.11755834818852526,-2.726848678345224e-05,742
8.5,0.1,2.9000000000000004,-0.030881171703737956,0.0,0.026040023517882514,-9.788950936701832,-9.945150045541057,-9.93679929100599,-1.567742390980664e-05,-0.10190581756282656,8.831027913300615e-06,743
8.700000000000001,0.1,2.9000000000000004,-0.027056036674359515,0.0,0.024082579099915458,-9.781971619581109,-9.94455153003808,-9.940786030606297,-1.823651088075529e-05,-0.08673779693890062,4.791537057324851e-06,744
8.9,0.1,2.9000000000000004,-0.0230918041870208,0.0,0.022433191595022568,-9.776243186495439,-9.944041611237854,-9.943964869696968,-8.484908309196085e-06,-0.07214424902538928,-1.6198376087593474e-05,745
9.100000000000001,0.1,2.9000000000000004,-0.019020097850762543,0.0,0.02107946192798324,-9.772240581961281,-9.943766573442884,-9.94659228525025,9.665670687827207e-06,-0.05810932106972126,1.2204387092097702e-05,746
9.3,0.1,2.9000000000000004,-0.014868882451195262,0.0,0.020010714161620424,-9.769073542481785,-9.943507338050885,-9.948463147780865,1.2027359010478272e-05,-0.04461866942879715,3.396881483899655e-05,747
9.499999999999998,0.1,2.9000000000000004,-0.010659181519259877,0.0,0.019218330566909976,-9.766962070695856,-9.943350362698567,-9.949789742794222,7.033350504049651e-06,-0.03152156742306832,3.820016807376887e-06,748
9.700000000000001,0.1,2.9000000000000004,-0.006410444517123594,0.0,0.018695321690022134,-9.765555124043365,-9.943248597794907,-9.950687864928621,2.068725043861772e-06,-0.018764603911988857,-1.2753171441179766e-05,749
9.9,0.1,2.9000000000000004,-0.002139135318845713,0.0,0.018433326477915842,-9.764943872761757,-9.943215501923335,-9.951133636857163,-8.927946157759006e-07,-0.006316141158747047,1.0996057267270501e-05,750
0.1,0.1,3.0999999999999996,0.002296207455977311,0.0,0.01801357993968307,-9.751767928294255,-9.943127706855117,-9.96387060599534,-4.353091549424438e-06,0.006469980796463368,-2.467094920732992e-05,751
0.3,0.1,3.0999999999999996,0.006884462938415195,0.0,0.018281171687444465,-9.752154753645263,-9.943159459661969,-9.963642544678901,-5.140053256581046e-06,0.01965472316811683,2.2088336099569883e-05,752
0.5,0.1,3.0999999999999996,0.011457408026457398,0.0,0.018821492470854906,-9.753170464617346,-9.943266922555983,-9.963164148171611,-4.405572318399397e-06,0.033002591061827555,1.4835950215688502e-05,753
0.7,0.1,3.0999999999999996,0.016004488813705857,0.0,0.019638689668985184,-9.754508650869951,-9.943350294545299,-9.96224282186768,-7.666514635213175e-06,0.04681059513853406,1.1028707625022436e-06,754
0.9,0.1,3.0999999999999996,0.020509577821553927,0.0,0.020741536653656703,-9.7569941662314,-9.943597420309198,-9.960992935323635,5.492004733147961e-06,0.061295357152516945,1.5189564042195459e-05,755
1.1,0.1,3.0999999999999996,0.024952731435669902,0.0,0.022140437237218428,-9.760157447679656,-9.943832259877574,-9.959003851717132,2.806753569756643e-06,0.0764445857088717,2.3324812307799322e-05,756
1.3,0.1,3.0999999999999996,0.029307876623246028,0.0,0.02385144107579514,-9.765033021173243,-9.94432006465623,-9.956567302108834,-1.636414686906201e-05,0.09255913599114511,1.7376044304289334e-05,757
1.5,0.1,3.0999999999999996,0.03354726922303687,0.0,0.025892832046475692,-9.770845226705651,-9.944836012197836,-9.95333483429263,-1.0673535073818084e-05,0.10953467114164318,1.4439542822842479e-05,758
1.6999999999999997,0.1,3.0999999999999996,0.03763034629557939,0.0,0.0282819041941643,-9.77948765322429,-9.945774035696912,-9.949382525258073,3.4223836695939323e-06,0.1274548957646841,1.484642048704762e-05,759
1.9,0.1,3.0999999999999996,0.04150560264151872,0.0,0.031035896696742456,-9.79021343089167,-9.946886089082701,-9.944217014522645,-2.0927467066028928e-05,0.14607473842343058,4.183303815642545e-06,760
2.0999999999999996,0.1,3.0999999999999996,0.04511125731888383,0.0,0.034171969188740325,-9.804808917700532,-9.948635304909114,-9.938367606846013,-1.902110668642688e-05,0.16532088777197154,1.4346590930487075e-05,761
2.3,0.1,3.0999999999999996,0.04838106014100193,0.0,0.037713573060693416,-9.822157365042145,-9.950823281326281,-9.931959041586756,1.0750143316733778e-05,0.18480580074950145,3.078586190491987e-05,762
2.5000000000000004,0.1,3.0999999999999996,0.051245614763130456,0.0,0.041692240329340616,-9.843918647170236,-9.953985378742127,-9.92600824654148,-5.969756127592729e-06,0.20404907820797935,2.5235598692529134e-05,763
2.7,0.1,3.0999999999999996,0.05364001531935721,0.0,0.04616148260737498,-9.868431736825448,-9.957914525621687,-9.921140891283668,-1.2668345132729089e-05,0.22300830403635263,1.858038253038806e-05,764
2.9000000000000004,0.1,3.0999999999999996,0.05552255269837534,0.0,0.051228577302061415,-9.8955303309301,-9.962937411468234,-9.919156726408726,-1.1449178898765601e-06,0.2423759256625565,8.885703702765117e-06,765
3.0999999999999996,0.1,3.0999999999999996,0.05689094085783592,0.0,0.057106058695787686,-9.921987450762733,-9.96862388897601,-9.921131994118337,-2.0187526655906714e-06,0.26460021253347943,6.988600160534635e-06,766
3.3,0.1,3.0999999999999996,0.05779047892943208,0.0,0.06420610151457573,-9.945817972090458,-9.974155843226134,-9.92496124404069,2.698505969596058e-06,0.2960532323206183,3.6669468332674324e-06,767
3.5,0.1,3.0999999999999996,0.058246834391325636,0.0,0.07323474235927245,-9.96764812156322,-9.977351074813601,-9.919107252510674,4.9526558059583396e-06,0.3464088778481313,-1.1342393631177049e-05,768
3.7,0.1,3.0999999999999996,0.058083283062703675,0.0,0.08514351082158106,-9.99860768447384,-9.97527498318313,-9.877767231442654,-6.146613960267187e-07,0.42211773836493527,-2.0459771753272146e-06,769
3.9,0.1,3.0999999999999996,0.05668749191986787,0.0,0.10071280523517626,-10.057816346262756,-9.964839927494525,-9.76638329121069,-7.963585968522285e-06,0.5112955160711918,1.3528590753576689e-06,770
4.1,0.1,3.0999999999999996,0.05302064035943096,0.0,0.11971475667787762,-10.157984659452147,-9.94536560431134,-9.568843362105712,-3.137409846837683e-05,0.5741015639665445,-6.34029269929309e-08,771
4.3,0.1,3.0999999999999996,0.04611749183494978,0.0,0.14027418759365784,-10.2818509911179,-9.919186472342878,-9.314081370597588,-1.8782572887880957e-05,0.5638624010314244,1.5289318345887272e-06,772
4.500000000000001,0.1,3.0999999999999996,0.035736740595302144,0.0,0.15930604518999059,-10.394346335933951,-9.89188344203664,-9.065070874250269,-1.3362875171682942e-05,0.4660204118856282,-5.006810278981819e-06,773
4.7,0.1,3.0999999999999996,0.022504611165879186,0.0,0.17375136661518586,-10.469775566818727,-9.869498020365349,-8.877714535014272,-1.0260167232704106e-05,0.3020051529314163,-5.912213225867471e-06,774
4.9,0.1,3.0999999999999996,0.007525297529554423,0.0,0.1814888571930882,-10.505190270408153,-9.857094431570957,-8.78028188744763,1.7185357262103604e-05,0.10402378899051004,-2.3250019468254334e-06,775
5.1000000000000005,0.1,3.0999999999999996,-0.008027120692039681,0.0,0.18152080529750245,-10.505057285937434,-9.857036695268066,-8.780126190403905,9.685895098062503e-06,-0.10348703968894482,1.9039437755187988e-06,776
5.3,0.1,3.0999999999999996,-0.02300553237028874,0.0,0.17384595549709944,-10.469659615211292,-9.869391968659848,-8.877300228089272,-2.5188355365833343e-06,-0.301487818241239,4.316509845854708e-06,777
5.5,0.1,3.0999999999999996,-0.036236428935558396,0.0,0.15946009421599983,-10.394056229770861,-9.89168273760108,-9.06435745823579,-5.294157197243334e-06,-0.46552488599002173,1.9324600642128968e-06,778
5.699999999999999,0.1,3.0999999999999996,-0.04661446066196476,0.0,0.14048175795102488,-10.28144650252256,-9.918920380619811,-9.313155400582561,-1.0283345734678386e-05,-0.5634788356948959,2.3415057636464253e-06,779
5.9,0.1,3.0999999999999996,-0.053514598613375874,0.0,0.1199660943488457,-10.157585958719444,-9.945073105033243,-9.567779566447351,-1.6179540039886506e-05,-0.5738940562185761,5.720899576175591e-06,780
6.1000000000000005,0.1,3.0999999999999996,-0.0571771807576796,0.0,0.10099598923723285,-10.057211823367153,-9.964487221432032,-9.76522428379406,-1.8165905791716778e-05,-0.5112941884657628,1.5512330592494402e-06,781
6.3,0.1,3.0999999999999996,-0.05856619287405452,0.0,0.08544600337939007,-9.997948342248865,-9.97493011754508,-9.876702245477588,-1.6996242237722158e-05,-0.422341954057248,-3.897690110261625e-06,782
6.5,0.1,3.0999999999999996,-0.05871933574330042,0.0,0.07354524688322278,-9.966720259629405,-9.976975876145572,-9.91815912109948,-7.532201132048117e-06,-0.3467845871106475,-7.18727603263999e-06,783
6.700000000000001,0.1,3.0999999999999996,-0.058249362212829635,0.0,0.06451583740574326,-9.944902822196413,-9.973823252219566,-9.924213438902607,-3.146997069902246e-06,-0.29651647114406937,-5.654161815866319e-06,784
6.9,0.1,3.0999999999999996,-0.057332464312172045,0.0,0.057406859483878483,-9.920749887187196,-9.968246772230522,-9.920483973971262,-2.612583477280796e-06,-0.2651602738497859,-1.941473554161887e-06,785
7.1,0.1,3.0999999999999996,-0.05594439410470561,0.0,0.051515541512935976,-9.894411213775339,-9.96260328353116,-9.918605203886809,6.056840938698209e-06,-0.2429037157252476,-1.3802898996062518e-05,786
7.299999999999999,0.1,3.0999999999999996,-0.05404270600648285,0.0,0.04643257761005713,-9.867260349176892,-9.957557886736357,-9.920529084521558,2.1321459674640113e-06,-0.22356012993276722,-2.5523388020773887e-05,787
7.5,0.1,3.0999999999999996,-0.051626899161890366,0.0,0.04194287597813958,-9.842578371468528,-9.953610536768313,-9.925474312378903,-1.2741302599887197e-05,-0.20467008862440647,-3.2317921042311256e-05,788
7.700000000000001,0.1,3.0999999999999996,-0.04873821379561481,0.0,0.0379405229627178,-9.82076936471898,-9.950483139782156,-9.931646334208624,-1.5794034128592752e-05,-0.18535102610441723,-3.528047524742839e-05,789
7.9,0.1,3.0999999999999996,-0.04544062620904844,0.0,0.034376087814785475,-9.803157138379795,-9.948262743182136,-9.938156577536793,-1.2083305393130001e-06,-0.16582893088233647,-2.477716234434201e-05,790
8.100000000000001,0.1,3.0999999999999996,-0.0418061046788318,0.0,0.03121745921418402,-9.788766389825335,-9.94655512141372,-9.944009217248999,8.727160131324461e-06,-0.14663205112820563,-3.691060484171447e-05,791
8.299999999999999,0.1,3.0999999999999996,-0.037903624197404756,0.0,0.028443465481623475,-9.777973851039336,-9.945405249608541,-9.949052397019999,-4.978182455497349e-06,-0.1278281122159548,-3.792588693832173e-05,792
8.5,0.1,3.0999999999999996,-0.0337924314461346,0.0,0.026036341200065694,-9.769294492840334,-9.944490355629515,-9.95315728531345,-1.4325278241325241e-05,-0.10992461082856216,-1.518198406399045e-05,793
8.700000000000001,0.1,3.0999999999999996,-0.029521189272174737,0.0,0.02397681117485966,-9.76318265920421,-9.943941054523428,-9.95652261342991,-1.8156784475911894e-05,-0.09285022626199566,-1.3436679316759418e-06,794
8.9,0.1,3.0999999999999996,-0.02513176939321599,0.0,0.0222480359690071,-9.758433255925029,-9.943485072281753,-9.95899210548972,-6.174067537065335e-06,-0.07676380434952712,8.295762592534843e-06,795
9.100000000000001,0.1,3.0999999999999996,-0.02065656959682852,0.0,0.020834176659096922,-9.755358768817704,-9.943242031383356,-9.960851388115383,1.1946648205697784e-05,-0.06150714998208919,3.071650241952251e-05,796
9.3,0.1,3.0999999999999996,-0.016121004024574212,0.0,0.019722146974520433,-9.752882845471396,-9.94299233034252,-9.962078806241346,1.5971160257304233e-05,-0.04700934346295524,4.0530014489847005e-05,797
9.499999999999998,0.1,3.0999999999999996,-0.011541978723516632,0.0,0.018899347737427994,-9.751376995010384,-9.942878798557869,-9.963016997795144,9.811335868222565e-06,-0.033122591102929706,8.282640455380788e-06,798
9.700000000000001,0.1,3.0999999999999996,-0.00693523430750672,0.0,0.018356734242768843,-9.750364699504326,-9.942784111430267,-9.963555857663172,-3.6481394979740217e-06,-0.01964392129103367,-1.129270690629047e-05,799
9.9,0.1,3.0999999999999996,-0.0023131721072764976,0.0,0.018085773678055927,-9.749983114876787,-9.94275767895696,-9.963805279914155,-3.2436418322998343e-06,-0.00659693273701013,9.73581795240963e-06,800
0.1,0.1,3.3,0.002478257667717117,0.0,0.017351514927131644,-9.73610294815551,-9.942635826372564,-9.977076183721492,-2.7859811394971854e-06,0.006676494726703498,-2.9717094707942545e-05,801
0.3,0.1,3.3,0.007433529343631431,0.0,0.0176235036983528,-9.736212917516704,-9.942634789868372,-9.976961031839668,-4.716606008972638e-06,0.020148576725053314,2.6474648403936816e-05,802
0.5,0.1,3.3,0.012382477702585572,0.0,0.018172566343520238,-9.736710344121303,-9.942722860238083,-9.976903957078054,-5.129863668830838e-06,0.03401484206759388,3.605174968253546e-05,803
0.7,0.1,3.3,0.01732233490948644,0.0,0.019005365325865588,-9.73710284727977,-9.942745719608098,-9.976625750771914,-5.13981885063706e-06,0.048377960860345494,2.395433788722136e-05,804
0.9,0.1,3.3,0.022243571562763274,0.0,0.02013372833926875,-9.738444278615669,-9.942927424872199,-9.976192845754372,4.045898473521912e-06,0.06365702376290173,3.063935062078088e-05,805
1.1,0.1,3.3,0.027131608152755726,0.0,0.02157269986896957,-9.74022128311907,-9.943095951658584,-9.975258475182907,2.672187992183897e-06,0.07989145001079888,2.2566784557440414e-05,806
1.3,0.1,3.3,0.03196441101433468,0.0,0.023338950011444603,-9.743623018396416,-9.943520783089342,-9.973980897051414,-7.372090153799336e-06,0.0974684019492836,1.7114319872810144e-05,807
1.5,0.1,3.3,0.03671646233694566,0.0,0.025455709742309,-9.747822604359607,-9.943934544132517,-9.97185011631181,-3.9656170798531235e-06,0.11645510616460861,2.840660283608513e-05,808
1.6999999999999997,0.1,3.3,0.041347944909577355,0.0,0.027948263766226902,-9.7549008730051,-9.944773633813965,-9.96896729606236,7.305053327797577e-06,0.13694536423521425,5.237827686615184e-05,809
1.9,0.1,3.3,0.04580507573273387,0.0,0.0308392696602683,-9.764267431049536,-9.945831700382087,-9.964891070862112,-3.7722047556846907e-06,0.15881393785592698,3.85222559893899e-05,810
2.0999999999999996,0.1,3.3,0.05001686390340471,0.0,0.034148194314294576,-9.77815379448364,-9.947601040518474,-9.959851408109138,-1.3075813852438817e-05,0.18190704967301902,1.9846629171530406e-05,811
2.3,0.1,3.3,0.05389540825482015,0.0,0.03789598212133582,-9.796162068985293,-9.949953566847059,-9.953605765247993,-4.469456688960874e-06,0.2058960677943202,3.1786214945999256e-05,812
2.5000000000000004,0.1,3.3,0.057336224208384766,0.0,0.04210565839258561,-9.820543381152774,-9.953514237294488,-9.947027805320646,-7.14661976423216e-06,0.23001378109703263,2.9933507674466498e-05,813
2.7,0.1,3.3,0.06022596778229809,0.0,0.04680642797790965,-9.850532035966825,-9.95838814179462,-9.941408673007437,-6.938748193834311e-06,0.2532714392323079,1.3452860101934844e-05,814
2.9000000000000004,0.1,3.3,0.06246259922830066,0.0,0.052061957790869536,-9.88672057727803,-9.965261415257144,-9.939586499005669,1.7916834495999224e-06,0.2751160651864196,1.1336570577880094e-07,815
3.0999999999999996,0.1,3.3,0.06398536483066261,0.0,0.058025158674303794,-9.925804510515928,-9.974174782764658,-9.945069403308102,8.672011338078257e-06,0.2961069774107492,-3.3670734751938388e-06,816
3.3,0.1,3.3,0.06483278066723391,0.0,0.06507377075039245,-9.96261190987216,-9.984873287814674,-9.9617545292024,5.0692428461443025e-06,0.3218757935545875,-4.716869910487208e-06,817
3.5,0.1,3.3,0.06515744593247512,0.0,0.07406250796368058,-9.990011246447638,-9.994816283610595,-9.984070171610943,-1.2460086561067106e-06,0.3678537121504338,-5.480876816618604e-06,818
3.7,0.1,3.3,0.0650319184793603,0.0,0.08656319392173561,-10.013414869281021,-9.998150783441806,-9.977339047928497,-3.411078743489132e-06,0.45826342683267485,5.493792183179967e-07,819
3.9,0.1,3.3,0.06388707937259051,0.0,0.10449143416795978,-10.068018034122783,-9.987890301802999,-9.871433474892722,-2.6339184470529374e-05,0.593711516998033,3.6225479742812003e-06,820
4.1,0.1,3.3,0.06020133269969012,0.0,0.1284062329950452,-10.186781151103352,-9.95973813087018,-9.611909503248366,-4.779458384874793e-05,0.7084499493038057,2.8760711617443956e-06,821
4.3,0.1,3.3,0.05238957834598956,0.0,0.15556688255798928,-10.342157304138027,-9.918191865503982,-9.248802023382984,-3.4144545890436536e-05,0.7026471858396585,7.135146957035898e-06,822
4.500000000000001,0.1,3.3,0.0402560968729425,0.0,0.18083136850441234,-10.460613276129367,-9.873376723340268,-8.906270340573084,-2.2348627932601624e-05,0.5629661081135355,6.724053594375017e-06,823
4.7,0.1,3.3,0.025048688422412122,0.0,0.19965425052660404,-10.517843710879683,-9.837720259221971,-8.670757585235908,-1.4384592152266592e-05,0.3496201158461324,3.4785587431209893e-06,824
4.9,0.1,3.3,0.00830855885227283,0.0,0.20952911782780514,-10.533308948432683,-9.818311163068813,-8.558246866912505,-1.0100591762012257e-05,0.11689947192215416,3.042036362494828e-06,825
5.1000000000000005,0.1,3.3,-0.008849230288709105,0.0,0.20956309269870668,-10.533163388869994,-9.81825716042895,-8.55812241327613,-6.031202833966211e-06,-0.11630743481088018,6.407866631435059e-06,826
5.3,0.1,3.3,-0.02558660263756313,0.0,0.19975486723125055,-10.517582967017193,-9.837606276434078,-8.670448415154263,3.0565506756765858e-06,-0.34904059923624586,8.794832463644041e-06,827
5.5,0.1,3.3,-0.04078960730998096,0.0,0.18099570262507375,-10.460201688000067,-9.873186500146593,-8.905730812733822,7.193628158114952e-06,-0.5623736940267843,5.880991259757506e-06,828
5.699999999999999,0.1,3.3,-0.05291726334378264,0.0,0.15578876555088747,-10.341619999306463,-9.917923763662083,-9.247998819010247,-7.944080598274967e-06,-0.7021761323570136,3.838132879044711e-06,829
5.9,0.1,3.3,-0.0607221385697919,0.0,0.12867492296299654,-10.186151084692192,-9.959412343507026,-9.610910632843808,-2.032080081956294e-05,-0.7081282935440738,2.8187696176463414e-06,830
6.1000000000000005,0.1,3.3,-0.0644004767418162,0.0,0.10479256746936658,-10.067369753446753,-9.98755581452045,-9.870409319156384,-1.3088267895086994e-05,-0.5936549607335768,-3.124904171212511e-06,831
6.3,0.1,3.3,-0.0655360763867147,0.0,0.08688115210164746,-10.012622541095723,-9.997810581051075,-9.976430364160475,-8.531538314921573e-06,-0.45845942529676464,-8.755183297655959e-06,832
6.5,0.1,3.3,-0.06564753760176774,0.0,0.07438463077611257,-9.988921649540687,-9.99444536531271,-9.98330517702397,-5.066127821489936e-06,-0.36816714185521965,-8.583248918560186e-06,833
6.700000000000001,0.1,3.3,-0.06530486758966914,0.0,0.06539111490361339,-9.961492704821403,-9.984538198027266,-9.961198285316074,-2.545765935602538e-06,-0.32223213196249106,-9.594236162293644e-06,834
6.9,0.1,3.3,-0.06443655105841774,0.0,0.05833052466496129,-9.924497716255914,-9.973820000921286,-9.944602288356597,2.244360237730115e-06,-0.2965557523789486,-1.0442660352858972e-05,835
7.1,0.1,3.3,-0.06289184859646346,0.0,0.05235247155492546,-9.885522689781444,-9.964943612545342,-9.939195372951326,5.558288882097746e-06,-0.2754989697347988,-1.3563232194074874e-05,836
7.299999999999999,0.1,3.3,-0.060633313707806,0.0,0.047079779051034325,-9.84928537164333,-9.958094844924021,-9.941188852993486,-3.05432345743394e-06,-0.25366540894574924,-1.6016713394551952e-05,837
7.5,0.1,3.3,-0.057718643014208704,0.0,0.04235634044395257,-9.819094986869267,-9.953193747146019,-9.946873748866494,-1.1298963433762528e-05,-0.23046299976767268,-3.108352215655338e-05,838
7.700000000000001,0.1,3.3,-0.0542514481267612,0.0,0.03812134618320855,-9.794780374164853,-9.949637783463173,-9.953408543167784,-9.547920829021707e-06,-0.20633740531840142,-5.9009802531991034e-05,839
7.9,0.1,3.3,-0.05034566943235751,0.0,0.03434863873746885,-9.776604008392846,-9.947248855980636,-9.959640271516887,-4.208229770630414e-06,-0.18234184602595224,-4.7337529808384e-05,840
8.100000000000001,0.1,3.3,-0.046105635713456466,0.0,0.03101726116702032,-9.76278303592435,-9.945501685667606,-9.964725392419792,5.89239170717947e-06,-0.1591799523364462,-3.0283660439369142e-05,841
8.299999999999999,0.1,3.3,-0.041619851673868884,0.0,0.028106987090307154,-9.7533130787939,-9.944428435570172,-9.968829099073137,1.2691578034377216e-06,-0.137236594948036,-3.343977137583205e-05,842
8.5,0.1,3.3,-0.03695796772986132,0.0,0.025594145035908955,-9.746193084468166,-9.943597354385416,-9.971793687465292,-4.098366718152082e-06,-0.11678232912139624,-3.154169888894513e-05,843
8.700000000000001,0.1,3.3,-0.03217320001292459,0.0,0.023456662375219667,-9.741795760167319,-9.943140419311652,-9.97390633640755,-5.258702260228402e-06,-0.09773924415786073,-1.2407294679935723e-05,844
8.9,0.1,3.3,-0.027307145372650166,0.0,0.021672916172274626,-9.738553556736356,-9.942742160180593,-9.975157244172529,4.883664506162353e-06,-0.08016784520818039,1.8198353797345554e-05,845
9.100000000000001,0.1,3.3,-0.022388744401119834,0.0,0.020221490914510636,-9.736906556429291,-9.942587842549196,-9.976032656332764,1.8108362087427546e-05,-0.06377708549802269,3.100955944917646e-05,846
9.3,0.1,3.3,-0.017438547769760098,0.0,0.01908380730243115,-9.735541162728486,-9.942412566558641,-9.976521670064576,2.1762142756388287e-05,-0.04852259847160692,3.2759389817972385e-05,847
9.499999999999998,0.1,3.3,-0.012466513445094583,0.0,0.018243648300876967,-9.734838050320336,-9.942334788884981,-9.976835894121054,6.606301115398617e-06,-0.03405721062038587,-3.384830484627011e-06,848
9.700000000000001,0.1,3.3,-0.007483008638782237,0.0,0.017691384855650763,-9.734463272014208,-9.942283613250266,-9.976954794253398,-1.089616985894546e-05,-0.020135518097982065,-1.6866182523917995e-05,849
9.9,0.1,3.3,-0.0024946133697550605,0.0,0.017416932886576874,-9.73437109686437,-9.942266011135832,-9.976958958820514,-3.57747132463203e-06,-0.006735017414703109,3.256981183904001e-05,850
0.1,0.1,3.500000000000001,0.0026642719615423264,0.0,0.016359037961952674,-9.720045071556381,-9.942079538444226,-9.990352620671693,3.623949961582843e-06,0.006729350535942433,-1.6195890284521377e-05,851
0.3,0.1,3.500000000000001,0.007995378748828833,0.0,0.01663020859130391,-9.719825868630544,-9.9420700983562,-9.990524623157942,5.7348770433709324e-06,0.020243983622242452,1.1642418663716377e-05,852
0.5,0.1,3.500000000000001,0.013332113449754268,0.0,0.017176015420348863,-9.71960821299618,-9.942120314877736,-9.990993361394915,1.9786855467411844e-06,0.03419867296319215,2.950691930483055e-05,853
0.7,0.1,3.500000000000001,0.0186804302539481,0.0,0.018005652242001298,-9.718897237204493,-9.942079320818424,-9.991499366891725,-4.6140719328030176e-06,0.048856071085670506,3.6150330126628235e-05,854
0.9,0.1,3.500000000000001,0.024039204743518422,0.0,0.01913496503647777,-9.718774397589051,-9.942184769153902,-9.992149448183104,-5.1009488356503315e-06,0.06460573695764471,3.127974430644965e-05,855
1.1,0.1,3.500000000000001,0.029404578408193865,0.0,0.020582470166610294,-9.71850609012811,-9.942219127253955,-9.992589546144321,-2.5094225096517485e-06,0.08164683128125712,1.121616434143459e-05,856
1.3,0.1,3.500000000000001,0.03476408794722167,0.0,0.022369262341742645,-9.719518287842092,-9.94246631799551,-9.992813302141506,-6.197278134632969e-07,0.10041578184427846,2.2309319479354585e-05,857
1.5,0.1,3.500000000000001,0.040097350344618074,0.0,0.024524559561676505,-9.721212489115501,-9.942720577526257,-9.992390398518607,5.518266079572224e-07,0.12121424117619506,2.4014810483756098e-05,858
1.6999999999999997,0.1,3.500000000000001,0.045370368276013165,0.0,0.027081622747942534,-9.725412401199417,-9.943358993822738,-9.991382567916679,3.5322007612676543e-06,0.14428290344767047,3.2492778005210996e-05,859
1.9,0.1,3.500000000000001,0.050534460964598474,0.0,0.030071124941909694,-9.731771473877535,-9.94418080233879,-9.989132537822151,-2.010442264312146e-06,0.16967477659576516,2.900892304905266e-05,860
2.0999999999999996,0.1,3.500000000000001,0.05551652596420975,0.0,0.03352129815721217,-9.742932483444262,-9.945729627748024,-9.985715655301803,-1.6883097810476895e-05,0.19749276537401808,2.1912743491000336e-05,861
2.3,0.1,3.500000000000001,0.06021526161524261,0.0,0.03746030292863467,-9.759159181626782,-9.947952300267366,-9.98060231971303,-2.038090265845028e-05,0.22752289743520096,3.77206761495571e-05,862
2.5000000000000004,0.1,3.500000000000001,0.06449595662975997,0.0,0.04191052454758981,-9.78362921978361,-9.95159012584828,-9.974321409463755,-1.247608766729276e-05,0.2590944778474629,5.1102011701759915e-05,863
2.7,0.1,3.500000000000001,0.06818683550049522,0.0,0.04688287880273591,-9.817350528540084,-9.956984869994661,-9.96757382143927,2.3744520558791877e-06,0.29075981442034476,3.7869623844707934e-05,864
2.9000000000000004,0.1,3.500000000000001,0.07109100225906943,0.0,0.05239371272678623,-9.862801107340166,-9.965205382058286,-9.963225802953858,1.1151249096172802e-05,0.3207548303549502,4.387696841549534e-06,865
3.0999999999999996,0.1,3.500000000000001,0.07300951167481418,0.0,0.05850013213912309,-9.919849178880174,-9.977340486487245,-9.966853253562178,8.584399253479796e-06,0.34653411908944415,3.7296489371062463e-07,866
3.3,0.1,3.500000000000001,0.0738178340301789,0.0,0.0654192161735967,-9.984937336893458,-9.99481243623144,-9.989124844269881,5.414630373636995e-07,0.3679543011026493,-1.2159822981970974e-05,867
3.5,0.1,3.500000000000001,0.07362097869823081,0.0,0.0738873716776959,-10.043472781293858,-10.017199689190766,-10.042525664662785,-1.0358834807312536e-06,0.3968167634561597,-2.62303422727836e-05,868
3.7,0.1,3.500000000000001,0.07283045433425488,0.0,0.08597368197746341,-10.076115959564424,-10.036510718069835,-10.106437630790698,-1.6630078324754784e-06,0.47923075408791105,-1.5975148126723356e-05,869
3.9,0.1,3.500000000000001,0.07138982387681712,0.0,0.10571009612486583,-10.112210105930421,-10.031771581347762,-10.046647800814187,-2.5667304439610464e-05,0.675871545315274,4.640373406941766e-06,870
4.1,0.1,3.500000000000001,0.06711459795753286,0.0,0.13615916415295554,-10.268375958565693,-9.992514741490586,-9.69419774889353,-2.5216749825123277e-05,0.8880094289582814,1.287336158488198e-05,871
4.3,0.1,3.500000000000001,0.05737636889553176,0.0,0.1729249747471885,-10.455188847386744,-9.919486705003239,-9.142244677635144,-2.6045800493723427e-05,0.8605605191752815,1.0042783280410235e-05,872
4.500000000000001,0.1,3.500000000000001,0.04260231622126809,0.0,0.2063699432685323,-10.540330622520539,-9.84476286807024,-8.683483717836582,-3.5824294970652546e-05,0.625790279172461,9.926998094372389e-06,873
4.7,0.1,3.500000000000001,0.025579824664586692,0.0,0.2299922107468259,-10.510275616006222,-9.787218710326739,-8.425817935630558,-1.9316541826804695e-05,0.3501977890848332,1.1713166648816235e-05,874
4.9,0.1,3.500000000000001,0.008305576993418957,0.0,0.2418658888074149,-10.477139970369256,-9.76056497388132,-8.325684899044145,-1.569210344736806e-05,0.11154294317116868,1.1487445650210897e-06,875
5.1000000000000005,0.1,3.500000000000001,-0.008889808794058247,0.0,0.2419012471992556,-10.47696838994834,-9.760510874873145,-8.325585984424034,-7.280932291181843e-06,-0.11106022942710475,4.666147550121151e-06,876
5.3,0.1,3.500000000000001,-0.026158911164351786,0.0,0.23009698829984293,-10.509802360731431,-9.787062020675668,-8.425507742652732,3.3019115851796846e-06,-0.34971266134848544,1.2725878596838264e-05,877
5.5,0.1,3.500000000000001,-0.043172079149286294,0.0,0.20654239419179732,-10.539607626788113,-9.844499764255728,-8.682891194496321,1.177883026673802e-05,-0.625197679466323,9.271015978051118e-06,878
5.699999999999999,0.1,3.500000000000001,-0.057934448497386236,0.0,0.17315991151627338,-10.454310257234898,-9.919128964912305,-9.141334567329766,2.9308401608218714e-06,-0.8599991518980787,1.3452492875276209e-06,879
5.9,0.1,3.500000000000001,-0.06766046171796908,0.0,0.13644531444653318,-10.267446569346658,-9.99208716241394,-9.692989242729489,-7.759194839463304e-06,-0.8875938864031674,-4.4455761626975706e-06,880
6.1000000000000005,0.1,3.500000000000001,-0.07192312927686892,0.0,0.10602959861768536,-10.111200653761808,-10.031308725579608,-10.045342974142049,5.835036887444706e-07,-0.6757904867513239,-2.429364649894618e-06,881
6.3,0.1,3.500000000000001,-0.07334925972380839,0.0,0.08630603456020251,-10.075024486524967,-10.036079209556993,-10.105371561265878,8.225390294565057e-06,-0.4793738793572859,1.216375593942523e-06,882
6.5,0.1,3.500000000000001,-0.074120198288508,0.0,0.07421829510161063,-10.042066584607744,-10.016763567336673,-10.041751252081866,5.329010438358916e-06,-0.39704260005929093,3.331944194114118e-06,883
6.700000000000001,0.1,3.500000000000001,-0.07429403711372522,0.0,0.06574117370089101,-9.983607622686488,-9.99444072490683,-9.988596001854082,-2.8411604424951326e-06,-0.3681760355307383,-4.6210804821218235e-06,884
6.9,0.1,3.500000000000001,-0.07346215673613592,0.0,0.05880768717047641,-9.918481673267868,-9.976980121990211,-9.966418936686084,4.524023869476575e-06,-0.34682770890521164,-4.617010656863024e-06,885
7.1,0.1,3.500000000000001,-0.07151931257825442,0.0,0.05268409398668805,-9.861466070385204,-9.964890688705463,-9.96298737314505,1.1003738781846337e-05,-0.3209871120873816,-1.7103052055332987e-05,886
7.299999999999999,0.1,3.500000000000001,-0.06858919965734413,0.0,0.047153419428740934,-9.815889571466622,-9.956662666387322,-9.967423760469352,2.854810751372478e-06,-0.2910298213124071,-2.5643773126073078e-05,887
7.5,0.1,3.500000000000001,-0.06487097726394929,0.0,0.04215701942625719,-9.782174320654752,-9.951275287624341,-9.97420211746964,-2.5497996118815543e-06,-0.2594026311814845,-2.752432785477103e-05,888
7.700000000000001,0.1,3.500000000000001,-0.06056391851707763,0.0,0.03768152650588592,-9.757833306937433,-9.947679867356136,-9.980566029842855,-3.192508079006959e-06,-0.22784148763357542,-5.2191316875056693e-05,889
7.9,0.1,3.500000000000001,-0.05583844338219889,0.0,0.03371675482751346,-9.741462250296209,-9.945433221398151,-9.985703856697294,-4.442476003143329e-06,-0.19781278882090733,-5.0366104619708606e-05,890
8.100000000000001,0.1,3.500000000000001,-0.050828602026189926,0.0,0.030242968736832104,-9.730358494358459,-9.943914667059108,-9.989214840940157,5.7844662093017555e-06,-0.16990805013001634,-2.6181466910435637e-05,891
8.299999999999999,0.1,3.500000000000001,-0.04563457537717472,0.0,0.027233035627604898,-9.723736404323773,-9.943042435258196,-9.991475771966593,7.412560761811551e-06,-0.14447043971746115,-2.8250551486695173e-05,892
8.5,0.1,3.500000000000001,-0.04032956831369017,0.0,0.024654872428831447,-9.719616771437511,-9.942423938322992,-9.992502920180197,4.7106409130465215e-06,-0.12143116589279662,-4.5288922193699975e-05,893
8.700000000000001,0.1,3.500000000000001,-0.034965367560244244,0.0,0.02247902892111869,-9.717932884035516,-9.9421591297138,-9.992862764532548,2.9308354157425754e-06,-0.10060788641399933,-2.5513076479497165e-05,894
8.9,0.1,3.500000000000001,-0.029575822254044863,0.0,0.020676106022880458,-9.716966003005583,-9.941903957738429,-9.992553785689468,1.0139082683828216e-05,-0.08181728518917089,2.9693997677483786e-06,895
9.100000000000001,0.1,3.500000000000001,-0.024180568162370984,0.0,0.01921737737245379,-9.717173475080982,-9.94185259358199,-9.992089492828143,1.800760332834606e-05,-0.06469410675339973,-3.2627912195606053e-06,896
9.3,0.1,3.500000000000001,-0.018791679672889822,0.0,0.018077927472169967,-9.717334650854742,-9.94176534164598,-9.99149205736416,6.8572028739833315e-06,-0.0489313797146616,4.1034989163140625e-06,897
9.499999999999998,0.1,3.500000000000001,-0.013411940814982738,0.0,0.017239513040933935,-9.717860797231484,-9.941761014002497,-9.9909442727803,-4.021505953243208e-06,-0.03420638125148618,-3.0585301916709704e-07,898
9.700000000000001,0.1,3.500000000000001,-0.008042527252147179,0.0,0.01668971502649154,-9.718163991448423,-9.941743602839535,-9.990554022748078,-5.782313670520288e-06,-0.020233854831145804,-6.067173191790184e-06,899
9.9,0.1,3.500000000000001,-0.0026798228967750922,0.0,0.01641754960799847,-9.71842637494949,-9.941757394910402,-9.99036059960554,-7.368734370384452e-07,-0.006715889303607498,2.2482750866197116e-05,900
0.1,0.1,3.6999999999999997,0.0028485506472515675,0.0,0.015034944250343666,-9.704169253947084,-9.941560629669722,-10.00363389441583,1.8989335648238394e-06,0.006531630719978406,-9.926526430281747e-07,901
0.3,0.1,3.6999999999999997,0.008553811377792167,0.0,0.015297936776084629,-9.703437170375903,-9.941504560411422,-10.004085631695565,3.8644360755325325e-06,0.019698534291238422,5.934610493064588e-06,902
0.5,0.1,3.6999999999999997,0.014279853565046149,0.0,0.015826088034459923,-9.702360949491851,-9.941496083753377,-10.005119469284065,2.197960487114182e-06,0.03337134626757224,1.4878480426381512e-05,903
0.7,0.1,3.6999999999999997,0.020041793965491567,0.0,0.016630319290584495,-9.70035270893687,-9.941385105864068,-10.006572820394846,-2.543034581928164e-06,0.04789579257835021,3.385082945185777e-05,904
0.9,0.1,3.6999999999999997,0.02584979375981256,0.0,0.01772938052264929,-9.69838810277829,-9.941389907041541,-10.00856143243844,-3.302257933200145e-06,0.06366785496293718,2.9831679127213195e-05,905
1.1,0.1,3.6999999999999997,0.03171374678852758,0.0,0.01914516213393813,-9.69557845261102,-9.941245566136352,-10.010649378079831,1.6417189811601862e-06,0.08104569283181942,2.1746673684053677e-05,906
1.3,0.1,3.6999999999999997,0.03763469906857821,0.0,0.020904948749206703,-9.693521345185198,-9.941300109590399,-10.012979202767639,7.873166542091059e-06,0.10052471241722531,3.230691795955772e-05,907
1.5,0.1,3.6999999999999997,0.04360563618838429,0.0,0.023043862645427696,-9.69148394056255,-9.941301914114055,-10.01502563001664,5.675560855023362e-06,0.12259466370876587,8.485524180215242e-06,908
1.6999999999999997,0.1,3.6999999999999997,0.04960694061285635,0.0,0.025602371671730774,-9.691303023874246,-9.941637485753098,-10.016884404888861,3.890726772567173e-06,0.147781141887045,5.367041272199943e-06,909
1.9,0.1,3.6999999999999997,0.055604438976903155,0.0,0.028623071788130165,-9.69260073471939,-9.94208100089983,-10.017804269780504,-5.7198378320284034e-06,0.17649254976286186,2.7184955046254157e-05,910
2.0999999999999996,0.1,3.6999999999999997,0.061537560145269746,0.0,0.03214826915533119,-9.698161772515023,-9.943150272508783,-10.017589590029512,-1.3056672914012748e-05,0.20915782877842137,3.144392531219282e-05,911
2.3,0.1,3.6999999999999997,0.06730934964457286,0.0,0.03622057968683063,-9.708859719984218,-9.94488138888858,-10.015547224456716,-9.432366803945303e-06,0.24615218978508732,4.701854059144062e-05,912
2.5000000000000004,0.1,3.6999999999999997,0.07277857473892634,0.0,0.04087463230770599,-9.728153610603004,-9.94793645550831,-10.01152866693917,-9.02422289468006e-06,0.28733119226362536,6.274257477971809e-05,913
2.7,0.1,3.6999999999999997,0.07773892037838563,0.0,0.04612461193320984,-9.759382786710788,-9.952994942337257,-10.005591924976773,-2.0575956894626048e-07,0.33193430604266205,3.756925898221182e-05,914
2.9000000000000004,0.1,3.6999999999999997,0.08190805169810536,0.0,0.051961477338552026,-9.807531375917149,-9.961383016241486,-9.999383705287899,1.5455808305098436e-05,0.378168899894994,1.2549774167129442e-05,915
3.0999999999999996,0.1,3.6999999999999997,0.0849147808717312,0.0,0.05835561953514691,-9.878528731620584,-9.975264512510254,-9.997793830931453,9.411947964782542e-06,0.4222594509809316,1.615918050048237e-05,916
3.3,0.1,3.6999999999999997,0.08631575411697393,0.0,0.06531396701488157,-9.978125486016197,-9.998144809463916,-10.012598561304232,-2.2944799645754377e-06,0.45839554314725833,-5.900799536564565e-06,917
3.5,0.1,3.6999999999999997,0.08570617420797438,0.0,0.07311895707494157,-10.107314215594775,-10.0365075216436,-10.075223392629464,-7.617760525239639e-07,0.4792948888884158,-2.9509935421543137e-05,918
3.7,0.1,3.6999999999999997,0.0831818033100836,0.0,0.08347153453082387,-10.232297417846576,-10.092726813379947,-10.231336649053922,2.0767209526575844e-06,0.5145966940186811,-1.9889091922432054e-05,919
3.9,0.1,3.6999999999999997,0.07935992224003557,0.0,0.10293259943587496,-10.310770645320702,-10.131843229068231,-10.348445500021674,2.0388919021519583e-06,0.7271038295742277,5.745216593606103e-06,920
4.1,0.1,3.6999999999999997,0.07220760937995271,0.0,0.1426440569196014,-10.475487328583974,-10.058338118494056,-9.81620326388741,5.615983462409532e-06,1.176928769224283,1.4655604901991733e-05,921
4.3,0.1,3.6999999999999997,0.05729738628410023,0.0,0.19459740010445647,-10.757611517971247,-9.932168363915785,-8.903230301608495,-1.230941460867572e-05,0.9803380692499061,3.528883003693158e-06,922
4.500000000000001,0.1,3.6999999999999997,0.03826488135392658,0.0,0.2374372283107095,-10.538345516841634,-9.777618947361473,-8.349749219967128,-3.215786445075927e-05,0.52804589520233,2.4472511328051925e-06,923
4.7,0.1,3.6999999999999997,0.02138554403557499,0.0,0.26461568691508297,-10.353251240236867,-9.707283645252014,-8.183166986030086,-1.3082852925631396e-05,0.25730462453825265,-2.085410635214094e-06,924
4.9,0.1,3.6999999999999997,0.006658096168335152,0.0,0.27769044030389606,-10.258303591031162,-9.676891335641821,-8.126153087179903,-2.572444606131632e-06,0.07712586301514664,-1.3784188936640346e-05,925
5.1000000000000005,0.1,3.6999999999999997,-0.007292940393757979,0.0,0.27772622589003,-10.258074500623108,-9.676835978796472,-8.126105393361337,-3.839666027029402e-06,-0.07675114784638164,-3.541137648770573e-06,926
5.3,0.1,3.6999999999999997,-0.022012630247634245,0.0,0.2647220977422092,-10.352623093491944,-9.7071304621508,-8.183029217264083,-1.6416666012216767e-06,-0.2569182082897415,5.679017181146111e-06,927
5.5,0.1,3.6999999999999997,-0.038876382024342473,0.0,0.23761352326565474,-10.537247542857376,-9.77734666596845,-8.349485786986493,1.399401894280547e-06,-0.5275143312846232,6.70634284279586e-06,928
5.699999999999999,0.1,3.6999999999999997,-0.057886983396311306,0.0,0.19484201363124776,-10.756185904619338,-9.931748041018254,-8.902554300477993,4.552372942398729e-06,-0.9796302939234807,9.362034338955977e-07,929
5.9,0.1,3.6999999999999997,-0.07277572836067443,0.0,0.14294765349252406,-10.474211704383888,-10.057851138589742,-9.815043988565645,8.983481366900757e-06,-1.176269139169998,-8.025515107552628e-06,930
6.1000000000000005,0.1,3.6999999999999997,-0.07990692230018624,0.0,0.10327012285909387,-10.309250280170534,-10.131298121050252,-10.3472403250814,6.048962706367498e-06,-0.7269495563288461,-4.210647526265068e-06,931
6.3,0.1,3.6999999999999997,-0.08370594307157536,0.0,0.0838153197166807,-10.230939454422167,-10.092305609632168,-10.230588593739492,1.0069317809180405e-05,-0.5146775641083455,1.174858893241406e-06,932
6.5,0.1,3.6999999999999997,-0.08620435729953735,0.0,0.07345512457321704,-10.105646090778922,-10.036064800708198,-10.074677912763113,1.395928342027283e-05,-0.4794026579584632,-7.272301997990745e-07,933
6.700000000000001,0.1,3.6999999999999997,-0.0867866517837647,0.0,0.06563747450631569,-9.97673293098094,-9.99780528725998,-10.012293505320033,2.1942257176891177e-06,-0.45847848514023076,-5.074711817586583e-06,934
6.9,0.1,3.6999999999999997,-0.08535898182329603,0.0,0.05866212187069289,-9.87701620107334,-9.974927182243439,-9.997619710150419,1.3240828944487106e-06,-0.422388718872722,-6.710997846883291e-06,935
7.1,0.1,3.6999999999999997,-0.0823247810846092,0.0,0.05224820204780753,-9.806121340495872,-9.961087388855354,-9.999315603786954,9.103898503271697e-06,-0.3782279217541948,-3.499471507415863e-05,936
7.299999999999999,0.1,3.6999999999999997,-0.07812800847766621,0.0,0.04639007608372007,-9.75789149346681,-9.952686221278768,-10.005539612943451,7.500897145479633e-06,-0.33205112323513897,-5.875626398418052e-05,937
7.5,0.1,3.6999999999999997,-0.07314028011664167,0.0,0.04111562646951339,-9.72677769162119,-9.947658981652443,-10.011517216646915,1.978928155140277e-06,-0.2875390475229143,-5.143185139588299e-05,938
7.700000000000001,0.1,3.6999999999999997,-0.06764441578213098,0.0,0.036435742728684425,-9.707453992430485,-9.944596706612346,-10.015529540647943,-1.5882823486855675e-06,-0.246343353192374,-4.156367754589806e-05,939
7.9,0.1,3.6999999999999997,-0.06184528320486847,0.0,0.03233673562818772,-9.696707604993145,-9.9428617364448,-10.017601077236787,-4.4263051980625795e-06,-0.20934935748869007,-2.8140774259032466e-05,940
8.100000000000001,0.1,3.6999999999999997,-0.055884774410586154,0.0,0.02878640817166245,-9.691225534190673,-9.941828875854622,-10.0179188450886,-1.1822001024971419e-06,-0.17659348335512512,-2.2388890669637517e-05,941
8.299999999999999,0.1,3.6999999999999997,-0.049857649212604854,0.0,0.02574363465923123,-9.689646627771744,-9.94133222181562,-10.017014481322871,1.570135616396911e-06,-0.1479082854400647,-2.0009074746859067e-05,942
8.5,0.1,3.6999999999999997,-0.04382553417058979,0.0,0.02316433137506175,-9.690013562524761,-9.941036829365164,-10.015170584307151,2.097817782696364e-06,-0.12274698800771576,-3.134339764631568e-05,943
8.700000000000001,0.1,3.6999999999999997,-0.037825779925489245,0.0,0.021006686186897983,-9.692033109197997,-9.941008639226792,-10.013010086952349,5.9129684702058546e-06,-0.10064350198596644,-2.1235286383882696e-05,944
8.9,0.1,3.6999999999999997,-0.03187694571772333,0.0,0.019231999304569283,-9.694168371946809,-9.940968181056313,-10.010672533340985,1.6771961938288768e-05,-0.08108089073888146,-3.053279603699649e-07,945
9.100000000000001,0.1,3.6999999999999997,-0.025983724937284465,0.0,0.017804454051454068,-9.69674665124567,-9.941066104701713,-10.00858387227942,1.2572753019492845e-05,-0.06370015502034965,-1.7005589569436115e-05,946
9.3,0.1,3.6999999999999997,-0.020145041065804108,0.0,0.016694696553966243,-9.698820348637128,-9.94109262627136,-10.006642782719721,-7.1412940432091056e-06,-0.047925251874501605,-1.865935230785276e-05,947
9.499999999999998,0.1,3.6999999999999997,-0.014353398367371116,0.0,0.015882224616397943,-9.700809602331036,-9.941187065467235,-10.005125725021914,-6.460652051120216e-06,-0.03334848460373124,-8.652870810506174e-07,948
9.700000000000001,0.1,3.6999999999999997,-0.008598265204241997,0.0,0.015349804289434825,-9.701949825307272,-9.941202971007208,-10.004065029744766,1.4893043632303645e-06,-0.01969322445200394,-9.555273483327362e-06,949
9.9,0.1,3.6999999999999997,-0.0028636538070791646,0.0,0.015086229207086958,-9.702582159070984,-9.941232685432123,-10.003581268095298,1.1565967396643226e-06,-0.0065064742938222295,-1.39324134014284e-05,950
0.1,0.1,3.9,0.0030247817095062934,0.0,0.013389137739528253,-9.688918599628822,-9.9409985516396,-10.016074158583125,-1.2961452718018287e-06,0.006112948982298493,2.3129831889482225e-05,951
0.3,0.1,3.9,0.00908902846159439,0.0,0.013634161123366498,-9.687645628239444,-9.940931516635073,-10.017011954950435,-3.3435645202816098e-06,0.018454611869888327,3.682369543994995e-06,952
0.5,0.1,3.9,0.015191433826706341,0.0,0.014127860832438131,-9.685593345595692,-9.94087354754646,-10.01877439214506,-1.5390593132153214e-06,0.03134362610638647,-9.630386358606535e-06,953
0.7,0.1,3.9,0.02135803005625895,0.0,0.014881258080236506,-9.682041473579634,-9.940654763295223,-10.021232342908071,-1.1797446457411781e-06,0.0451372753661435,-1.0062812950324342e-06,954
0.9,0.1,3.9,0.027612388090924644,0.0,0.015913074090197626,-9.677900156914104,-9.940522653437004,-10.024713110279722,-4.68934287135442e-06,0.06037054733733071,6.873882375321407e-07,955
1.1,0.1,3.9,0.03397920086852211,0.0,0.017248459928673857,-9.672269379414123,-9.940229969492023,-10.028880468055224,-3.4685235621070913e-06,0.07738967355876489,1.5280947587343914e-05,956
1.3,0.1,3.9,0.040476799278983976,0.0,0.01892033687620231,-9.666512878883672,-9.940058064490083,-10.033777443567773,3.47625193962576e-06,0.09686963885101056,1.940865887540234e-05,957
1.5,0.1,3.9,0.047119566078115814,0.0,0.02096869034108697,-9.659693020013131,-9.939731006215908,-10.038962011075427,4.720813785472527e-06,0.11935368431434402,5.955640420102633e-06,958
1.6999999999999997,0.1,3.9,0.0539121784221943,0.0,0.023440278877869595,-9.653564943533699,-9.939624885930073,-10.044559486114462,3.548724733930472e-06,0.1456935136635704,1.0893274619025456e-05,959
1.9,0.1,3.9,0.06084742107388183,0.0,0.026389516308782765,-9.647596782130126,-9.939503625506813,-10.04992134540468,5.06401240826999e-06,0.17665460163961483,1.5491018759821656e-05,960
2.0999999999999996,0.1,3.9,0.06789607947309148,0.0,0.02987526127067685,-9.644292692671494,-9.939823416897816,-10.054824391818332,5.540783977164172e-06,0.2132604230790228,1.0166594399557614e-05,961
2.3,0.1,3.9,0.07499542517233314,0.0,0.03395945151098201,-9.644439336747379,-9.940553409140184,-10.058327708951069,4.978219731551767e-06,0.2565429831204781,2.5053863966434262e-05,962
2.5000000000000004,0.1,3.9,0.08203819949757256,0.0,0.03869750072690681,-9.651505942982947,-9.942338701936034,-10.060187566698112,-6.209529770162699e-06,0.30745629666727015,3.0732691945498e-05,963
2.7,0.1,3.9,0.08884446121870444,0.0,0.04412546415055091,-9.66946689608714,-9.945869148787876,-10.059878847852994,-1.6310751904801772e-05,0.3668362115247853,4.438777439136165e-06,964
2.9000000000000004,0.1,3.9,0.09513460268390175,0.0,0.0502414382331702,-9.704682551826957,-9.952504203138163,-10.057838463861403,-2.6147830179489497e-06,0.435036542684399,-1.1097075788864104e-05,965
3.0999999999999996,0.1,3.9,0.10048059152315343,0.0,0.05697826174505624,-9.767125189388809,-9.964840317286766,-10.057076397046302,1.0284537212180102e-05,0.5114627498674552,-7.568849672092265e-06,966
3.3,0.1,3.9,0.10424217578981954,0.0,0.06418789432091138,-9.8720878096174,-9.987864876444867,-10.067236572608097,8.046893141362945e-06,0.59387261936302,-1.0654636299393128e-05,967
3.5,0.1,3.9,0.10544363557791615,0.0,0.07169824540840782,-10.04739646939121,-10.031765930665003,-10.111433183939827,4.04486875728606e-06,0.6760566095881257,-6.181486345332238e-06,968
3.7,0.1,3.9,0.10264749869598723,0.0,0.07967198157865055,-10.349207814281558,-10.131807110766498,-10.309827739551384,8.233490127112189e-06,0.727278781368649,1.1637590799767744e-05,969
3.9,0.1,3.9,0.09429203847146246,0.0,0.09459715132097934,-10.797902774914952,-10.318986478978944,-10.797029619980528,1.5431945835837276e-05,0.8972443162075059,2.5174125944571836e-05,970
4.1,0.1,3.9,0.06900371423986457,0.0,0.15112671533397914,-12.01653851049599,-10.387927522656632,-9.923099102788068,1.2331287959020631e-05,1.6977860646072138,1.204734194505159e-05,971
4.3,0.1,3.9,0.037918023461674694,0.0,0.22604247579618328,-10.752145605344486,-9.790112280848723,-8.198415798900893,-9.375015596354238e-06,0.4905151760409582,1.8862927517295667e-06,972
4.500000000000001,0.1,3.9,0.01996135575856961,0.0,0.2733878794734827,-10.189880197623658,-9.655405362260494,-8.087146613681021,-1.914590160075356e-05,0.18886774196924505,3.054357885270563e-06,973
4.7,0.1,3.9,0.009566304027550787,0.0,0.3016044927358009,-9.922927708466357,-9.59109996602295,-8.032572121655148,-4.934497686403155e-06,0.07887461875370444,-1.0984943480408903e-05,974
4.9,0.1,3.9,0.0026183439962034973,0.0,0.31484611087748804,-9.814349362077374,-9.567134381561917,-8.021322545734398,1.0490525067039205e-06,0.02245443236307241,-1.6090692791536263e-05,975
5.1000000000000005,0.1,3.9,-0.003311891804049602,0.0,0.31488143221737397,-9.81405747441139,-9.567069086798547,-8.021287959583352,-3.5520462571546276e-06,-0.022311869144521355,-9.70828799418142e-06,976
5.3,0.1,3.9,-0.010250243800051163,0.0,0.3017095043294463,-9.922190603691853,-9.590941115454298,-8.032514973581854,-3.099364276209172e-06,-0.07874657701544188,2.283550832298507e-06,977
5.5,0.1,3.9,-0.02062542627146816,0.0,0.2735622938831681,-10.188493735716435,-9.655096500956166,-8.086988769066334,5.512754248209596e-07,-0.1886702716646447,7.820976383149471e-06,978
5.699999999999999,0.1,3.9,-0.038550353950106524,0.0,0.2262878286931102,-10.75011250874681,-9.789652613876626,-8.198150560642853,2.661519469869236e-06,-0.490126062711202,-7.049295741111727e-07,979
5.9,0.1,3.9,-0.0695913859955473,0.0,0.1514449707682867,-12.013468587339606,-10.387021569675543,-9.921639261038905,2.7487584334787313e-06,-1.6966438947591749,-1.0911948442997855e-05,980
6.1000000000000005,0.1,3.9,-0.09483578186778005,0.0,0.09495398925382383,-10.795586962033324,-10.318169193843275,-10.795259007183704,-4.830982423805448e-07,-0.8968449070371629,-8.619417343152609e-06,981
6.3,0.1,3.9,-0.1031592360227483,0.0,0.08002445175455203,-10.347508557799895,-10.131283001480467,-10.308906449603505,6.596714240339377e-06,-0.7270086340762073,-7.783304080867397e-07,982
6.5,0.1,3.9,-0.10592524339351372,0.0,0.07203676999183618,-10.04557529864048,-10.03128741842146,-10.110861793468066,4.718928894028819e-06,-0.6758336206794138,4.022624821490544e-06,983
6.700000000000001,0.1,3.9,-0.1046947305815425,0.0,0.06450942531180964,-9.870694251652926,-9.987550570873504,-10.067058602715472,-6.747986582736524e-06,-0.593690797586883,8.657163855615649e-06,984
6.9,0.1,3.9,-0.10090511382952533,0.0,0.05728015931685881,-9.76552878292458,-9.964497738741434,-10.056959910788612,-8.222049523629418e-06,-0.5113628765374396,6.890693638985703e-06,985
7.1,0.1,3.9,-0.09553076120666465,0.0,0.05052219405205709,-9.70328406341545,-9.952220198047161,-10.057816926826076,-1.2171877801599062e-06,-0.4349785008251203,-1.3698094005477725e-05,986
7.299999999999999,0.1,3.9,-0.08921339574795192,0.0,0.044383740161299166,-9.668043249113554,-9.945596774811776,-10.059940624962056,5.5847944905089275e-06,-0.36684407109236805,-3.358789746055441e-05,987
7.5,0.1,3.9,-0.08237995151295155,0.0,0.03893026892149934,-9.650163456709414,-9.942108206478274,-10.060377575688017,3.394299658444226e-06,-0.30752048697086165,-4.2430971012117106e-05,988
7.700000000000001,0.1,3.9,-0.07531014096597995,0.0,0.03416588713883323,-9.64307177488648,-9.940326485947244,-10.058560654866307,1.802322342227663e-06,-0.2565822911574322,-4.1217942200675324e-05,989
7.9,0.1,3.9,-0.06818323941143065,0.0,0.030055464890463318,-9.642865031708514,-9.939561502214199,-10.054942479368114,3.870928522434644e-07,-0.21332912586778394,-2.215364369730963e-05,990
8.100000000000001,0.1,3.9,-0.06110769241564283,0.0,0.026544099633905867,-9.64628457111001,-9.939267901044639,-10.05005493411875,-6.265108158581685e-06,-0.17671162215102634,-1.2947437111670623e-05,991
8.299999999999999,0.1,3.9,-0.05414505127149579,0.0,0.023571871783952838,-9.652077258146916,-9.939345192563884,-10.044648704688962,-7.883343856607785e-06,-0.1457216649923393,-8.813951023009175e-07,992
8.5,0.1,3.9,-0.04732461478139216,0.0,0.021079790874320634,-9.658334170024617,-9.939479716182941,-10.039064410895802,-3.6933039510486137e-06,-0.11941025940555862,5.978854807418953e-06,993
8.700000000000001,0.1,3.9,-0.04065479138727633,0.0,0.01901446088506359,-9.665078559759632,-9.939777244516534,-10.033807662839894,-9.794816896946035e-07,-0.09685258027200609,-9.196701759185757e-06,994
8.9,0.1,3.9,-0.034130118111271535,0.0,0.017327917783066187,-9.670905041821667,-9.939973001317382,-10.028959964771607,4.515887043279346e-06,-0.07741766325912379,-1.4301686402060452e-05,995
9.100000000000001,0.1,3.9,-0.027735681882284875,0.0,0.01597916276418289,-9.676441200497374,-9.94026240006849,-10.024870799861809,4.336986860722605e-06,-0.060378259252540006,-8.932306108748582e-06,996
9.3,0.1,3.9,-0.021453386203893178,0.0,0.01493669576562973,-9.680667578377832,-9.940406900087659,-10.021366922060144,-5.158017803975151e-06,-0.04518990908965949,6.864683860980751e-07,997
9.499999999999998,0.1,3.9,-0.015259618566676165,0.0,0.014176654606510764,-9.684174934338772,-9.940595387821785,-10.018802004786494,-1.0673042288656247e-06,-0.03133846288324421,9.277991281524294e-06,998
9.700000000000001,0.1,3.9,-0.009130967843478919,0.0,0.013679633735216627,-9.686318219831573,-9.9406615002403,-10.016989281386344,3.509124521049579e-06,-0.018463101115031074,-7.112534921713381e-06,999
9.9,0.1,3.9,-0.0030394615242937653,0.0,0.013432862945203223,-9.687413435137952,-9.940711464642275,-10.016143888079206,1.232804550892507e-07,-0.006122175798440654,-1.2855935652678348e-05,1000
0.1,0.1,4.1,0.003187068097121955,0.0,0.011443358802342136,-9.674885441929776,-9.940490292534486,-10.027566020757249,1.0616983226330879e-06,0.005437144263395022,1.87529750367086e-05,1001
0.3,0.1,4.1,0.009581362162304041,0.0,0.01166019663534387,-9.673122643714477,-9.940384212340646,-10.028798418003406,-1.3911252137351923e-07,0.01649812178096164,-5.4804405092511795e-06,1002
0.5,0.1,4.1,0.016031134085846756,0.0,0.012100164574412098,-9.670022077288618,-9.940274876399144,-10.03135230471611,1.2156595489835258e-06,0.02812076619683103,-1.4708952305997111e-05,1003
0.7,0.1,4.1,0.02257596443477424,0.0,0.012773149836830514,-9.6648235071202,-9.939984287818607,-10.035097931984376,-6.233645164271865e-08,0.04058096686618964,-1.5208191120013718e-05,1004
0.9,0.1,4.1,0.02925317033474782,0.0,0.013697139639529328,-9.658404158339595,-9.939720804245539,-10.04019986289707,-2.1338063858852426e-06,0.05452388391635187,-1.2088087260907103e-05,1005
1.1,0.1,4.1,0.036103575688108715,0.0,0.014898260515383037,-9.649636605367121,-9.939209004611994,-10.046408417702038,-1.641118518518205e-06,0.07029791734035515,1.7158513560912483e-05,1006
1.3,0.1,4.1,0.04316596896743345,0.0,0.016411408881847746,-9.639782523084083,-9.938787928619918,-10.054157120016765,-1.3148569570424647e-06,0.0887276538391311,6.780917090178353e-06,1007
1.5,0.1,4.1,0.050480690877085295,0.0,0.018279778782418467,-9.627517646722689,-9.938096156452831,-10.062963135550751,-1.8457627498386035e-06,0.11036868798056232,-9.153306945463604e-06,1008
1.6999999999999997,0.1,4.1,0.058085100494493766,0.0,0.020553761966193487,-9.614310859637612,-9.937484609995284,-10.073112190336076,-3.788121773673915e-06,0.13628299070329944,9.345867666761937e-06,1009
1.9,0.1,4.1,0.06601137590530413,0.0,0.02329496942464729,-9.599317732635686,-9.936698865205184,-10.084176593391428,2.398858096237155e-06,0.16753814196900998,3.3366026454726437e-06,1010
2.0999999999999996,0.1,4.1,0.0742813303021544,0.0,0.026576257971283577,-9.584191599519096,-9.93603071529764,-10.09596197697031,2.4391611155161077e-06,0.20576295939581657,-9.049023284275621e-06,1011
2.3,0.1,4.1,0.08289789801968268,0.0,0.030476087405438623,-9.569172495792671,-9.93542461822669,-10.10795059533826,8.83029115955194e-07,0.25249473303793196,6.616956163927574e-06,1012
2.5000000000000004,0.1,4.1,0.09183677146396518,0.0,0.035069525257777616,-9.556546819226945,-9.93526312390719,-10.11976880031006,-5.980067293324203e-06,0.309938208038633,-2.1606920662747205e-06,1013
2.7,0.1,4.1,0.10102319794731313,0.0,0.04041740703865875,-9.54916940292333,-9.936047345270286,-10.131067323428768,-1.3593801591140189e-05,0.3805833322803331,-2.265829203806528e-05,1014
2.9000000000000004,0.1,4.1,0.11031677744351215,0.0,0.046532847454023016,-9.551045531326265,-9.938696028261697,-10.142434609979638,-1.1081785291000302e-05,0.46734239554420226,-1.727918556816436e-05,1015
3.0999999999999996,0.1,4.1,0.11947838375750623,0.0,0.053327795468521115,-9.569490406993857,-9.945369810944188,-10.157358647727794,7.308682373547401e-06,0.5742970280488111,-1.490467534676787e-05,1016
3.3,0.1,4.1,0.1281552851186552,0.0,0.06052034141254249,-9.612416178477186,-9.959675119501604,-10.185959419031883,2.046067112153441e-05,0.7085911473376966,-1.727979935333205e-05,1017
3.5,0.1,4.1,0.13589390286867875,0.0,0.06744200586338897,-9.694765363014918,-9.992453430893722,-10.267501791459653,1.1166213330687799e-05,0.8881572042700795,7.069808327951578e-06,1018
3.7,0.1,4.1,0.14236600505295377,0.0,0.0725402972533728,-9.816521747802192,-10.058213320278398,-10.47454485359046,5.406447048873239e-06,1.1771247054925948,3.7823337526576065e-05,1019
3.9,0.1,4.1,0.15083702927646503,0.0,0.06933190066438301,-9.923450398206242,-10.38775375957564,-12.01531839967246,1.397320906798081e-05,1.6978706751584847,3.689131679117891e-05,1020
6.1000000000000005,0.1,4.1,-0.1513293738865297,0.0,0.06971823356677517,-9.921737699165213,-10.386947346830919,-12.012999034989924,5.606489663844954e-06,-1.6966954073059999,-6.0212109487071696e-06,1031
6.3,0.1,4.1,-0.14283644656634303,0.0,0.07290098290036831,-9.815194782973917,-10.057809543909126,-10.47385293657236,1.0832451995277965e-05,-1.1763534563661506,-4.027823275028313e-06,1032
6.5,0.1,4.1,-0.13633905585506176,0.0,0.06778103909502446,-9.69318772141629,-9.9920710363154,-10.26716746016164,-1.1867736500814835e-08,-0.8876737044717431,9.648735339311131e-06,1033
6.700000000000001,0.1,4.1,-0.12857404198547664,0.0,0.060837634561553,-9.61114178416477,-9.959409850872673,-10.185907470199561,-6.8332779945648345e-06,-0.7081759865160581,1.4453386505165758e-05,1034
6.9,0.1,4.1,-0.11987114451000884,0.0,0.05362386946383987,-9.568041832217896,-9.945072910080723,-10.157322718191944,-1.2824988002763291e-05,-0.5739515964901205,1.3295718359215451e-05,1035
7.1,0.1,4.1,-0.11068348020885899,0.0,0.04680600011131027,-9.549802737721706,-9.938476676722333,-10.14258064589571,-8.08273714276105e-06,-0.46712061566372753,8.814833651210144e-06,1036
7.299999999999999,0.1,4.1,-0.10136385116247666,0.0,0.040666202966838164,-9.547789071675357,-9.935813775231892,-10.13127980450108,4.267381153602986e-06,-0.3803992780808977,3.3614841384586346e-06,1037
7.5,0.1,4.1,-0.0921508084669545,0.0,0.03529237338492966,-9.555250855871156,-9.935039270734496,-10.119945497807144,4.829676325910196e-06,-0.30985269957390416,1.02886837931418e-06,1038
7.700000000000001,0.1,4.1,-0.08318599999130417,0.0,0.030672345027628892,-9.56784739515148,-9.935189179803741,-10.108098503883946,3.0037668286247646e-06,-0.2524231824465281,-5.809651358500299e-06,1039
7.9,0.1,4.1,-0.07454314962564847,0.0,0.026747459474918595,-9.582842850519139,-9.935786359505904,-10.096088947016678,1.557436337565614e-06,-0.20568852602974125,-1.1276252042366653e-05,1040
8.100000000000001,0.1,4.1,-0.06624772664482344,0.0,0.023441184402923806,-9.598074030784048,-9.936470645517092,-10.084279196807103,-4.698663213695494e-06,-0.16755208526456883,-4.395944117825487e-06,1041
8.299999999999999,0.1,4.1,-0.05829657600685334,0.0,0.020676608775183347,-9.61301179328688,-9.937248197175512,-10.073229192607217,-4.905703021113837e-06,-0.13623323741817459,3.624209978158852e-06,1042
8.5,0.1,4.1,-0.05066711523168382,0.0,0.018382471187017524,-9.626260960800108,-9.937865808426476,-10.063068081337887,-7.830864754440342e-07,-0.11035302426611894,3.0563848705855294e-06,1043
8.700000000000001,0.1,4.1,-0.04332722771082641,0.0,0.016497960674398387,-9.63845361158748,-9.938535963362023,-10.054226205239077,-2.9869896392696192e-06,-0.08861409656011451,-6.609987254202524e-07,1044
8.9,0.1,4.1,-0.03623970849449529,0.0,0.014969668390833829,-9.648392877686883,-9.938984236922527,-10.046528306931522,-2.343010052640286e-06,-0.07034163594713268,-1.3936035161319696e-05,1045
9.100000000000001,0.1,4.1,-0.029364576837255837,0.0,0.013754613808533076,-9.657116921987964,-9.93947328550185,-10.040249505537808,-1.2129395223209733e-06,-0.05447784270503447,-1.0946303349420002e-06,1046
9.3,0.1,4.1,-0.02266312236534009,0.0,0.012820533894890926,-9.663612188930312,-9.939751047191033,-10.035143047024706,-4.902376682942332e-06,-0.040590195854999844,7.773684446811817e-06,1047
9.499999999999998,0.1,4.1,-0.016093958779504498,0.0,0.01214161224893101,-9.66872418332958,-9.940028374327316,-10.031417688323252,-2.1987873251442392e-06,-0.028020394428490376,8.767960677459918e-07,1048
9.700000000000001,0.1,4.1,-0.009619440135280776,0.0,0.011699025251310096,-9.671871474844457,-9.940152611032953,-10.028891580337042,1.3067797743968413e-06,-0.016445502291791113,-1.2843620880613922e-06,1049
9.9,0.1,4.1,-0.0032000553733465744,0.0,0.011478794824856434,-9.673561170762216,-9.940243973933391,-10.027658698910667,-2.4091325864231765e-07,-0.0054697448653207486,-3.7246292150915886e-07,1050
0.1,0.1,4.3,0.0033281538869100982,0.0,0.009228591545410482,-9.662681804607393,-9.940045104153535,-10.037543716174438,2.167214104413059e-06,0.0045312160648692135,-9.274301661684164e-06,1051
0.3,0.1,4.3,0.01000974573341808,0.0,0.00940883370919259,-9.660467692496571,-9.939916319169914,-10.039113903367113,2.5069448877575617e-06,0.013801980002822649,-1.3260866971030338e-05,1052
0.5,0.1,4.3,0.016763214643432334,0.0,0.009775653252892393,-9.656379335847916,-9.939755090744784,-10.042396117885009,4.875172567905992e-06,0.023560457439135315,-1.434216957054864e-05,1053
0.7,0.1,4.3,0.02364105009990473,0.0,0.010337835878754528,-9.649565599749504,-9.939352808682479,-10.04719844367435,3.0691347656467615e-06,0.0340984196453997,-1.9821018426430604e-05,1054
0.9,0.1,4.3,0.030694228431743298,0.0,0.011112604410663321,-9.640938938127912,-9.938963060697214,-10.053876365367271,1.5163452435025352e-06,0.04601935821711424,-5.525784087026035e-06,1055
1.1,0.1,4.3,0.03798069840613384,0.0,0.012123830862057408,-9.629068964877094,-9.93827106485004,-10.06228635938194,3.6245267861176602e-06,0.05961687723492116,1.5991096676385535e-05,1056
1.3,0.1,4.3,0.045560876791772384,0.0,0.013403849056822424,-9.615054116654637,-9.937580654136779,-10.072849154030427,2.7696344025120143e-06,0.07574400992521439,-2.236636307434124e-06,1057
1.5,0.1,4.3,0.05350268771197642,0.0,0.01499461453109929,-9.59720848984777,-9.936528786727399,-10.08543544379849,5.687957652281556e-06,0.09500951966315475,-6.479726963367921e-06,1058
1.6999999999999997,0.1,4.3,0.06188001482568757,0.0,0.01694605030656407,-9.57654919155885,-9.935397546323921,-10.100438540058272,1.2601664649940329e-06,0.1184731145350512,8.737973398631502e-06,1059
1.9,0.1,4.3,0.07077232602734852,0.0,0.01932041678166129,-9.551636495037952,-9.933848542837822,-10.117606219152652,-3.066964530968882e-07,0.14737969650885038,-1.8032963892686686e-06,1060
2.0999999999999996,0.1,4.3,0.08026661953898778,0.0,0.022194084624667938,-9.52302556337068,-9.932070047333426,-10.137324673297833,-1.0800516255904557e-06,0.18358194969713512,-1.4556359095145837e-05,1061
2.3,0.1,4.3,0.09045333570131026,0.0,0.025651113677948045,-9.489982176885285,-9.929886350741542,-10.159449576819915,3.794981120442276e-06,0.22895832621243564,-1.4404963777402828e-05,1062
2.5000000000000004,0.1,4.3,0.10142740756863415,0.0,0.02977547862484049,-9.452657726709793,-9.927334899942474,-10.184016773003211,6.091375615873213e-06,0.2863383470779047,-1.859762226146093e-05,1063
2.7,0.1,4.3,0.11327921659041666,0.0,0.03463665043463151,-9.411512642036396,-9.924560373671685,-10.211289226322766,3.8840206765016845e-06,0.358891024509461,-1.4452288261865639e-05,1064
2.9000000000000004,0.1,4.3,0.12610662547505697,0.0,0.040240923510204786,-9.365548311496148,-9.921538882370818,-10.242146100355654,8.190720279781614e-06,0.45020510995431645,4.305518684016207e-06,1065
3.0999999999999996,0.1,4.3,0.14003182884799004,0.0,0.046439940873134286,-9.31462830345206,-9.919163954170386,-10.281191467400905,1.0239275044761597e-05,0.5640305811947132,4.909806694182736e-06,1066
3.3,0.1,4.3,0.15531181480602052,0.0,0.05272525737616363,-9.24923982289675,-9.918144955666229,-10.34148495543574,1.2537743301830287e-05,0.7027627282687454,5.442486567871884e-06,1067
3.5,0.1,4.3,0.17265849126222638,0.0,0.05772140658917416,-9.142649627139264,-9.919421803919425,-10.454459392463795,3.908354366284269e-06,0.860676375208737,1.8535202746443296e-05,1068
3.7,0.1,4.3,0.19432220223296773,0.0,0.057648255387543985,-8.903341066558703,-9.932018911317387,-10.75675349002951,-4.50497956137903e-06,0.980415827884159,1.71845907662553e-05,1069
3.9,0.1,4.3,0.22576027636800777,0.0,0.03826950378708474,-8.19854947114724,-9.789921057091771,-10.751055814313359,5.64277698540057e-06,0.4904290163399211,8.47705131590043e-06,1070
6.1000000000000005,0.1,4.3,-0.22617237944428567,0.0,0.03868630732099692,-8.19812054676378,-9.789554043918642,-10.749649672831527,5.239414219930235e-06,-0.4901123260614347,-1.2945646307625807e-06,1081
6.3,0.1,4.3,-0.19472906557099517,0.0,0.05801930762854949,-8.902645279976232,-9.931701449969196,-10.755861969870566,1.1254748104915412e-05,-0.9796565469506507,-3.4671825994016534e-06,1082
6.5,0.1,4.3,-0.1730507001914623,0.0,0.05806121037716968,-9.141483076503585,-9.919102818531083,-10.454031016152781,5.171018340744554e-06,-0.8600404811937281,4.203096954227598e-06,1083
6.700000000000001,0.1,4.3,-0.15568392449582633,0.0,0.053038173573730446,-9.248181832037542,-9.917916843681187,-10.341402386368978,-2.6700208229695616e-06,-0.7021796967316489,3.3904727498787227e-06,1084
6.9,0.1,4.3,-0.14038183713980834,0.0,0.046728656872898525,-9.31340278736173,-9.918945923211378,-10.281326828701198,-5.561095113213926e-06,-0.5635371995044562,1.4536225157783036e-06,1085
7.1,0.1,4.3,-0.12643374453925066,0.0,0.04050463781947007,-9.364487484330843,-9.9213817535688,-10.242421283518741,-4.684002572782281e-06,-0.449822413740665,2.71457489161954e-06,1086
7.299999999999999,0.1,4.3,-0.1135831201553343,0.0,0.034874843968740674,-9.410286126605355,-9.924365101089617,-10.211539378859378,-1.267481978420602e-06,-0.3585715967191569,2.6636457110574688e-06,1087
7.5,0.1,4.3,-0.10170730934858688,0.0,0.02998768880742805,-9.451530675717317,-9.927177087822262,-10.184354763400245,2.887537303661671e-07,-0.2861345393550181,8.270796945959471e-06,1088
7.700000000000001,0.1,4.3,-0.0907097942591119,0.0,0.025837077257893352,-9.488828507607508,-9.929719812559838,-10.159770555208059,-5.379085408881737e-06,-0.2287900889081482,1.0295134270805153e-05,1089
7.9,0.1,4.3,-0.08049936729625844,0.0,0.022355593197586007,-9.521856649632161,-9.931890557031958,-10.13759613553359,-8.137005620436066e-06,-0.1834239405811806,1.5260616092385176e-06,1090
8.100000000000001,0.1,4.3,-0.0709817978178178,0.0,0.01945797232537805,-9.550502321245553,-9.933661584550407,-10.117805601512865,-4.25275718425979e-06,-0.14730428022390288,1.4276466934202194e-06,1091
8.299999999999999,0.1,4.3,-0.06206687166841808,0.0,0.017060990230262876,-9.575389748819767,-9.93518329056977,-10.100526704045452,2.4847122941382053e-06,-0.11835327272559966,-2.6781022313562565e-06,1092
8.5,0.1,4.3,-0.05366717425038451,0.0,0.015089705773044387,-9.596086056682834,-9.936324287539684,-10.085535381021518,3.364304775012642e-06,-0.09491785317361409,-1.6722789579350856e-05,1093
8.700000000000001,0.1,4.3,-0.045702853557375925,0.0,0.013482573163459372,-9.61388495045279,-9.937371899017313,-10.072974544649998,-1.117471625964663e-06,-0.07561620523139045,-1.175886426298732e-05,1094
8.9,0.1,4.3,-0.03810054746927074,0.0,0.012187356851226053,-9.627989441903319,-9.938077927927504,-10.062400197740196,-2.1433909953183676e-06,-0.05961572879028613,-1.0328595057268555e-06,1095
9.100000000000001,0.1,4.3,-0.030792554426505726,0.0,0.011163108969939614,-9.639818352420816,-9.938751184113594,-10.053937568163455,3.7396653070139536e-06,-0.04592005268673994,7.862181950239636e-06,1096
9.3,0.1,4.3,-0.02371801726157335,0.0,0.010378706932118911,-9.648490946540232,-9.939148219861801,-10.047250152768248,5.452121906591576e-06,-0.03407480760581034,-3.860366431426415e-06,1097
9.499999999999998,0.1,4.3,-0.01681856303875006,0.0,0.009809908421533519,-9.65522597702033,-9.939537860968557,-10.042463327838716,7.963780024222538e-07,-0.023461761296050453,-8.202291279810864e-06,1098
9.700000000000001,0.1,4.3,-0.010042746555099647,0.0,0.009440135941142418,-9.659334192915091,-9.939712695046333,-10.039229282332977,-6.646703494893075e-07,-0.01375826882560572,2.2446954761725258e-06,1099
9.9,0.1,4.3,-0.0033390864808118897,0.0,0.009256670607318582,-9.661559847139038,-9.939833136753991,-10.037605836637209,-1.155992002508567e-07,-0.004571465451833023,7.03861552880242e-06,1100
0.1,0.1,4.500000000000001,0.0034411863141831384,0.0,0.006788925876559026,-9.652893344697967,-9.939677007730673,-10.045491693969979,4.09341901951418e-07,0.0034218418226615185,-8.350433691596711e-08,1101
0.3,0.1,4.500000000000001,0.01035324555688345,0.0,0.006924459443730072,-9.650298001752084,-9.939534437581276,-10.047374186168408,7.051231240472133e-08,0.010425929523514963,-1.278435803425577e-06,1102
0.5,0.1,4.500000000000001,0.017351177793655404,0.0,0.007200737282147515,-9.645365648229296,-9.93932864446597,-10.05127757410951,2.7580386350519296e-06,0.017820412185979944,-1.247066418166544e-05,1103
0.7,0.1,4.500000000000001,0.024498366340874565,0.0,0.007625390109865585,-9.637205309983043,-9.938852353717683,-10.05705645861649,2.524579010712544e-06,0.025869480394858015,-1.5243123155832135e-05,1104
0.9,0.1,4.500000000000001,0.03185843790560564,0.0,0.008212259589975441,-9.626615492020377,-9.938353791205055,-10.065153464013777,-2.9129969369389116e-07,0.03499457175292617,-4.016417125283527e-06,1105
1.1,0.1,4.500000000000001,0.03950471594374973,0.0,0.008980454371422749,-9.61202573020908,-9.937495318118152,-10.075450860390562,2.2298269853038885e-06,0.04553678677171319,-4.549276295215977e-06,1106
1.3,0.1,4.500000000000001,0.04751732827230521,0.0,0.009956729208922084,-9.594268227495618,-9.936568622351615,-10.088574884263195,3.25246319043599e-06,0.05814248905183515,-9.256878989387714e-06,1107
1.5,0.1,4.500000000000001,0.05599035106605245,0.0,0.011175564388879915,-9.57136397738675,-9.935181250036237,-10.1045422728035,5.058058551041574e-06,0.0733557936325259,-5.808160565839923e-06,1108
1.6999999999999997,0.1,4.500000000000001,0.06503276887956924,0.0,0.012680393265945401,-9.543777239018132,-9.93355699173962,-10.12400771967786,2.2394846417325704e-06,0.09221271561026678,-1.546613833538763e-05,1109
1.9,0.1,4.500000000000001,0.07477177639652967,0.0,0.014525787847718557,-9.509479196901056,-9.931324692694654,-10.147144266573402,1.2718360998295278e-06,0.11579421225858957,-2.9247695921509113e-05,1110
2.0999999999999996,0.1,4.500000000000001,0.08536060865579544,0.0,0.016777588490384802,-9.467875983773466,-9.928506279360278,-10.17465541302875,7.73073588468599e-06,0.14575151874629033,-2.5175395037737072e-05,1111
2.3,0.1,4.500000000000001,0.09698102089541313,0.0,0.019510876453263486,-9.41698284891355,-9.92478538232589,-10.206944062713765,1.127874524261772e-05,0.18393343231036183,-1.564721066006074e-05,1112
2.5000000000000004,0.1,4.500000000000001,0.10985482510386455,0.0,0.022801065220240786,-9.354718625359602,-9.919819026936452,-10.244376509323143,7.043083645549694e-06,0.23289731070435116,-7.6249561788309824e-06,1113
2.7,0.1,4.500000000000001,0.12424822322550637,0.0,0.026704798691821404,-9.27885033620983,-9.91328840060174,-10.287591666799914,1.29951129097453e-06,0.2953486923990082,6.544656251053646e-06,1114
2.9000000000000004,0.1,4.500000000000001,0.1405003471986062,0.0,0.031202832220186463,-9.184185209337167,-9.904201354019007,-10.336821560755611,7.381163811989797e-06,0.37337685649921576,2.0842724647995057e-05,1115
3.0999999999999996,0.1,4.500000000000001,0.15905458328489114,0.0,0.03607384222503023,-9.065573127612637,-9.891864669591026,-10.39375022034338,1.2178898777728316e-05,0.4661260246117291,9.928966608392522e-06,1116
3.3,0.1,4.500000000000001,0.1805689945627332,0.0,0.04060649244266806,-8.906581228015419,-9.873306091891491,-10.459949231442993,6.412773593592165e-06,0.5629938548739466,8.703917028741064e-06,1117
3.5,0.1,4.500000000000001,0.2060982142315657,0.0,0.04296261742371815,-8.683809290406684,-9.844691496518841,-10.539648192193324,-3.5848957705945827e-06,0.6258251376137264,1.7138170270864002e-05,1118
3.7,0.1,4.500000000000001,0.23715803435461807,0.0,0.03863295715582002,-8.349807262566383,-9.777450124961293,-10.537443362241875,-6.915308864276543e-06,0.5280090258275812,7.254973128360215e-06,1119
3.9,0.1,4.500000000000001,0.2731017292537557,0.0,0.020334860020462413,-8.087310455291023,-9.655210927276922,-10.188744181095547,-7.663371096390187e-06,0.18883075197734941,-1.944098579978839e-06,1120
6.1000000000000005,0.1,4.500000000000001,-0.27344157343381403,0.0,0.020769055900002106,-8.087032313849836,-9.655037038650924,-10.18815287940678,-7.412250763624577e-07,-0.18862362249162437,-4.079799521052055e-06,1131
6.3,0.1,4.500000000000001,-0.23749548118654962,0.0,0.0390147744069741,-8.349567234377462,-9.777309080735055,-10.536978169299575,1.1579330680820392e-06,-0.5274821656843207,1.6911816111835206e-06,1132
6.5,0.1,4.500000000000001,-0.2064275709886386,0.0,0.04330442776872818,-8.683022699434293,-9.844479342296998,-10.539374012051535,5.776559424040191e-07,-0.625203343180443,3.874479040148474e-06,1133
6.700000000000001,0.1,4.500000000000001,-0.18088472152471374,0.0,0.04091534137737119,-8.905889927808033,-9.873178145235565,-10.46000079837097,-1.4578837259433272e-06,-0.5623539086394848,4.780280577139869e-06,1134
6.9,0.1,4.500000000000001,-0.1593537772471918,0.0,0.03635455647035247,-9.064589735740103,-9.891694878841129,-10.393884658471446,6.997504603758636e-07,-0.4655528488097935,5.350898790521365e-06,1135
7.1,0.1,4.500000000000001,-0.140780793658257,0.0,0.03145712548880996,-9.183305273997709,-9.904069166281397,-10.337040557415559,2.7359553779432863e-06,-0.3729023019958411,3.4860004610608564e-06,1136
7.299999999999999,0.1,4.500000000000001,-0.12450950591530845,0.0,0.02693262710491006,-9.27785766198682,-9.91314483126608,-10.28786649435984,-1.2234783515723475e-06,-0.29496370413086076,4.703286275047082e-06,1137
7.5,0.1,4.500000000000001,-0.11009569207559398,0.0,0.023002038091265886,-9.353728039058463,-9.91968141193389,-10.244679020616934,-4.079116371498011e-06,-0.2326018895271419,3.7493742206582498e-06,1138
7.700000000000001,0.1,4.500000000000001,-0.09720168295762645,0.0,0.01968594024720838,-9.416009856266006,-9.924646176713594,-10.207221027318822,-7.536288702144429e-06,-0.18366570246696773,1.506672554775788e-06,1139
7.9,0.1,4.500000000000001,-0.08556092713044727,0.0,0.01692878666204311,-9.46686109495927,-9.928353301003868,-10.174905410066152,-7.579722398021558e-06,-0.14551064916952375,2.516690331479201e-06,1140
8.100000000000001,0.1,4.500000000000001,-0.07495167148351549,0.0,0.014654291955990502,-9.508480586297775,-9.93116519888065,-10.147345408111507,-4.338636061115293e-06,-0.11561298074008014,2.587413825176918e-06,1141
8.299999999999999,0.1,4.500000000000001,-0.06519278501572895,0.0,0.012787798472177479,-9.542787211621562,-9.933390918364786,-10.124167380218834,-2.4857936248501493e-06,-0.09206047063095572,-1.1859266155406255e-07,1142
8.5,0.1,4.500000000000001,-0.0561309323819489,0.0,0.011263499013235393,-9.570404330202356,-9.935015790853852,-10.10467462407239,-1.8221384960573174e-06,-0.07324537850710043,-5.6509553089457104e-06,1143
8.700000000000001,0.1,4.500000000000001,-0.047638533711013335,0.0,0.01002793308936395,-9.59327315277752,-9.936393372639717,-10.088693710437552,-1.6685258010800102e-06,-0.05799741688406126,-1.4183742066485636e-05,1144
8.9,0.1,4.500000000000001,-0.039606929257539045,0.0,0.009037005314667876,-9.611096781389303,-9.937328902908176,-10.075547733156954,2.5852442727620715e-07,-0.04546163359345242,-5.721096138822121e-06,1145
9.100000000000001,0.1,4.500000000000001,-0.03194223400856551,0.0,0.008256701610706197,-9.625655610347767,-9.938170564227068,-10.065197210803737,5.996033548439924e-06,-0.03487580300830826,6.452387829479962e-06,1146
9.3,0.1,4.500000000000001,-0.02456374562991115,0.0,0.007660633948097907,-9.636263989958838,-9.938670361897204,-10.057087819527199,6.257182507899581e-06,-0.02580069023012943,1.0610891893123798e-06,1147
9.499999999999998,0.1,4.500000000000001,-0.01739806650635218,0.0,0.007228860669261259,-9.644390397915759,-9.939139497220497,-10.05130708820289,-1.193093151712071e-07,-0.01774849640792215,-4.262461336307702e-06,1148
9.700000000000001,0.1,4.500000000000001,-0.010381270187679568,0.0,0.006948634549154226,-9.649338937964481,-9.939362342124344,-10.04747277267334,-3.0812405708562248e-06,-0.010377474572786878,3.576073704090163e-06,1149
9.9,0.1,4.500000000000001,-0.0034504652645904535,0.0,0.006810735800533044,-9.651943489321425,-9.939500585917639,-10.045559440272857,-8.162288327210474e-07,-0.0034197237695874254,1.2969355222703898e-05,1150
0.1,0.1,4.7,0.003520181109752543,0.0,0.004179513021924336,-9.64605835018457,-9.939425499744205,-10.051069148543405,-2.779920281239658e-07,0.002131005989736509,9.235993402669897e-06,1151
0.3,0.1,4.7,0.010593594413823007,0.0,0.004263967149944953,-9.643160090869525,-9.93925859804283,-10.053132899351775,-6.674232929479637e-07,0.006494131041779143,8.342574569641869e-06,1152
0.5,0.1,4.7,0.017763220829987686,0.0,0.004436084831869144,-9.637600610675594,-9.939011336505011,-10.057456071851965,-1.2126924155427912e-06,0.01112007034289078,5.01257936476117e-07,1153
0.7,0.1,4.7,0.025100296463036163,0.0,0.004701300587213041,-9.628459305297262,-9.938484425286063,-10.063962821137036,6.210113584413577e-07,0.01618912087153648,1.1287033492365569e-06,1154
0.9,0.1,4.7,0.032677866461125624,0.0,0.005068397194350382,-9.616422426769859,-9.937906812188022,-10.07311163417275,-2.8232511203829816e-06,0.021925105126094566,-4.5675915090071044e-07,1155
1.1,0.1,4.7,0.04058127970045622,0.0,0.005550200665505121,-9.599770411242039,-9.93692172590604,-10.084838218290496,-3.6522650217457124e-06,0.0286356444361751,-1.326070728557941e-05,1156
1.3,0.1,4.7,0.04890593351561944,0.0,0.006163916585101446,-9.579191061408638,-9.935817214945281,-10.099895013323946,8.805132644145059e-07,0.03666062539283279,-1.1264049559586416e-05,1157
1.5,0.1,4.7,0.05776588839208587,0.0,0.006932235888202075,-9.552440233849099,-9.9341765789017,-10.118442660661934,-1.1548861627133556e-06,0.04648835007912143,-9.831012888340402e-06,1158
1.6999999999999997,0.1,4.7,0.0672981333100841,0.0,0.007884695567391358,-9.51949095834421,-9.932173962873327,-10.141378856025094,-1.0580802372441198e-06,0.05871540615184006,-1.8539560608872655e-05,1159
1.9,0.1,4.7,0.07766856430215836,0.0,0.00905853629698454,-9.477842375471162,-9.929411457884681,-10.169214913958328,-1.8697795434391551e-06,0.07418630891252606,-2.4402797586384834e-05,1160
2.0999999999999996,0.1,4.7,0.08908427299786643,0.0,0.010498741204606437,-9.425947872928802,-9.925766440263471,-10.202884328394722,3.072431734621395e-06,0.09399275497613292,-2.099993818811245e-05,1161
2.3,0.1,4.7,0.10180122745767772,0.0,0.01225629791616156,-9.360810477702097,-9.920808154513592,-10.24323029486862,6.2717094413864675e-06,0.1194801377296851,-8.027840987125897e-06,1162
2.5000000000000004,0.1,4.7,0.11614519167088382,0.0,0.01438258306476142,-9.278433634874068,-9.913862060734694,-10.290876668805224,-1.29891844831831e-06,0.1523611777722708,2.5118852271280823e-06,1163
2.7,0.1,4.7,0.13251945664597745,0.0,0.01691063927910071,-9.175048127566875,-9.904241531427548,-10.346159529576683,-1.110999774582573e-06,0.1941819179458062,1.0301102154316094e-05,1164
2.9000000000000004,0.1,4.7,0.15143138069284895,0.0,0.019806478998548923,-9.043135529565319,-9.890065946747416,-10.407194204174184,7.239449637605923e-06,0.24534941047917705,1.349569007643561e-05,1165
3.0999999999999996,0.1,4.7,0.17348788300553922,0.0,0.022854567630430096,-8.878253903199242,-9.869508937084952,-10.469290782231502,1.9491409574934718e-05,0.30205544434952714,3.1347374245540883e-06,1166
3.3,0.1,4.7,0.19938080368131894,0.0,0.02541196074214648,-8.67100128814614,-9.837660908366153,-10.51730325369042,1.0206059412015501e-05,0.3495746947470238,7.979131763053608e-06,1167
3.5,0.1,4.7,0.22970991220939446,0.0,0.02595413574734559,-8.426213564534939,-9.787178970333834,-10.50968128713747,-1.0569443690447946e-05,0.35015839500943424,1.1689211145981019e-05,1168
3.7,0.1,4.7,0.2643261135774931,0.0,0.021770005375474973,-8.183179903896733,-9.707128628795846,-10.352463240089385,-9.014748107366215e-06,0.2572200520849075,5.940830104926173e-06,1169
3.9,0.1,4.7,0.3013087532798974,0.0,0.009960111453656408,-8.032780621217682,-9.590962140074659,-9.922030079162239,-3.8543995818715986e-06,0.07880896084577232,-1.1129973331715216e-06,1170
6.1000000000000005,0.1,4.7,-0.3015809509941983,0.0,0.010400391063525525,-8.03257784390329,-9.590893151064098,-9.921887911424028,3.2490877048730168e-06,-0.07868931077927518,-4.530532545664805e-06,1181
6.3,0.1,4.7,-0.2645961463582246,0.0,0.02215655938739996,-8.18309370217452,-9.707088633946327,-10.352349467563851,5.14385103955185e-06,-0.2568725824469893,2.1005544991683225e-06,1182
6.5,0.1,4.7,-0.22997420559560364,0.0,0.026295909308829732,-8.425659093210886,-9.787054637687126,-10.509614095230898,3.6183085016890736e-06,-0.3496693811979507,1.682889903561872e-06,1183
6.700000000000001,0.1,4.7,-0.1996355824920596,0.0,0.025716429644274584,-8.670573895912275,-9.837599954049935,-10.517425874343445,5.053846592965565e-06,-0.3489988647372887,6.796583634146734e-07,1184
6.9,0.1,4.7,-0.17373103918026483,0.0,0.023127753755849037,-8.877556083357522,-9.869417203127673,-10.469529932283724,5.943089875326772e-06,-0.3014518045227632,5.362736681614214e-07,1185
7.1,0.1,4.7,-0.1516604904212646,0.0,0.020051361815335532,-9.042532467725307,-9.890025335048382,-10.407594207519665,6.340195936044373e-06,-0.24480640193279507,-4.7538572944299155e-07,1186
7.299999999999999,0.1,4.7,-0.13273342760949333,0.0,0.01712787733771674,-9.174273220105535,-9.904164830377896,-10.34655093178327,5.9286725764722185e-06,-0.1937190068809139,-1.1359262484724184e-06,1187
7.5,0.1,4.7,-0.1163429270800191,0.0,0.014572840210067592,-9.27771383655411,-9.913796618285513,-10.291269254876427,3.682354018641739e-06,-0.15197603305902083,-1.0909352157217064e-07,1188
7.700000000000001,0.1,4.7,-0.10198278468992415,0.0,0.012421018995975423,-9.360032526707288,-9.920725411695518,-10.24359453176958,-1.071885822836568e-06,-0.11915225847539548,2.3231894403941717e-06,1189
7.9,0.1,4.7,-0.0892489020849577,0.0,0.01063995771256226,-9.425135472507419,-9.92567013239403,-10.203215189465551,-3.235607151967294e-06,-0.09368121128198477,2.2254678169986818e-06,1190
8.100000000000001,0.1,4.7,-0.07781638671841158,0.0,0.009178195354263164,-9.477056421563798,-9.929310883861842,-10.169497997748149,-3.545220270519195e-06,-0.07392997277662144,2.5892392584251195e-06,1191
8.299999999999999,0.1,4.7,-0.06742961253399402,0.0,0.007984079430206454,-9.51870323114731,-9.932064472250653,-10.141619130105687,-2.519052947152855e-06,-0.05851165576498035,3.8830506892193065e-06,1192
8.5,0.1,4.7,-0.057881278926721756,0.0,0.007012821491323268,-9.551662683496469,-9.934060989898065,-10.118642265996755,-1.6137890123847365e-07,-0.046316915788274765,3.663327037085524e-06,1193
8.700000000000001,0.1,4.7,-0.049005364667322124,0.0,0.006228112464041993,-9.578393427253054,-9.935689643556278,-10.100054790527592,1.6373732172790179e-06,-0.036515620661744325,-3.6967110614012165e-06,1194
8.9,0.1,4.7,-0.040665167647915126,0.0,0.0056006390614272115,-9.599018205597067,-9.936793745097487,-10.084950519893077,1.7971328526749845e-06,-0.02851026940241625,-5.794768806910485e-06,1195
9.100000000000001,0.1,4.7,-0.032746557938598556,0.0,0.005107611733840949,-9.615629802819004,-9.937759739508667,-10.073168894723874,2.5813344040016014e-06,-0.02182383794968065,2.0246375123096344e-06,1196
9.3,0.1,4.7,-0.025153683073884308,0.0,0.004731588849533319,-9.627685443914485,-9.93834109082282,-10.06402001018837,1.6906473159991806e-06,-0.016103912074547713,5.25459076790279e-06,1197
9.499999999999998,0.1,4.7,-0.017801417637051904,0.0,0.004459340709924859,-9.636810384992405,-9.938860053787215,-10.057489883942896,-1.596131654715908e-06,-0.011071150999658422,1.333448603212541e-06,1198
9.700000000000001,0.1,4.7,-0.010616506987698995,0.0,0.0042825448437364,-9.642376818063767,-9.939110129587881,-10.053173829874638,-2.1014035854851234e-06,-0.0064594074274983955,2.4793551791090166e-06,1199
9.9,0.1,4.7,-0.003527809721116472,0.0,0.0041961082193031395,-9.645272514267702,-9.939276422042672,-10.051109595948644,-4.6763569409188864e-07,-0.0021085527279156085,5.929443703237677e-06,1200
0.1,0.1,4.9,0.0035608083398190223,0.0,0.0014640924456275743,-9.64254742566956,-9.93930023569288,-10.053953752808978,4.2043388208738443e-07,0.0007377826194667553,2.5288780560277933e-06,1201
0.3,0.1,4.9,0.010717543493477278,0.0,0.0014933577056916848,-9.639467590167664,-9.939122521504357,-10.05614501736878,5.669708695914699e-07,0.002232752983623797,6.410034531079338e-06,1202
0.5,0.1,4.9,0.017976077018915623,0.0,0.001552757022465,-9.633595031963118,-9.938859000220102,-10.06069996914613,-2.085640971412591e-08,0.0038279611487272436,5.6978266226564456e-06,1203
0.7,0.1,4.9,0.025411691891673825,0.0,0.0016444335131101174,-9.623912178459339,-9.938295976877818,-10.067567705941027,2.6655334987231187e-06,0.005576927083893842,5.1224197623718294e-06,1204
0.9,0.1,4.9,0.03310246906674516,0.0,0.001771184519276943,-9.6111120806387,-9.937671748951844,-10.077246664129499,-1.375448119833607e-06,0.007550902693685293,2.2810967376627956e-06,1205
1.1,0.1,4.9,0.041140178921026976,0.0,0.0019377634017175363,-9.593353026842617,-9.936621839129716,-10.089756168814857,-5.73777003547228e-06,0.009888107404593291,-4.714068070094419e-06,1206
1.3,0.1,4.9,0.04962888980795583,0.0,0.0021498607590424235,-9.571241104748863,-9.935421615355098,-10.10586697202739,-5.058808664533399e-06,0.012640621463947312,-3.282366701169736e-06,1207
1.5,0.1,4.9,0.05869351221786575,0.0,0.0024151255104093113,-9.542407225422474,-9.93364695943359,-10.125827571754611,-1.830872250787294e-06,0.01605464403964928,-1.746857838705015e-06,1208
1.6999999999999997,0.1,4.9,0.06848608964845519,0.0,0.0027439191463981827,-9.506570542789278,-9.931446857537797,-10.150663744897635,5.064885838425326e-06,0.020285983115463358,-1.8911363755706094e-06,1209
1.9,0.1,4.9,0.07919417594494046,0.0,0.0031492629359926305,-9.460867363434524,-9.928382526489923,-10.181045269016073,2.8410391813469525e-06,0.025682414387308238,2.2053585846900225e-07,1210
2.0999999999999996,0.1,4.9,0.09105550230577256,0.0,0.00364737376205514,-9.403275378580627,-9.924285087977076,-10.21815006130555,-3.964477912068125e-06,0.03261933075789472,-2.8540712583144274e-07,1211
2.3,0.1,4.9,0.1043675272074229,0.0,0.00425575480362796,-9.330246373217504,-9.918645102929961,-10.262979141429888,-8.708211712083204e-07,0.04157547569925706,1.7881695261846505e-06,1212
2.5000000000000004,0.1,4.9,0.11951302838617547,0.0,0.004991859642622648,-9.236758963106839,-9.910590322966977,-10.316192651729217,-1.3517765025426004e-06,0.05312746655558006,7.495030883344062e-06,1213
2.7,0.1,4.9,0.13696757725504566,0.0,0.0058660474762613525,-9.118417835815857,-9.89923806485328,-10.377772488451411,-3.103129447497415e-06,0.06778802755224383,1.0405581414783109e-05,1214
2.9000000000000004,0.1,4.9,0.15731690541341073,0.0,0.006861559140228523,-8.967103763591274,-9.882200244233932,-10.443897457575975,4.064995986471074e-06,0.085434053379814,5.346952862258193e-06,1215
3.0999999999999996,0.1,4.9,0.18121141925320863,0.0,0.007887615931380447,-8.780827949094617,-9.857095481692236,-10.504649459367599,1.0333009765998414e-05,0.10401287950608144,2.707917697400419e-06,1216
3.3,0.1,4.9,0.20924127094882544,0.0,0.00868381732586204,-8.558507061648838,-9.818243762495099,-10.532711750827517,9.680478630856604e-07,0.11681545816902825,8.110015681784239e-06,1217
3.5,0.1,4.9,0.2415689991209167,0.0,0.008692767755350111,-8.326078663808019,-9.760532894244173,-10.476585807419799,-1.625887591973642e-05,0.11146872061158561,-2.493241996877301e-08,1218
3.7,0.1,4.9,0.2773866160035837,0.0,0.007056745664596602,-8.12617199837377,-9.67675864109048,-10.257621207079742,-8.655263184288808e-06,0.0770272641339521,-1.0012279263438233e-05,1219
3.9,0.1,4.9,0.314536421649618,0.0,0.0030286958562872122,-8.021562947325878,-9.567038408186214,-9.813629093607004,8.491111482439986e-06,0.022403646250948452,-6.859188870428653e-06,1220
6.1000000000000005,0.1,4.9,-0.3147447640140955,0.0,0.003468152214085408,-8.021291867022832,-9.56700744357558,-9.813745350857207,1.6254133519425687e-06,-0.022282456008510945,-1.876928547985123e-05,1231
6.3,0.1,4.9,-0.27759113442834527,0.0,0.0074420113525426965,-8.12612849938846,-9.67679272250601,-10.257835113143562,1.1772117579567866e-05,-0.07671112738474492,-7.779938270947394e-06,1232
6.5,0.1,4.9,-0.24176887781695286,0.0,0.00903126838336607,-8.325741154578353,-9.760502330949214,-10.476770500169291,9.59822346243237e-06,-0.11101712708176135,-6.920725045553105e-06,1233
6.700000000000001,0.1,4.9,-0.2094343458196821,0.0,0.008982918080794138,-8.558253022183948,-9.818247551379352,-10.532984734713741,1.180658685679059e-05,-0.11627337960371632,-1.4365391980800288e-05,1234
6.9,0.1,4.9,-0.18139640710510058,0.0,0.008153301429487177,-8.780367051284676,-9.857054059989531,-10.504903248669162,1.2438900742667416e-05,-0.10344909437525493,-1.2823724152333676e-05,1235
7.1,0.1,4.9,-0.15749236107786788,0.0,0.007097338000739501,-8.966706528188897,-9.882179438979989,-10.444190666716983,-2.5420217686746767e-06,-0.08491260511972215,-9.453207811150965e-06,1236
7.299999999999999,0.1,4.9,-0.1371321880143905,0.0,0.0060733853351911385,-9.117829011830203,-9.899178886857813,-10.378065422475352,-2.135434201987409e-06,-0.06734906351221137,2.614629665097927e-06,1237
7.5,0.1,4.9,-0.11966575143710298,0.0,0.005172139994254459,-9.236269689917764,-9.910560687797377,-10.316533749075324,3.895173695668162e-06,-0.052731182984653964,1.6048613435351648e-05,1238
7.700000000000001,0.1,4.9,-0.10450833742586652,0.0,0.00441092785189025,-9.329653165710424,-9.918583959235027,-10.263266630481052,-7.298701552690589e-06,-0.041226809295072005,1.6058464049432738e-05,1239
7.9,0.1,4.9,-0.09118346756139792,0.0,0.003779170557625692,-9.402673798078975,-9.924224418869239,-10.218448296273115,-1.9546579109234316e-06,-0.032327701331012725,5.705811526424892e-06,1240
8.100000000000001,0.1,4.9,-0.07930920433649293,0.0,0.003260180211118823,-9.460267248240651,-9.928319605625205,-10.181330779891457,5.4833314984650094e-06,-0.025410471848434698,-1.1317819874439512e-06,1241
8.299999999999999,0.1,4.9,-0.06858814634767249,0.0,0.0028353478345558296,-9.505952460791805,-9.931371247813484,-10.150903778292577,-2.125449760751778e-06,-0.020089311167564836,-9.599908731324376e-07,1242
8.5,0.1,4.9,-0.058782921648861064,0.0,0.0024883298172370155,-9.54182644109942,-9.933576616446288,-10.126056641137849,-4.229343703299874e-06,-0.01586152641943914,1.0466631853731397e-06,1243
8.700000000000001,0.1,4.9,-0.04970597485838504,0.0,0.002207414561170612,-9.570638628396848,-9.935336345318497,-10.106043098212222,-1.332292502242378e-06,-0.012474912588903772,1.5501930967968246e-06,1244
8.9,0.1,4.9,-0.04120527494755471,0.0,0.0019826974813895734,-9.592783666087724,-9.936534564577927,-10.089889156807724,-9.804474989903853e-07,-0.009710601681333173,-1.40013155228257e-07,1245
9.100000000000001,0.1,4.9,-0.03315567208725137,0.0,0.0018057795466849729,-9.61049099276182,-9.937562476341682,-10.077321388963288,1.284167503431815e-06,-0.007428978637960758,4.584372304330082e-07,1246
9.3,0.1,4.9,-0.025452898347638846,0.0,0.0016704229804058966,-9.623314315689564,-9.938186698575977,-10.067619177190265,2.307533641792627e-06,-0.005466897124040362,5.964843182224678e-07,1247
9.499999999999998,0.1,4.9,-0.0180055127891525,0.0,0.0015722377149780702,-9.632978993472003,-9.93873861796845,-10.060714096386723,9.049425688834857e-07,-0.0037617605788312753,1.9533321772579293e-06,1248
9.700000000000001,0.1,4.9,-0.010735305817551501,0.0,0.0015081828617931566,-9.638870025640845,-9.939002897550328,-10.056144462126836,-1.742949477788179e-07,-0.0021965938657147353,1.786555739775612e-06,1249
9.9,0.1,4.9,-0.003566807598221021,0.0,0.0014768304033750312,-9.641924578712697,-9.939177736582794,-10.053964104206976,-5.960424523377843e-07,-0.0007151764079620819,-5.675448818989152e-07,1250
0.1,0.1,5.1000000000000005,0.00356101106553357,0.0,-0.0012877832434853287,-9.642535998207201,-9.939305355497089,-10.053990779292752,-1.813549935275947e-07,-0.0007043152945820294,-2.532246058934247e-06,1251
0.3,0.1,5.1000000000000005,0.010718293936270136,0.0,-0.001315523388195778,-9.639443577379529,-9.939127542898666,-10.056194137128013,-4.099705005614169e-07,-0.002162802680056116,1.11082761947e-06,1252
0.5,0.1,5.1000000000000005,0.017977505267747763,0.0,-0.0013719443950885584,-9.633575907597173,-9.938867729595572,-10.060762740389475,1.2495671810065092e-07,-0.0036829000069302517,2.9287344751009615e-06,1253
0.7,0.1,5.1000000000000005,0.025413782006166424,0.0,-0.0014585166951300713,-9.623892830936287,-9.93830264821413,-10.067620410145354,3.4453309581893387e-06,-0.005364293907143723,4.094054634967976e-06,1254
0.9,0.1,5.1000000000000005,0.03310527695152698,0.0,-0.0015788454313525925,-9.611078051503098,-9.93767126947774,-10.077278295894557,3.906897142273425e-06,-0.007296151220068333,3.2060328458512426e-06,1255
1.1,0.1,5.1000000000000005,0.041143631191874766,0.0,-0.001737539811871245,-9.593331640174831,-9.936622328500906,-10.089780002338657,1.172467649864818e-06,-0.009553186146906208,2.3444982353075808e-06,1256
1.3,0.1,5.1000000000000005,0.04963289695828016,0.0,-0.0019409041291944722,-9.571218772062842,-9.935422529622405,-10.105893876050468,-4.650313447579195e-06,-0.012300617073832341,1.416563893546514e-06,1257
1.5,0.1,5.1000000000000005,0.058698206326261805,0.0,-0.0021972734245549216,-9.542368965406382,-9.93364401801294,-10.12585112466726,-2.5256300299185594e-06,-0.015662197766907707,-7.30032753251027e-07,1258
1.6999999999999997,0.1,5.1000000000000005,0.06849170045406165,0.0,-0.002517376382850881,-9.506525924746066,-9.931443533003936,-10.150691740271435,7.241964034959885e-06,-0.0198844236796383,-8.292067982347763e-07,1259
1.9,0.1,5.1000000000000005,0.07920077381799356,0.0,-0.002914624039555302,-9.460824562783428,-9.928378271144414,-10.181066792939626,9.234763053298548e-07,-0.025243121343158714,-1.0442242852035702e-06,1260
2.0999999999999996,0.1,5.1000000000000005,0.09106314663950696,0.0,-0.003405178865220749,-9.403217085348519,-9.924275630498487,-10.218161067144651,-9.165284514636903e-06,-0.032154382066313374,-1.5600234827543622e-06,1261
2.3,0.1,5.1000000000000005,0.1043764470180122,0.0,-0.004008147968111143,-9.330181434913898,-9.918638154242625,-10.263009336297056,-2.7906309862847534e-06,-0.041123057875523755,9.611178577740774e-07,1262
2.5000000000000004,0.1,5.1000000000000005,0.11952329554682195,0.0,-0.004742365701045507,-9.236693210382251,-9.91058059878496,-10.316209783543465,3.2793928395467257e-06,-0.05270308992211424,2.8965169392165404e-06,1263
2.7,0.1,5.1000000000000005,0.13697943530889112,0.0,-0.005618296996290245,-9.118317658559539,-9.899215569492748,-10.377760188905079,5.279946709369493e-07,-0.0673622681291511,2.085127455858876e-06,1264
2.9000000000000004,0.1,5.1000000000000005,0.15733064831206472,0.0,-0.006618480028788942,-8.966999412373232,-9.882174618450241,-10.443873679875534,9.69813474435618e-07,-0.0849847554248324,3.797436029736681e-07,1265
3.0999999999999996,0.1,5.1000000000000005,0.18122683592695998,0.0,-0.007652814401404427,-8.780745977938238,-9.857074136057095,-10.504624702348282,-6.054411272825247e-07,-0.10359075822438961,1.2064230619520224e-07,1266
3.3,0.1,5.1000000000000005,0.20925827806139147,0.0,-0.00846239166354346,-8.55840337902832,-9.818214977723468,-10.532671509590054,-1.5343149674326357e-06,-0.11644403765684994,1.0735501214711705e-07,1267
3.5,0.1,5.1000000000000005,0.24158750844475368,0.0,-0.008491119529531004,-8.32599436674989,-9.760502143145843,-10.47651634898562,-3.6970255339773715e-06,-0.11118007031201796,-1.7306268979657836e-06,1268
3.7,0.1,5.1000000000000005,0.2774056208119403,0.0,-0.0068824896432778775,-8.126168954228168,-9.676743021291308,-10.257546152229974,-2.4534905381492346e-06,-0.07688681215994288,1.0359920133684719e-07,1269
3.9,0.1,5.1000000000000005,0.314555621669254,0.0,-0.0028883156553649327,-8.021498121726923,-9.567002995480786,-9.813516855678946,2.481772954456834e-06,-0.022359787191101214,3.037328553014178e-06,1270
6.1000000000000005,0.1,5.1000000000000005,-0.31470039421526125,0.0,-0.002457931829789849,-8.02135234463958,-9.567114503942655,-9.814220175076088,3.918137797154024e-06,0.02248658867904499,-1.951425028085776e-05,1281
6.3,0.1,5.1000000000000005,-0.2775458338975926,0.0,-0.006505936095401437,-8.126186582334542,-9.676882797877402,-10.258227407054497,9.891895974685023e-06,0.07716033129066993,-1.5776911630556037e-05,1282
6.5,0.1,5.1000000000000005,-0.24172391478393035,0.0,-0.008161035119391442,-8.325896908121685,-9.760600332352338,-10.477104753641127,1.27913768442869e-05,0.11158267640654201,-1.6596570903249668e-05,1283
6.700000000000001,0.1,5.1000000000000005,-0.20939095108332254,0.0,-0.008171756625820073,-8.558403824872276,-9.818326184732406,-10.533227098791208,1.8276716466041367e-05,0.11692620003561113,-1.8236521032241396e-05,1284
6.9,0.1,5.1000000000000005,-0.18135496499777468,0.0,-0.007396064058077627,-8.780537096145013,-9.85713422295376,-10.505134018629963,9.865620830714394e-06,0.10408567654458672,-9.368169426356732e-06,1285
7.1,0.1,5.1000000000000005,-0.15745305993533573,0.0,-0.006391928568871749,-8.96687384290812,-9.882255845888828,-10.444405386541815,-1.2305447299112908e-05,0.08548696355548556,-2.9048874852422876e-06,1286
7.299999999999999,0.1,5.1000000000000005,-0.13709544885322703,0.0,-0.005420265039323724,-9.118021186119778,-9.899247541822861,-10.378216523011144,-8.58457168382522e-06,0.06777008604097705,1.370649660207808e-05,1287
7.5,0.1,5.1000000000000005,-0.11963176063674176,0.0,-0.004571270800876294,-9.236426578805041,-9.910612640412369,-10.316636623262387,-1.00668511775602e-06,0.053079845031190676,2.8134574479966024e-05,1288
7.700000000000001,0.1,5.1000000000000005,-0.10447676755623296,0.0,-0.0038615972497591747,-9.329792741820095,-9.91863081911292,-10.263361353760684,-1.0501445553378241e-05,0.041463644077548684,2.2874085947661455e-05,1289
7.9,0.1,5.1000000000000005,-0.09115471310453362,0.0,-0.003281377260155832,-9.402852014452167,-9.924262069874333,-10.218458334925518,5.585642996700048e-08,0.03245829044417071,1.0455849028473107e-05,1290
8.100000000000001,0.1,5.1000000000000005,-0.07928356394139251,0.0,-0.002811320970620996,-9.46042119394875,-9.928352066452847,-10.181339138321187,4.515901471930673e-06,0.0255127123168667,-3.6611253092233785e-06,1291
8.299999999999999,0.1,5.1000000000000005,-0.06856512694147382,0.0,-0.0024329908499175247,-9.506081451922709,-9.931402640942895,-10.150931752808512,-8.260249167859497e-06,0.020080211380922936,-7.81461565282624e-06,1292
8.5,0.1,5.1000000000000005,-0.0587623161912469,0.0,-0.0021304241732385838,-9.541954223856134,-9.933599003375337,-10.126040793026467,-1.3206738794842063e-05,0.015841308984044445,-7.157955617820422e-06,1293
8.700000000000001,0.1,5.1000000000000005,-0.04968797017081841,0.0,-0.0018890190758006531,-9.570782867849074,-9.935365545523485,-10.10604485978494,-6.916369861738456e-06,0.012462856101978776,-7.92465319043374e-06,1294
8.9,0.1,5.1000000000000005,-0.0411898967639887,0.0,-0.0016973509302789962,-9.59291547025217,-9.936561752651293,-10.089893293010004,-4.053727692330778e-07,0.009730455224120329,-7.036022612666209e-06,1295
9.100000000000001,0.1,5.1000000000000005,-0.0331428771010928,0.0,-0.0015479781995986898,-9.610627803782915,-9.937589902747543,-10.07732170997138,-5.091708068159496e-07,0.007430050310445647,-6.314103892400315e-06,1296
9.3,0.1,5.1000000000000005,-0.025442902780816117,0.0,-0.0014352909794472235,-9.623463064469275,-9.938212866926404,-10.067601270162298,1.552745097892451e-06,0.005470133262778032,-6.117230580449378e-06,1297
9.499999999999998,0.1,5.1000000000000005,-0.017998428447982606,0.0,-0.0013545134920157481,-9.63312532592039,-9.938764984719326,-10.060699597692784,1.7886304421035104e-06,0.003748180406819783,-2.350586429724844e-06,1298
9.700000000000001,0.1,5.1000000000000005,-0.010731015995176839,0.0,-0.0013027406595909037,-9.639012937126854,-9.939032571768276,-10.056149921730707,9.483206430033301e-07,0.0021758298298895423,2.331315891858779e-06,1299
9.9,0.1,5.1000000000000005,-0.003565336244316476,0.0,-0.0012774470985981333,-9.642077599637734,-9.939207607001679,-10.053960435376574,3.1267905716434216e-07,0.0007239306797997075,2.2221510728495457e-06,1300
0.1,0.1,5.3,0.003520793227097072,0.0,-0.00400443501867128,-9.646014926930553,-9.939432550990873,-10.051147828038067,1.5924489898532915e-09,-0.002107007444122042,-2.709807831636243e-07,1301
0.3,0.1,5.3,0.010595816513704342,0.0,-0.004087886218251538,-9.643085349338666,-9.93926493362089,-10.053239318780268,-1.193229159357081e-06,-0.0064367992706275265,-3.208497095217531e-07,1302
0.5,0.1,5.3,0.017767375348029316,0.0,-0.004257138381320857,-9.63752802934801,-9.93901929497403,-10.057568445531247,-1.4038591748760588e-06,-0.010978411569394733,-1.8554060565712494e-06,1303
0.7,0.1,5.3,0.025106479818205414,0.0,-0.004517058152194344,-9.628374536249517,-9.938486851665916,-10.064059722091505,1.1839912808279378e-06,-0.015974458699944367,2.2127335157339364e-06,1304
0.9,0.1,5.3,0.0326859567416835,0.0,-0.004877152204816484,-9.61634821191481,-9.93790389209344,-10.073171248561447,3.59897279847329e-06,-0.02166684895474894,4.882049674263831e-07,1305
1.1,0.1,5.3,0.04059101326118542,0.0,-0.005351141114123274,-9.599704167418253,-9.936924724650494,-10.084919455843501,4.599224294610944e-06,-0.02834807123678623,-7.071497109552628e-07,1306
1.3,0.1,5.3,0.04891773332934206,0.0,-0.005956191342082047,-9.579083017819626,-9.935809988589586,-10.099966925128879,2.0225517736959466e-06,-0.03631094463756118,7.815883017447552e-07,1307
1.5,0.1,5.3,0.05778031408582116,0.0,-0.006715475574943976,-9.552300368113434,-9.93415801783171,-10.118489721054255,4.355477658560317e-06,-0.046094415288022314,-8.356022811348567e-06,1308
1.6999999999999997,0.1,5.3,0.06731516951646685,0.0,-0.0076590978899243305,-9.519378607243796,-9.932158140543752,-10.141412095472722,9.281051499805075e-06,-0.05828759816844702,-1.2057778752882469e-05,1309
1.9,0.1,5.3,0.07768821046563625,0.0,-0.00882415355232706,-9.477687525044788,-9.929372301294093,-10.169173981426166,1.5868183142873345e-06,-0.07374285358471876,-5.953161438663334e-06,1310
2.0999999999999996,0.1,5.3,0.08910703209760157,0.0,-0.010256881971845593,-9.42575800130047,-9.92572085796386,-10.202846288519662,-5.378183527299946e-06,-0.09354647504854936,-6.603517782315188e-06,1311
2.3,0.1,5.3,0.10182772059285404,0.0,-0.012009532511180468,-9.360595093990453,-9.920762609989962,-10.243217955957185,-3.689570686769847e-06,-0.11904698192987448,-4.625720630894299e-06,1312
2.5000000000000004,0.1,5.3,0.11617607841663885,0.0,-0.014133955926404065,-9.278179018337653,-9.913808692739936,-10.290864445362716,-1.6773595417102358e-06,-0.15192178105130752,-2.1328551167506505e-06,1313
2.7,0.1,5.3,0.13255519940399468,0.0,-0.016663636965811277,-9.174791123215668,-9.904188926684977,-10.34615351021029,5.188492564106417e-06,-0.19375421013242872,-3.379238114994063e-06,1314
2.9000000000000004,0.1,5.3,0.15147244996699294,0.0,-0.01956413637433721,-9.042835703311871,-9.89000493746283,-10.407188984000365,4.593317211884936e-06,-0.24490187440642203,2.071993875127585e-06,1315
3.0999999999999996,0.1,5.3,0.17353415907042077,0.0,-0.022619746426200675,-8.8779938205469,-9.869444867988378,-10.469230519395639,-4.673102859614638e-06,-0.3016069393946527,4.57047974985176e-06,1316
3.3,0.1,5.3,0.1994316646194392,0.0,-0.025189353868042066,-8.670720603272082,-9.837570117705152,-10.517129985254547,3.120564698113505e-07,-0.3491884350590604,-2.107781990846898e-06,1317
3.5,0.1,5.3,0.22976465596079654,0.0,-0.025750263921944842,-8.42598109621983,-9.787084122857552,-10.50943951807363,3.478755226174211e-06,-0.34988391761185966,-2.8862426411207136e-06,1318
3.7,0.1,5.3,0.26438249928417273,0.0,-0.021592470230616254,-8.183114251360244,-9.707058800207205,-10.352179749677736,3.138734344421811e-06,-0.25709051555420864,1.027611564494937e-06,1319
3.9,0.1,5.3,0.3013655127130942,0.0,-0.0098165259246134,-8.032672250027057,-9.59088733418783,-9.921764420914348,-2.6696386778397504e-06,-0.07883101260770269,1.1743641926386936e-06,1320
6.1000000000000005,0.1,5.3,-0.3014489721917985,0.0,-0.009403670372065222,-8.03259821071776,-9.591087862465775,-9.922841101613098,-7.753902899443823e-06,0.07887673008726191,1.4691645133090283e-06,1331
6.3,0.1,5.3,-0.26446128267762226,0.0,-0.0212320453053104,-8.18322737356707,-9.707288891416647,-10.353217083518164,1.123496490683478e-05,0.2573316870094587,2.4200736587679432e-06,1332
6.5,0.1,5.3,-0.22984052524706644,0.0,-0.02543394133370743,-8.426024595844144,-9.787259528492632,-10.51027304661976,2.0277911317535404e-05,0.3502737458044076,-2.5404768204644547e-06,1333
6.700000000000001,0.1,5.3,-0.1995060135737658,0.0,-0.024910075133093755,-8.67089561056368,-9.837739682757007,-10.517802803222555,1.0883257243078199e-05,0.3496818545423359,-6.120051790090081e-06,1334
6.9,0.1,5.3,-0.17360731487625897,0.0,-0.022373173282929502,-8.877992296280393,-9.869544761716055,-10.469731512305705,-2.121830094752563e-06,0.3020920023638423,-3.840796711060184e-06,1335
7.1,0.1,5.3,-0.15154354069587092,0.0,-0.019347294101550193,-9.04286818722489,-9.890104004546945,-10.407651835515713,-7.668147906046047e-06,0.24536254611650507,-2.9971882865182227e-06,1336
7.299999999999999,0.1,5.3,-0.13262393490963822,0.0,-0.01647470781742847,-9.17473209356149,-9.904259534390581,-10.346565578408095,-3.6720973264556473e-07,0.1941467715605168,1.9184553866829433e-06,1337
7.5,0.1,5.3,-0.11624160609049931,0.0,-0.013971216942207886,-9.278100486823949,-9.913866056378652,-10.291229795075564,2.825343869571009e-06,0.15229224505608832,1.3451340112370724e-07,1338
7.700000000000001,0.1,5.3,-0.10188895279729002,0.0,-0.011870689625405944,-9.360394362965794,-9.92078475838942,-10.243529428998261,-3.5241813699308203e-06,0.11936357849793629,-6.074529066688328e-06,1339
7.9,0.1,5.3,-0.08916326212731045,0.0,-0.010139912843501943,-9.425588045369661,-9.925744471618836,-10.203134312730635,-2.1341818219589585e-06,0.09381935528368945,-5.997154408230626e-06,1340
8.100000000000001,0.1,5.3,-0.07773936284228952,0.0,-0.008727251566331586,-9.47746270268094,-9.929375779625905,-10.169416195454648,-1.0933957455817476e-06,0.07399039010853348,-7.845425895608831e-06,1341
8.299999999999999,0.1,5.3,-0.06736045217511613,0.0,-0.007580639179398574,-9.519098059754329,-9.932141420334741,-10.141609041935784,-7.753904063035743e-06,0.058508209264029325,-4.131270612817274e-06,1342
8.5,0.1,5.3,-0.05781978478564389,0.0,-0.0066537160313403215,-9.55207522549722,-9.934149141707861,-10.118670483047998,-1.5078671171398917e-05,0.04628125224813715,2.6680168456619344e-06,1343
8.700000000000001,0.1,5.3,-0.04895161153760815,0.0,-0.005908470545845512,-9.57880360828438,-9.935775390383041,-10.100073343647404,-7.623194976111558e-06,0.03649318706618295,-7.216076057427979e-06,1344
8.9,0.1,5.3,-0.04061924711879779,0.0,-0.005314191020857312,-9.599433145796105,-9.936880427864228,-10.084968993530918,-2.2216736721587213e-06,0.02852413750432989,-8.242775198576691e-06,1345
9.100000000000001,0.1,5.3,-0.03270872995019241,0.0,-0.004848638790019942,-9.616065208517345,-9.937848772569193,-10.073178654345096,-4.317159694316745e-06,0.02181060031492098,-3.819976048755327e-06,1346
9.3,0.1,5.3,-0.02512425356568683,0.0,-0.0044950872047974716,-9.628129676949978,-9.938432328499585,-10.064031965547905,-4.752390103387139e-07,0.016084042876021158,-3.2911617707019675e-06,1347
9.499999999999998,0.1,5.3,-0.017780473626136804,0.0,-0.004240464001767803,-9.637266073948883,-9.938959267451025,-10.057530263322738,1.1607405565727147e-06,0.01103029054068954,-6.858150119079807e-06,1348
9.700000000000001,0.1,5.3,-0.010603889616116843,0.0,-0.004076063553432822,-9.642807361341221,-9.939202821837368,-10.053206747861756,2.3561530841893932e-06,0.00643123676417031,-1.0557698013315895e-05,1349
9.9,0.1,5.3,-0.0035235217253015002,0.0,-0.003995587033570487,-9.64572903245345,-9.939374653422064,-10.051144234662823,1.0721542635997058e-06,0.002113607690083524,-4.013188869276816e-06,1350
0.1,0.1,5.500000000000001,0.003442338455866755,0.0,-0.006616467992042766,-9.652814749722962,-9.939694165122523,-10.045656075903866,6.328767102488204e-07,-0.003404508883940176,4.6772200871257035e-06,1351
0.3,0.1,5.500000000000001,0.010357098153172551,0.0,-0.006751429361392053,-9.650183070272973,-9.939544069228322,-10.047537275882915,-6.670976641386166e-07,-0.01036476554824343,-9.563161649242304e-06,1352
0.5,0.1,5.500000000000001,0.017358105453190404,0.0,-0.00702456236191276,-9.645233138234444,-9.939328575711915,-10.051409740334053,2.1906016858393472e-07,-0.017655782688260412,-9.891725908520867e-06,1353
0.7,0.1,5.500000000000001,0.02450839692810487,0.0,-0.007443687579721232,-9.637074602671515,-9.938850751143184,-10.05717915305571,1.6028690731392608e-06,-0.025663724556676582,-9.656745879382628e-06,1354
0.9,0.1,5.500000000000001,0.0318712216071395,0.0,-0.008022805662097378,-9.626511784157012,-9.938349105817373,-10.065233744939048,7.308749266381315e-08,-0.03470426804148996,-1.0922783608394879e-05,1355
1.1,0.1,5.500000000000001,0.039520060948066614,0.0,-0.008783031392932267,-9.611893566962564,-9.937477810523738,-10.075495485665082,2.7709897526206667e-06,-0.045287840904303135,-3.6856825181318263e-06,1356
1.3,0.1,5.500000000000001,0.04753609112321612,0.0,-0.00975089237527526,-9.594070262694352,-9.936540898230323,-10.088634228458314,2.4102400298424353e-06,-0.05779275379535016,5.226960455657193e-06,1357
1.5,0.1,5.500000000000001,0.05601329848338374,0.0,-0.010960602677807893,-9.571154125857115,-9.935152242311144,-10.104607085707796,4.906990346606457e-06,-0.07304709164110748,2.997846489800573e-07,1358
1.6999999999999997,0.1,5.500000000000001,0.0650598793598808,0.0,-0.012456317331834485,-9.54358434399602,-9.933530393124107,-10.12406762162213,7.766509215072037e-06,-0.0918167607893992,-9.317298510401613e-06,1359
1.9,0.1,5.500000000000001,0.07480339325985501,0.0,-0.014292746346326537,-9.509241292023148,-9.931294177113493,-10.147229593545372,3.7793102741027525e-06,-0.11540895101315629,-7.78020640746555e-06,1360
2.0999999999999996,0.1,5.500000000000001,0.0853976234516889,0.0,-0.01653763864779859,-9.467602068805071,-9.928474707823243,-10.174771470312285,5.345993971679098e-06,-0.14533055185356045,-5.964009037023364e-06,1361
2.3,0.1,5.500000000000001,0.09702406174245595,0.0,-0.01926606185140361,-9.416672721595818,-9.924738015417358,-10.207017355488583,-2.5531517650590736e-06,-0.183532601680906,-7.932075108265381e-06,1362
2.5000000000000004,0.1,5.500000000000001,0.10990508192262675,0.0,-0.022554570613231753,-9.354304219318369,-9.919748353861303,-10.244437549989353,-1.0965189073865604e-05,-0.23252371519633494,-9.006420830879608e-06,1363
2.7,0.1,5.500000000000001,0.12430662281920674,0.0,-0.026459813865546637,-9.278442421931098,-9.913215873239636,-10.287636944268115,-4.660572317894017e-06,-0.2949664192097759,-9.232169249740707e-06,1364
2.9000000000000004,0.1,5.500000000000001,0.14056750527495304,0.0,-0.030962080958452588,-9.183682859311453,-9.90409394226972,-10.336786852034967,-3.674375006477585e-06,-0.3729697456661697,1.4447250478146179e-06,1365
3.0999999999999996,0.1,5.500000000000001,0.15913070428140974,0.0,-0.035839598024565045,-9.065116815818246,-9.891761542363154,-10.393690895998118,-7.889307156396572e-06,-0.465686791880177,3.144771822807652e-06,1366
3.3,0.1,5.500000000000001,0.18065364519610572,0.0,-0.0403827125647011,-8.906099758475534,-9.873181654514747,-10.459808514099032,-3.4528722689457434e-06,-0.5625674674833796,-7.710898743287881e-06,1367
3.5,0.1,5.500000000000001,0.20619017370593698,0.0,-0.04275536452139768,-8.68342366024465,-9.844560072311138,-10.539376701317163,4.174532955366865e-06,-0.6254204730752355,-4.306643364754495e-06,1368
3.7,0.1,5.500000000000001,0.23725422415280617,0.0,-0.03844953211387134,-8.349588944814004,-9.777325168189648,-10.537036896135602,1.1038718110278527e-05,-0.5277025944023854,2.3980522176960774e-06,1369
3.9,0.1,5.500000000000001,0.2731992157471431,0.0,-0.020186109328832413,-8.087213614667231,-9.65512645645047,-10.18841866758723,6.075824472309574e-06,-0.18876033321550756,-3.668366508328843e-07,1370
6.1000000000000005,0.1,5.500000000000001,-0.27322201846459243,0.0,-0.019798201124709217,-8.087181375151973,-9.65542148317746,-10.189926040736959,-5.414398657055851e-07,0.1889117083833742,7.442343023087255e-06,1381
6.3,0.1,5.500000000000001,-0.23727235808176578,0.0,-0.03811101719143347,-8.349838918602037,-9.777644705348969,-10.538384608144304,9.721722660599632e-06,0.5280765084666492,-9.207478860690674e-06,1382
6.5,0.1,5.500000000000001,-0.2062077881097115,0.0,-0.042456332693530524,-8.683710949495383,-9.844828148985199,-10.540429795431983,1.8746196252533362e-05,0.6258896145162205,-2.7580992669538332e-05,1383
6.700000000000001,0.1,5.500000000000001,-0.1806729879909025,0.0,-0.04011686880647214,-8.906471849410481,-9.873426595300476,-10.46066112709323,1.2746862237179672e-05,0.5630089121234176,-1.5864972805874435e-05,1384
6.9,0.1,5.500000000000001,-0.1591525267033217,0.0,-0.03560416233000732,-9.065401628014461,-9.891962553319908,-10.394411138591023,-1.524910590337462e-06,0.4660677095755062,-8.108965589781336e-06,1385
7.1,0.1,5.500000000000001,-0.14059130846076473,0.0,-0.03075524747165161,-9.183957494043083,-9.90428030720885,-10.337444042007256,-3.6463845735858383e-06,0.3733204383599137,-1.7997198349284877e-05,1386
7.299999999999999,0.1,5.500000000000001,-0.12433179183193144,0.0,-0.026279777708951207,-9.278612894887674,-9.913359344936781,-10.288183829812763,2.117345417874334e-06,0.2952660425186007,-1.500952447523826e-05,1387
7.5,0.1,5.500000000000001,-0.1099305906961663,0.0,-0.022399929098481854,-9.354423181194637,-9.919870922827052,-10.244931432946736,7.600139266012159e-06,0.23279426696887043,-2.2064052678975752e-05,1388
7.700000000000001,0.1,5.500000000000001,-0.09704916059100714,0.0,-0.019134681399020276,-9.416744578088888,-9.924839032418008,-10.20745058401737,7.888865050786826e-06,0.18379057670139315,-3.156603832664667e-05,1389
7.9,0.1,5.500000000000001,-0.08542129651757112,0.0,-0.016427722842899353,-9.467591423776959,-9.92854870077306,-10.175152080094428,6.382847565456627e-06,0.14553880416665427,-1.92745347628251e-05,1390
8.100000000000001,0.1,5.500000000000001,-0.07482486499862627,0.0,-0.01420253024047455,-9.509205766222141,-9.931359749558313,-10.147592981575324,6.560790952340503e-06,0.11561239131532533,-7.812915208006886e-06,1391
8.299999999999999,0.1,5.500000000000001,-0.06507876534728638,0.0,-0.01238356145908819,-9.543512827501432,-9.93357301849781,-10.124352265004397,-2.228081998911384e-06,0.09198366789920556,-2.619369348407158e-06,1392
8.5,0.1,5.500000000000001,-0.05602978887788873,0.0,-0.010903323787872832,-9.571101509573268,-9.935181856236406,-10.104807771614942,-1.0394948167272943e-05,0.07319148464178249,6.5661118080621275e-06,1393
8.700000000000001,0.1,5.500000000000001,-0.04755040678181776,0.0,-0.009706445274682217,-9.59398390780338,-9.936551848782985,-10.088775336128014,-1.2642482031136044e-06,0.057933695892508824,-6.051251569018923e-07,1394
8.9,0.1,5.500000000000001,-0.039532061646755795,0.0,-0.00874870711373816,-9.611803827745224,-9.937485442894967,-10.07562338673521,5.5571372607485905e-06,0.04541320543941333,4.741960935031362e-06,1395
9.100000000000001,0.1,5.500000000000001,-0.031880527259658835,0.0,-0.007996135197892176,-9.626371439325114,-9.938334624893319,-10.065301685158026,1.6568897057231207e-07,0.0348347749010001,6.073754383616118e-06,1396
9.3,0.1,5.500000000000001,-0.024515510918859385,0.0,-0.007422278053516423,-9.637001589714675,-9.938834851975892,-10.057172670164766,-1.8151682133733825e-06,0.02578916293657176,1.0925675578945501e-05,1397
9.499999999999998,0.1,5.500000000000001,-0.017363640457077972,0.0,-0.007007589469891672,-9.645121880144467,-9.939288255781943,-10.051319398781924,9.214567169446808e-07,0.017711874689923066,5.894428701446609e-06,1398
9.700000000000001,0.1,5.500000000000001,-0.01036071178373883,0.0,-0.006739313497740271,-9.650049846107578,-9.939498811360165,-10.047444210709426,1.3246805069293957e-06,0.010351926472226748,-2.4366046259390473e-05,1399
9.9,0.1,5.500000000000001,-0.0034436339526042244,0.0,-0.006607970369558892,-9.652663878634302,-9.93965133329969,-10.045592787869722,4.5896454876497373e-07,0.00338824241558324,-2.5318622467127112e-05,1400
0.1,0.1,5.699999999999999,0.0033298598458336433,0.0,-0.009060266512972835,-9.662559702943883,-9.940064073721272,-10.037760665669621,-2.4795022832197687e-06,-0.004525830381651126,-7.0346197251697385e-06,1401
0.3,0.1,5.699999999999999,0.010015094622364079,0.0,-0.009240006080099745,-9.660324421577398,-9.939932036928047,-10.039335763069692,-5.872762521281911e-06,-0.013755046440090693,-2.353271472223675e-05,1402
0.5,0.1,5.699999999999999,0.01677251802852556,0.0,-0.00960297219285965,-9.656202009684645,-9.939751288356502,-10.042554432100344,-3.488625848245277e-06,-0.02338624853532148,-1.2758867892349195e-05,1403
0.7,0.1,5.699999999999999,0.02365392649276337,0.0,-0.010159230234971048,-9.649436977779692,-9.939355030642918,-10.047338175439254,-1.015877359150098e-07,-0.033945448280455606,-1.1369013113475794e-05,1404
0.9,0.1,5.699999999999999,0.030710606110279672,0.0,-0.010926088761696253,-9.640778027345048,-9.938960807257034,-10.054026008942792,-4.1449901760061e-06,-0.045735282452207496,-1.0989823214525867e-05,1405
1.1,0.1,5.699999999999999,0.03800099483915527,0.0,-0.011928832752315172,-9.628894326380681,-9.938259126074977,-10.062401303996472,-5.402279316912641e-06,-0.059398476302047296,2.1815175504396886e-06,1406
1.3,0.1,5.699999999999999,0.045585498569330606,0.0,-0.013200415107880767,-9.614826807400327,-9.937552122583844,-10.072933805524308,-2.4369372209163764e-06,-0.07541639127441262,1.7736474765412857e-05,1407
1.5,0.1,5.699999999999999,0.05353242972581634,0.0,-0.014781455160664524,-9.596924665818245,-9.936473087845048,-10.085440773409497,-2.0513878535715438e-06,-0.0946858387042203,1.9523725485973464e-05,1408
1.6999999999999997,0.1,5.699999999999999,0.061915400379684855,0.0,-0.016723225651738262,-9.57623541240773,-9.935324364664034,-10.10038641091516,5.931425738686564e-06,-0.11808829835320465,1.132947242996687e-05,1409
1.9,0.1,5.699999999999999,0.07081405081669882,0.0,-0.01908907295275477,-9.551256412225946,-9.933760337083703,-10.117545273198605,1.1454500513468198e-05,-0.14705430898849722,1.7633846399760365e-07,1410
2.0999999999999996,0.1,5.699999999999999,0.0803157728564555,0.0,-0.021956508595697293,-9.522604346357303,-9.931977724366009,-10.137284275478788,7.901688429045803e-06,-0.1832311056396952,-4.518036310860706e-06,1411
2.3,0.1,5.699999999999999,0.09051083079922152,0.0,-0.025409082095079197,-9.489528476501459,-9.929800600787948,-10.159474527440874,-3.036206222517302e-06,-0.22861868320324563,-7.064542593984227e-06,1412
2.5000000000000004,0.1,5.699999999999999,0.10149449630407716,0.0,-0.02953222265074372,-9.452126728437978,-9.92723736895831,-10.184060116359733,-5.300249393093254e-06,-0.2860291044642011,-4.8995858568593505e-06,1413
2.7,0.1,5.699999999999999,0.11335738559813228,0.0,-0.0343949924231024,-9.410915132113054,-9.924451729975369,-10.211343517770079,-3.984644797311383e-06,-0.3585619306797731,-2.27279836919315e-06,1414
2.9000000000000004,0.1,5.699999999999999,0.12619714416089298,0.0,-0.04000337754959011,-9.364891717450357,-9.921424167425322,-10.242229119678647,-7.885138773767739e-06,-0.44987325900556163,4.528125295665272e-06,1415
3.0999999999999996,0.1,5.699999999999999,0.14013527121200078,0.0,-0.04620840352132805,-9.313970416689658,-9.919043832890642,-10.28124874776953,-6.409532541444435e-06,-0.5636229622442037,2.4560312178758125e-06,1416
3.3,0.1,5.699999999999999,0.15542904507297545,0.0,-0.0525020399561732,-9.248449199959698,-9.917961784510274,-10.341359722597707,-5.523672257584505e-06,-0.702329794555404,-7.518488569972505e-06,1417
3.5,0.1,5.699999999999999,0.17278937874859784,0.0,-0.05751172093447946,-9.14191547943156,-9.9192225411073,-10.454197226107327,2.021100705275544e-06,-0.8602102772764016,2.32036256959267e-07,1418
3.7,0.1,5.699999999999999,0.19446384017881213,0.0,-0.05745764230709856,-8.902754373354606,-9.931793188863542,-10.756211570969258,9.498381403729984e-06,-0.9798638165237764,8.579401986222906e-06,1419
3.9,0.1,5.699999999999999,0.22590601013608297,0.0,-0.03811136798103489,-8.198394672305579,-9.789747325127006,-10.750341953336077,1.1785489201128501e-05,-0.49025374612012307,-6.099403037907132e-07,1420
6.1000000000000005,0.1,5.699999999999999,-0.22586529553902537,0.0,-0.0377577916972319,-8.198530270818443,-9.790194855867599,-10.752444008526233,1.631927240946903e-05,0.49060214740797187,-4.5366171836129055e-06,1431
6.3,0.1,5.699999999999999,-0.1944213759758348,0.0,-0.057145485434627,-8.903363829067066,-9.932238616839246,-10.757829255135054,1.2885226941819955e-05,0.9803845285023681,-2.197284334070614e-05,1432
6.5,0.1,5.699999999999999,-0.17275250844310772,0.0,-0.057232149167775484,-9.142592936666526,-9.919600328591812,-10.455408706298853,1.2148613133540646e-05,0.8606451565846307,-2.8054277024895868e-05,1433
6.700000000000001,0.1,5.699999999999999,-0.15539928303811334,0.0,-0.05225154353321491,-9.249066889801046,-9.918281656616056,-10.342341393285208,1.3753301849147182e-05,0.702709571681169,-7.155994570314916e-07,1434
6.9,0.1,5.699999999999999,-0.14011227229816386,0.0,-0.04598561466832189,-9.314498524383493,-9.919308986655464,-10.282046408896788,7.201876588939863e-06,0.5639059163876221,-1.5058104805514756e-06,1435
7.1,0.1,5.699999999999999,-0.1261800269144867,0.0,-0.039807308195685565,-9.365344724746764,-9.921644925829055,-10.242879904401182,1.9044750711389787e-06,0.4501214534470156,-2.476503901317393e-05,1436
7.299999999999999,0.1,5.699999999999999,-0.11334510296744049,0.0,-0.0342239901413512,-9.411266732902698,-9.924627621702086,-10.211871375607247,3.7486744564657147e-06,0.3587695545845033,-1.319540754861196e-05,1437
7.5,0.1,5.699999999999999,-0.10148592521135391,0.0,-0.02938598128449143,-9.452410556804638,-9.927391477573204,-10.184546831064319,9.498674263181268e-06,0.28614085337456474,-5.916333721295182e-06,1438
7.700000000000001,0.1,5.699999999999999,-0.09050496715802595,0.0,-0.02528562832129335,-9.489768509925302,-9.929944081233293,-10.159951896240798,1.2080899193820161e-05,0.22877654656474752,-1.010213172390258e-05,1439
7.9,0.1,5.699999999999999,-0.08031143896320414,0.0,-0.021853936450816017,-9.522754053951822,-9.932093141412707,-10.13771165311448,8.193082408777144e-06,0.18330898193687792,3.7641723814725957e-06,1440
8.100000000000001,0.1,5.699999999999999,-0.07081017672558232,0.0,-0.01900632502561023,-9.551370884890089,-9.933871505360582,-10.117986641915932,1.2206974270281845e-05,0.14714202114126318,1.4673374453814527e-05,1441
8.299999999999999,0.1,5.699999999999999,-0.06191161098694467,0.0,-0.016656563975703906,-9.576336313141805,-9.935416207652306,-10.100744725118908,5.1115891302127735e-06,0.11823262771801728,1.4680026611958475e-05,1442
8.5,0.1,5.699999999999999,-0.053528997259248076,0.0,-0.014728152220632831,-9.597003727317489,-9.936532079813894,-10.08565667175497,-4.884157360303417e-06,0.09480415129373006,1.3649678353410291e-05,1443
8.700000000000001,0.1,5.699999999999999,-0.04558275933351655,0.0,-0.013158497388367605,-9.614903012401493,-9.93759089866675,-10.073051480931591,6.409436695120604e-06,0.07554020354056941,-3.2853367594439365e-06,1444
8.9,0.1,5.699999999999999,-0.03799887963299578,0.0,-0.011896528341248661,-9.628931548986019,-9.938281762002362,-10.062477261028809,1.077489743381633e-05,0.05948539505097483,1.5047258679743582e-06,1445
9.100000000000001,0.1,5.699999999999999,-0.030708434684979788,0.0,-0.010900956444648408,-9.640772306491996,-9.938973447718547,-10.05409493209974,2.4169316686776626e-06,0.04584739576842652,1.2231251885187687e-05,1446
9.3,0.1,5.699999999999999,-0.023651912345695084,0.0,-0.010138082675464717,-9.649480826722915,-9.9393687129933,-10.047362738232115,1.646409052978116e-06,0.034053634773259504,2.3368148613961642e-05,1447
9.499999999999998,0.1,5.699999999999999,-0.016771227019959353,0.0,-0.009585195918422348,-9.656247694917925,-9.939755115311973,-10.042527881641448,4.039189974735727e-06,0.023427728894385963,2.1909747698974112e-05,1448
9.700000000000001,0.1,5.699999999999999,-0.010014539223082625,0.0,-0.009226833136722887,-9.660337319264887,-9.93992351231657,-10.039280242317307,2.7343896592655523e-06,0.01371823095961185,-4.003446376460097e-06,1449
9.9,0.1,5.699999999999999,-0.003329761426987102,0.0,-0.009050730127494482,-9.662549769020858,-9.940045731540577,-10.03767888868499,1.0370912511556805e-06,0.004517644336251354,-8.295019212109593e-06,1450
0.1,0.1,5.9,0.003189379154923966,0.0,-0.011280595083973407,-9.674718513406058,-9.940514086326223,-10.02785191823945,-5.374259385917471e-06,-0.005425472209961579,-2.7957870206866103e-05,1451
0.3,0.1,5.9,0.00958774432593331,0.0,-0.011496206321883175,-9.672995640437343,-9.940406163764932,-10.029035178401651,-9.649096846575317e-06,-0.01643465977566351,-2.6589169520068324e-05,1452
0.5,0.1,5.9,0.016041365712019886,0.0,-0.011931490699564026,-9.669847320174663,-9.940275550913551,-10.031530434402159,-8.128564054521626e-06,-0.02796273313399508,-1.03774956845105e-05,1453
0.7,0.1,5.9,0.02259037184684084,0.0,-0.012597876853832058,-9.664634729415626,-9.939972611984256,-10.035228330516734,-2.400289424873935e-06,-0.040439105671581856,7.503966259448706e-06,1454
0.9,0.1,5.9,0.02927192064836757,0.0,-0.01351446066066037,-9.658215210542913,-9.939715478866097,-10.040362183796741,-1.6042037014861817e-06,-0.05428635413070756,4.233431956556899e-06,1455
1.1,0.1,5.9,0.036127208093941106,0.0,-0.014707570886536472,-9.649424259821505,-9.939212278223838,-10.046637131306886,-4.395811972160375e-06,-0.0701077975439016,6.8789568744738435e-06,1456
1.3,0.1,5.9,0.043195122809121723,0.0,-0.01621174781693972,-9.639524635024266,-9.938773732471251,-10.05434402733313,-2.109843842359757e-06,-0.08842909605165505,1.7216516242665128e-05,1457
1.5,0.1,5.9,0.05051609099718336,0.0,-0.018069567289025035,-9.627214057801119,-9.938068515731793,-10.06312852086704,7.322742731629237e-07,-0.11006031010512707,1.7310477860218438e-05,1458
1.6999999999999997,0.1,5.9,0.05812729010152615,0.0,-0.02033346143133716,-9.613988484440085,-9.937450687782178,-10.073264954467978,7.650666898415687e-06,-0.13594871709540626,1.1976506592551384e-05,1459
1.9,0.1,5.9,0.06606110269113395,0.0,-0.023066140954958167,-9.598916257476622,-9.936641683399982,-10.084292159523601,1.4356340895672945e-05,-0.16725613024192387,-1.2677394518463863e-06,1460
2.0999999999999996,0.1,5.9,0.07433992543620535,0.0,-0.026341580362872374,-9.583726563474158,-9.93596245395702,-10.096085706311813,7.854628414034491e-06,-0.20549457373324054,-9.940532601095245e-06,1461
2.3,0.1,5.9,0.08296674506548062,0.0,-0.030237781021951574,-9.56862548670566,-9.93533894071264,-10.108069216854963,1.1874439044012553e-06,-0.252239027232172,-1.0059713865493861e-05,1462
2.5000000000000004,0.1,5.9,0.09191738150143758,0.0,-0.03483084973975528,-9.555935421164616,-9.935170685304692,-10.119918005359592,-1.9610369060320698e-07,-0.3097433867656121,-2.278495973665596e-06,1463
2.7,0.1,5.9,0.1011171770739147,0.0,-0.04018119271855723,-9.54847479443784,-9.935946558905002,-10.13125800008804,-2.5315051207896975e-06,-0.38036623513992057,2.4724054292308973e-06,1464
2.9000000000000004,0.1,5.9,0.11042602714455847,0.0,-0.046300555532891266,-9.55021556394272,-9.938549206785813,-10.142530469983964,-3.576069215379929e-06,-0.46711538186460316,6.873843824640125e-06,1465
3.0999999999999996,0.1,5.9,0.11960462621042824,0.0,-0.05310079476015389,-9.568572569956453,-9.945189114577483,-10.157373002931632,-3.1257349131690236e-06,-0.5739990548553145,9.486504901045905e-06,1466
3.3,0.1,5.9,0.12830033680756495,0.0,-0.06030052238207113,-9.611386994742467,-9.95947225888077,-10.185974299662691,1.1677191716067433e-06,-0.7082691117125127,7.160234330074523e-07,1467
3.5,0.1,5.9,0.13605980644203777,0.0,-0.06723331788476417,-9.693594355040526,-9.992197367785497,-10.267392483893431,6.313954706552086e-07,-0.8877881917514067,5.11478096086949e-06,1468
3.7,0.1,5.9,0.1425533199005472,0.0,-0.07234546924598144,-9.815350522478166,-10.057912549731846,-10.4742122261821,1.2803548631920513e-06,-1.1765229892877302,1.163663281425695e-05,1469
3.9,0.1,5.9,0.15104443557401082,0.0,-0.06915813668674362,-9.922116021561784,-10.387228011191679,-12.014024034397075,8.999603014641194e-06,-1.6969561529945443,-1.7702215712590477e-06,1470
6.1000000000000005,0.1,5.9,-0.1509386957897291,0.0,-0.06885012258904921,-9.923344704238005,-10.388073904764672,-12.01702481958617,-2.217006802190337e-06,1.697920342372621,-2.19108940388604e-05,1481
6.3,0.1,5.9,-0.14245831579544366,0.0,-0.0720591796077808,-9.816366602291708,-10.058413526099981,-10.475701028208725,1.031070304005684e-05,1.176961933993463,-1.3027865048691649e-05,1482
6.5,0.1,5.9,-0.13597799770695884,0.0,-0.0669721020178578,-9.6946003742327,-9.992622677067516,-10.26851301110576,1.0219732706202965e-05,0.8880612366773216,-3.870878576539735e-06,1483
6.700000000000001,0.1,5.9,-0.12823080286664984,0.0,-0.06006499801251003,-9.612172167776173,-9.959815619563924,-10.186905930044434,8.146868538031932e-06,0.7084371929992808,1.3364367467243814e-05,1484
6.9,0.1,5.9,-0.11954623564300568,0.0,-0.05289050075382922,-9.569380956891223,-9.945519050772576,-10.158214296977548,8.55036643993298e-06,0.5740900120252931,2.443844042807443e-07,1485
7.1,0.1,5.9,-0.11037741923538134,0.0,-0.04611499622123981,-9.550813637808423,-9.938810622311856,-10.143239473756928,6.925377155045756e-06,0.4671360901137957,-2.5549687923600367e-05,1486
7.299999999999999,0.1,5.9,-0.10107613574405629,0.0,-0.04001988714880929,-9.549029042280958,-9.936198331878433,-10.131962617128266,-1.0742303320612243e-06,0.38035883525863295,-1.2186561080038586e-05,1487
7.5,0.1,5.9,-0.09188206767978896,0.0,-0.034693801532936296,-9.556319778149641,-9.935372937221477,-10.1205449079636,-8.70861681354226e-07,0.309706520426577,-2.7658003040143793e-06,1488
7.700000000000001,0.1,5.9,-0.08293580879480356,0.0,-0.030122430188555843,-9.568986056910031,-9.935514863912955,-10.10858826267145,5.164853784813671e-06,0.25231022768009986,-2.8177417906669803e-06,1489
7.9,0.1,5.9,-0.07431273234179663,0.0,-0.026245846180626482,-9.583989280231604,-9.936095215471298,-10.096486797131169,1.7712772035285815e-06,0.20549821883942845,1.4244499568015374e-05,1490
8.100000000000001,0.1,5.9,-0.0660369574961076,0.0,-0.022989579099984808,-9.599151646453466,-9.936751396595392,-10.084605336529648,2.2369142960860263e-06,0.16725235690202184,2.3803692187490613e-05,1491
8.299999999999999,0.1,5.9,-0.058105563247149,0.0,-0.020271705999163975,-9.61413702268701,-9.937526211500712,-10.073494034833045,-3.9271460807591037e-07,0.13603228964395778,2.616183331187886e-05,1492
8.5,0.1,5.9,-0.05049705767187031,0.0,-0.01801921555951317,-9.627430824965836,-9.93814367504126,-10.06328755024605,-6.1141194007940965e-06,0.1101014281673927,1.8208064742445375e-05,1493
8.700000000000001,0.1,5.9,-0.04317871868677957,0.0,-0.016171728809240005,-9.639663646017802,-9.93882813907582,-10.05447704937747,3.275491840741065e-06,0.08846207652225728,-3.438135479101749e-06,1494
8.9,0.1,5.9,-0.03611281074439556,0.0,-0.01467613819261415,-9.649554810378422,-9.939251521434505,-10.046702796800288,3.479682576041595e-06,0.07018097274572377,5.933179107681445e-06,1495
9.100000000000001,0.1,5.9,-0.029259923698845725,0.0,-0.013489365196035408,-9.658343469422165,-9.939735319949893,-10.040333130343885,-1.849538477436462e-06,0.054375279738978204,2.0550384954612246e-05,1496
9.3,0.1,5.9,-0.02258099293239603,0.0,-0.012576918439380852,-9.664777018125193,-9.940008376016415,-10.03526486195664,2.837522237318187e-06,0.04051961126657877,2.291351142987015e-05,1497
9.499999999999998,0.1,5.9,-0.01603450933556011,0.0,-0.011913692781093046,-9.670008617069778,-9.940319916240595,-10.031590964150023,4.407744477376243e-06,0.028003594083109717,1.7900404258374183e-05,1498
9.700000000000001,0.1,5.9,-0.009583311205961826,0.0,-0.011481750529014558,-9.673089656165132,-9.940411660834663,-10.028968648024692,3.9124312497504595e-06,0.016437547532234077,3.2965097709380494e-06,1499
9.9,0.1,5.9,-0.0031877309028355894,0.0,-0.011268324156808816,-9.674846787915008,-9.940505910950154,-10.027682766841204,9.706898875990566e-07,0.0054369613497466515,5.956158160829347e-06,1500
0.1,0.1,6.1000000000000005,0.0030272037173396152,0.0,-0.013232692305768675,-9.688738192891055,-9.941019356245015,-10.016358588348293,-2.8524932914705824e-06,-0.0060777577079026085,-1.340276388794925e-05,1501
0.3,0.1,6.1000000000000005,0.00909527456612436,0.0,-0.01347474768311541,-9.687546797973324,-9.940949628086399,-10.017201342473015,-3.83598476448669e-06,-0.018417828234930125,-1.0053242376524894e-05,1502
0.5,0.1,6.1000000000000005,0.015201082765222312,0.0,-0.013963577764849007,-9.685430507719621,-9.94087945851968,-10.018966784887843,-3.50311002400376e-06,-0.031223091592400748,-1.0442494562398746e-05,1503
0.7,0.1,6.1000000000000005,0.02137254254604256,0.0,-0.01471055082582564,-9.68179904132488,-9.94065118549885,-10.021456886180337,-1.2439609313201527e-06,-0.04503118581010233,4.873048756556254e-06,1504
0.9,0.1,6.1000000000000005,0.027632486209727615,0.0,-0.015735174238679064,-9.677674159195227,-9.940523353726688,-10.024942609447587,4.45920737100436e-06,-0.060179860349392475,7.899796654211934e-06,1505
1.1,0.1,6.1000000000000005,0.03400489702294131,0.0,-0.01706223235647176,-9.672005845002722,-9.940202495631638,-10.029006633164485,5.909825130360163e-06,-0.07718313813916569,2.311286955788926e-05,1506
1.3,0.1,6.1000000000000005,0.0405084786214807,0.0,-0.01872482175024223,-9.666209472000329,-9.940017909505148,-10.033880075525902,2.1433890330305178e-06,-0.09662718921341876,1.004226899021824e-05,1507
1.5,0.1,6.1000000000000005,0.04715808386171809,0.0,-0.02076248415076147,-9.65932722973315,-9.939671698184139,-10.039031261196238,3.5748818812959386e-06,-0.11908745022829227,-4.976632064352029e-06,1508
1.6999999999999997,0.1,6.1000000000000005,0.053958636840746955,0.0,-0.023223867708563536,-9.653136893998417,-9.939550099787061,-10.044613604934861,2.746977810828408e-06,-0.1454304699788745,8.028911553810987e-06,1509
1.9,0.1,6.1000000000000005,0.060902837441462826,0.0,-0.026164134534550087,-9.647107601583848,-9.93940923196099,-10.049938558222022,1.8634327650565352e-06,-0.1763859821140907,3.8107109422645924e-07,1510
2.0999999999999996,0.1,6.1000000000000005,0.06796142712795318,0.0,-0.02964396142445369,-9.643747419616945,-9.93970962880376,-10.05480072440305,6.560716700194949e-06,-0.21308169855467698,-5.321022030155933e-06,1511
2.3,0.1,6.1000000000000005,0.07507233866291643,0.0,-0.03372574358461979,-9.643783270369745,-9.940434295121111,-10.058388205233388,1.5972578842026677e-06,-0.2563687283079021,-6.451476242287106e-06,1512
2.5000000000000004,0.1,6.1000000000000005,0.08212819779284286,0.0,-0.03846433512305111,-9.650836284895911,-9.942225306810728,-10.060290249159033,-1.686884355504939e-06,-0.30736183775361053,-1.0273768714003642e-05,1513
2.7,0.1,6.1000000000000005,0.08894906900153068,0.0,-0.043895613573307145,-9.6686650858076,-9.94572758439837,-10.059972836185175,5.451897281471595e-06,-0.36674876299726833,-1.0091069556161878e-05,1514
2.9000000000000004,0.1,6.1000000000000005,0.09525670176393201,0.0,-0.050015673997258335,-9.70371787120935,-9.952337791186256,-10.057971084719554,8.322393783650523e-06,-0.4349249446393507,-4.905886419332924e-06,1515
3.0999999999999996,0.1,6.1000000000000005,0.10062316440852179,0.0,-0.05675783178010497,-9.766026989761913,-9.964654276882474,-10.057244394651065,-1.0775334782882955e-06,-0.511323712965725,5.553776986673707e-06,1516
3.3,0.1,6.1000000000000005,0.10440744265754315,0.0,-0.06397467996839311,-9.870892667818095,-9.98764793798965,-10.067347022131228,-1.291427265796839e-06,-0.5937107893862691,4.779474598953948e-06,1517
3.5,0.1,6.1000000000000005,0.1056343565257088,0.0,-0.07149402479794081,-10.045944445084231,-10.03145950139489,-10.111353061896484,2.7931634192043795e-06,-0.6758813880082017,6.3168367442086205e-06,1518
3.7,0.1,6.1000000000000005,0.10286702060234515,0.0,-0.07947760129427096,-10.347559973587746,-10.131413765339094,-10.309508853108554,-1.7933441254070607e-06,-0.7270442648256418,8.164237746412885e-06,1519
3.9,0.1,6.1000000000000005,0.09454517417300075,0.0,-0.09441096720519052,-10.79573908036439,-10.318379044989348,-10.796156144583179,1.2068900071387968e-06,-0.8969622419471215,-2.336040933006272e-06,1520
4.1,0.1,6.1000000000000005,0.06930392013849475,0.0,-0.15092280477020065,-12.013371732546249,-10.387128999814538,-9.922273266526938,5.722090213407466e-06,-1.6970252656645308,-3.574383873264417e-06,1521
4.3,0.1,6.1000000000000005,0.03827035718047163,0.0,-0.22579388773504794,-10.74964259731013,-9.789601272596101,-8.198363765671978,4.9372446108773726e-06,-0.4902581677499314,8.431943263949867e-06,1522
4.500000000000001,0.1,6.1000000000000005,0.020357899518635144,0.0,-0.27309063431075015,-10.187779021048522,-9.655000541604002,-8.087223686973331,3.870411280551132e-06,-0.18873627134127688,5.252384868730485e-06,1523
4.7,0.1,6.1000000000000005,0.009999242235559452,0.0,-0.30125652422985216,-9.921284569586813,-9.590795732133431,-8.032694091087102,7.195839890203552e-07,-0.07879658716202047,-6.5227891904015965e-06,1524
4.9,0.1,6.1000000000000005,0.00308011548608831,0.0,-0.3144439422384019,-9.81304818155916,-9.566903545184378,-8.021469544364866,-4.3487779799286624e-08,-0.022336217446747787,-5.207173085596884e-06,1525
5.1000000000000005,0.1,6.1000000000000005,-0.0028291099385272253,0.0,-0.31442115641880997,-9.813262614044133,-9.566962516646445,-8.021549969189747,2.072066451314598e-06,0.022421316724256415,-9.645979521852348e-06,1526
5.3,0.1,6.1000000000000005,-0.009754252571639326,0.0,-0.30118822958445646,-9.921739933621533,-9.59089970934392,-8.032758613099887,7.038233928527554e-07,0.07888546263084968,-9.661644478103491e-06,1527
5.5,0.1,6.1000000000000005,-0.02012634773953351,0.0,-0.2729759083254145,-10.188731836367722,-9.655200999874085,-8.087273163004829,-6.052526126785156e-06,0.18885728528335108,-9.967782292656797e-06,1528
5.699999999999999,0.1,6.1000000000000005,-0.03806338887938937,0.0,-0.22562787715362903,-10.751306780572797,-9.789976300453587,-8.198574721701801,-1.5048715413160454e-05,0.49056384013097876,-1.2106068666645018e-05,1529
5.9,0.1,6.1000000000000005,-0.0691312624695303,0.0,-0.1506953386682332,-12.015730040771512,-10.387895672534396,-9.923748321901163,-2.1616764363835824e-05,1.69808198476773,-9.38355409889947e-06,1530
6.1000000000000005,0.1,6.1000000000000005,-0.09440135888461323,0.0,-0.09414615109193944,-10.797317977978306,-10.319132781347488,-10.798345928759685,-1.5802915666357637e-05,0.897338538465658,7.715758188842403e-08,1531
6.3,0.1,6.1000000000000005,-0.102740395472024,0.0,-0.079216561494966,-10.348741596318844,-10.131985664535515,-10.311186726359388,-1.1346003675208446e-05,0.7271188809525236,6.341069590616811e-06,1532
6.5,0.1,6.1000000000000005,-0.1055231906982956,0.0,-0.07125091886122507,-10.047117594723648,-10.0319571511737,-10.112668161146026,-1.1438038512257597e-05,0.6758528326526217,-1.7001199306202474e-06,1533
6.700000000000001,0.1,6.1000000000000005,-0.10431081634911607,0.0,-0.06375372180596992,-9.871823457837854,-9.988041186800459,-10.0683824761654,2.226326315887527e-06,0.5936574472140383,2.3095787135478275e-06,1534
6.9,0.1,6.1000000000000005,-0.1005403139543883,0.0,-0.05656021754240088,-9.767016843372227,-9.965039614640324,-10.058181229835188,6.860714233391165e-07,0.5112357330934113,4.418500189465103e-06,1535
7.1,0.1,6.1000000000000005,-0.09518660293801946,0.0,-0.04984225965264604,-9.704523726702902,-9.952679626153325,-10.058874404069572,-4.963864823125248e-06,0.43476521328060325,-3.187362372050206e-06,1536
7.299999999999999,0.1,6.1000000000000005,-0.08888789343792552,0.0,-0.04374693041267807,-9.669244470329247,-9.946021517666932,-10.06086311802176,-8.508167677686843e-06,0.36658543625153844,-9.640443901592499e-06,1537
7.5,0.1,6.1000000000000005,-0.08207278304516799,0.0,-0.03834005773018695,-9.651309898663742,-9.942500758966125,-10.06119389617332,-7.868574915412418e-06,0.30722174635585187,-7.071754494200538e-06,1538
7.700000000000001,0.1,6.1000000000000005,-0.07502216627073474,0.0,-0.03362140199814763,-9.644289485949246,-9.940700273459315,-10.059211881364302,-4.023622396307061e-06,0.256374301624102,2.086714051196572e-05,1539
7.9,0.1,6.1000000000000005,-0.0679162553494077,0.0,-0.02955666440404962,-9.64413113078471,-9.939911967304601,-10.05542870574426,-8.294540049671058e-06,0.21301617555232108,3.4177200342341764e-05,1540
8.100000000000001,0.1,6.1000000000000005,-0.06086297519891922,0.0,-0.026093350345825068,-9.647550870921442,-9.939588908497301,-10.050393671570955,-8.907635807878183e-06,0.17635319448703357,3.420839032069641e-05,1541
8.299999999999999,0.1,6.1000000000000005,-0.053924850909410876,0.0,-0.023165737172340297,-9.65351474628341,-9.939682681935126,-10.044898663408361,-1.2216842101287772e-05,0.14539623207881971,3.274158691316076e-05,1542
8.5,0.1,6.1000000000000005,-0.047129363938820536,0.0,-0.0207154726561376,-9.659613847020532,-9.939793219646187,-10.039352251216926,-1.2702467724900453e-05,0.11897593743637278,8.56709911690307e-06,1543
8.700000000000001,0.1,6.1000000000000005,-0.040482038210548445,0.0,-0.018687602835253017,-9.666290016143991,-9.940077458423925,-10.034097275992035,-4.3795203283363765e-06,0.09663592125573403,-1.13673631656245e-05,1544
8.9,0.1,6.1000000000000005,-0.033980304883073555,0.0,-0.017031780043503357,-9.67221039964979,-9.940267030933427,-10.02912475502376,-1.5567326598852247e-06,0.07726589375368892,6.15844725033583e-06,1545
9.100000000000001,0.1,6.1000000000000005,-0.027612284201076375,0.0,-0.015709467297228153,-9.677980612498382,-9.940598802266404,-10.025013398850533,-1.005984006134517e-06,0.06024833460905339,8.727340035605651e-06,1546
9.3,0.1,6.1000000000000005,-0.021357337295401235,0.0,-0.01468890464713873,-9.682032518044943,-9.940697854275422,-10.021456753331996,1.3761315414098115e-06,0.04504259460947023,1.910933789792746e-06,1547
9.499999999999998,0.1,6.1000000000000005,-0.015189966579226005,0.0,-0.013945536425391997,-9.685630784218397,-9.940922632919216,-10.018982380394176,-1.2621592240321122e-07,0.031238065286971227,1.0701432915431957e-05,1548
9.700000000000001,0.1,6.1000000000000005,-0.009087844193657135,0.0,-0.013458812796350363,-9.68773156978451,-9.940982405272052,-10.017180456591728,9.344779809856665e-07,0.01843290819347447,4.850104159335618e-06,1549
9.9,0.1,6.1000000000000005,-0.0030244013889166354,0.0,-0.013216963559871437,-9.689008765963735,-9.94105607409341,-10.016271604509397,4.239358131371278e-08,0.00610209881273278,8.050118972358899e-06,1550
0.1,0.1,6.3,0.0028501937257500213,0.0,-0.014883600562273757,-9.704042512451943,-9.941572055976843,-10.00381776744698,-4.507421552046777e-07,-0.006480745271751208,1.0354660324305947e-05,1551
0.3,0.1,6.3,0.008559123798228969,0.0,-0.015143310477577318,-9.703292078361397,-9.94152288862839,-10.0043223647948,1.5352480134703692e-06,-0.01965232141713385,-8.735268239381839e-07,1552
0.5,0.1,6.3,0.014289572895250863,0.0,-0.015667116848311416,-9.702174882702904,-9.941512926647787,-10.005389750545069,2.843807909166194e-06,-0.033219015696518084,-1.5554371805286432e-05,1553
0.7,0.1,6.3,0.0200567632195541,0.0,-0.016465589834941195,-9.700125578494504,-9.941394125869259,-10.006845050862994,9.264074678469798e-06,-0.04773810885803153,-1.628123172327106e-05,1554
0.9,0.1,6.3,0.02587054619708781,0.0,-0.017557261284605517,-9.698146144495267,-9.941395431713275,-10.008831014080078,1.2774397117872542e-05,-0.06347625985832127,-2.5884738185667163e-06,1555
1.1,0.1,6.3,0.0317403608312095,0.0,-0.018963979513571795,-9.695345960874858,-9.941258399064377,-10.010946034456001,8.6273349980085e-06,-0.08084959126296251,3.3717483024322724e-05,1556
1.3,0.1,6.3,0.037666708998241503,0.0,-0.020714509954047867,-9.693335696612923,-9.941322212361369,-10.013275365194797,6.753194397234932e-06,-0.10034041981092318,2.104361016892365e-05,1557
1.5,0.1,6.3,0.04364426944714288,0.0,-0.02284368446494733,-9.691147353052878,-9.941306671778419,-10.015386005848512,2.1644401590744958e-06,-0.12240920274232601,-2.986616941264798e-06,1558
1.6999999999999997,0.1,6.3,0.049654844189130305,0.0,-0.02539233998924287,-9.690866679593096,-9.94162893239764,-10.01727798239271,-2.603259076980397e-06,-0.14758739784995756,1.1343740945292326e-05,1559
1.9,0.1,6.3,0.055662673866300146,0.0,-0.028403755775776578,-9.69215027483891,-9.942065215911528,-10.018175804719665,-3.232527439268628e-06,-0.17627476967723138,4.451835152485076e-06,1560
2.0999999999999996,0.1,6.3,0.061606514556564046,0.0,-0.0319228767094467,-9.697679931349471,-9.943124453337445,-10.017942335338429,1.241858638713131e-06,-0.20905623772442364,5.681170487056352e-07,1561
2.3,0.1,6.3,0.0673904616992188,0.0,-0.03599334258261871,-9.70823069934399,-9.944810862742592,-10.01582361436661,-3.5056102147953376e-06,-0.24609929266609212,3.5261173996595557e-07,1562
2.5000000000000004,0.1,6.3,0.0728731588117575,0.0,-0.04064840092676274,-9.727510700417584,-9.947863971093282,-10.011809155050145,-2.7856201750210844e-06,-0.28735224945266874,-7.659591830933503e-06,1563
2.7,0.1,6.3,0.07784936551062338,0.0,-0.04590221069624313,-9.758504900350088,-9.952868791611937,-10.005839057710773,7.048774026680489e-06,-0.33195403707738275,-1.0108660401078521e-05,1564
2.9000000000000004,0.1,6.3,0.08203756230863063,0.0,-0.05174402582969037,-9.806554814892193,-9.961235747365572,-9.999623921933583,6.9759142116000165e-06,-0.3781779687448174,-1.0727580666291569e-05,1565
3.0999999999999996,0.1,6.3,0.08506561673538587,0.0,-0.05814405364476875,-9.877392386573003,-9.975077794896215,-9.997996587908618,-3.552266583351932e-06,-0.42232464185160123,-1.5379857582105865e-06,1566
3.3,0.1,6.3,0.08649032850429447,0.0,-0.0651090129094528,-9.976868977220338,-9.997921549602115,-10.012738770791081,-5.944125750459696e-06,-0.4584771147594285,3.0159646467003987e-06,1567
3.5,0.1,6.3,0.0859072492905903,0.0,-0.07292121086297015,-10.105844750708114,-10.036218321852488,-10.075246858560645,5.169659585472599e-06,-0.4794189726927003,-4.0157308057602906e-07,1568
3.7,0.1,6.3,0.08341207366632064,0.0,-0.08328043227851273,-10.230695609039634,-10.09237587817346,-10.23118378182843,6.997378675628902e-07,-0.5147003356656312,8.069263813446881e-07,1569
3.9,0.1,6.3,0.07962056436767012,0.0,-0.10274221077982654,-10.309021379833661,-10.131384003053984,-10.347898635437279,1.0418753005826959e-06,-0.7271217022705532,-1.6374122323991726e-06,1570
4.1,0.1,6.3,0.07249943790994344,0.0,-0.1424376009654035,-10.473679402564473,-10.0578393083432,-9.815517139152574,-1.1422576207427383e-06,-1.1765787421258502,-1.949886047119738e-06,1571
4.3,0.1,6.3,0.0576219889984423,0.0,-0.194355200597352,-10.75572628106011,-9.931715762386041,-8.902852530871133,-7.908515959425824e-06,-0.9798641555751424,8.771311518732755e-06,1572
4.500000000000001,0.1,6.3,0.0386236286401252,0.0,-0.23714883339339715,-10.536536938931103,-9.777232159722407,-8.349623859683188,-3.7277415099233045e-06,-0.5276879600252616,1.1758222570099905e-05,1573
4.7,0.1,6.3,0.021775107818734235,0.0,-0.2642762383345096,-10.351811601721765,-9.706994365213667,-8.1831602243534,-1.5610768154453691e-06,-0.2570186930277599,4.7196214976022295e-06,1574
4.9,0.1,6.3,0.007072718980478127,0.0,-0.277295996925315,-10.257141483152349,-9.676666708457358,-8.12619205913609,4.524061591533622e-07,-0.07682998191641299,-5.279592786963889e-07,1575
5.1000000000000005,0.1,6.3,-0.00685956485887111,0.0,-0.2772731881943119,-10.257309005817559,-9.676704303545101,-8.126212511909765,-1.1946756161923263e-06,0.07706983451300015,-8.863622373840096e-06,1576
5.3,0.1,6.3,-0.021567213244612235,0.0,-0.26420690560075644,-10.35221012593287,-9.707083564329231,-8.18320769571522,-2.199512197033748e-06,0.2573146824302481,-1.4926717697866409e-05,1577
5.5,0.1,6.3,-0.03842712704782066,0.0,-0.23703211296043056,-10.53737455256223,-9.777437904064707,-8.349814967763276,-9.378729118647493e-06,0.5280762154238869,-1.1834199989350437e-05,1578
5.699999999999999,0.1,6.3,-0.057444011032309124,0.0,-0.1941898538051394,-10.757008660216858,-9.93209183414933,-8.903450510535722,-1.2475374126311647e-05,0.9805411582761429,-1.3887767245684084e-05,1579
5.9,0.1,6.3,-0.0723388183150796,0.0,-0.14222816181075862,-10.474677885962082,-10.058287376513691,-9.816758996607591,-1.0181897341360471e-05,1.1772275300895647,-1.2794985692107755e-06,1580
6.1000000000000005,0.1,6.3,-0.07947191982088883,0.0,-0.10250803786655072,-10.310002692435871,-10.131909455520558,-10.34954458516813,-1.4402560196265785e-05,0.7273309127984122,1.8926756345064827e-05,1581
6.3,0.1,6.3,-0.08327497314501241,0.0,-0.08304413953633547,-10.231693360916145,-10.092866158745641,-10.232637432813336,-1.8897540393167645e-05,0.5146185896580425,1.4672226937447503e-05,1582
6.5,0.1,6.3,-0.08578379270030227,0.0,-0.07269675401123679,-10.10692137769485,-10.03667371251781,-10.076447184895091,-3.01719860665892e-05,0.479166150120223,8.759744630279637e-06,1583
6.700000000000001,0.1,6.3,-0.08638049082229077,0.0,-0.06490325623836114,-9.977767939496655,-9.99830386147275,-10.013751367868247,-2.459604622607452e-05,0.4581723025881518,4.28286969912667e-06,1584
6.9,0.1,6.3,-0.08496824080929048,0.0,-0.057959937633663,-9.87829006947111,-9.975445658386132,-9.998938222465437,-1.699575630263503e-05,0.4220526359044341,1.6289940561594281e-06,1585
7.1,0.1,6.3,-0.0819520689666445,0.0,-0.0515835387839761,-9.807357078541708,-9.961565957711471,-10.000472710021748,-9.20341483509192e-06,0.3779365933454032,2.0005279864249308e-05,1586
7.299999999999999,0.1,6.3,-0.07777344397473937,0.0,-0.045765946955277616,-9.759084705984334,-9.95312489879801,-10.00653978802217,-2.976762142255899e-07,0.33172573956708606,1.8825838279342924e-05,1587
7.5,0.1,6.3,-0.0728051304632675,0.0,-0.04053607021718363,-9.728090210327624,-9.948105564213035,-10.012437610743453,-2.1531446761489986e-06,0.2870074895028803,1.5770108451359712e-05,1588
7.700000000000001,0.1,6.3,-0.06732999552110427,0.0,-0.03589979555549354,-9.708726828584412,-9.945024757670565,-10.016396959785395,-7.5194309594032645e-06,0.24591889449680387,5.925551558677516e-05,1589
7.9,0.1,6.3,-0.06155100069693808,0.0,-0.031843715218925546,-9.697932241927155,-9.943251554619463,-10.018325531175908,-1.6362682258424757e-05,0.20885368589921438,4.741604035080178e-05,1590
8.100000000000001,0.1,6.3,-0.055611822511497606,0.0,-0.028338055287285537,-9.692561355780976,-9.94220206829955,-10.018448985722822,-1.5818652571843747e-05,0.17621880790128108,2.394185939576283e-05,1591
8.299999999999999,0.1,6.3,-0.04961121063218862,0.0,-0.025337455713157604,-9.691358774864321,-9.941777597442593,-10.017529212365233,-1.657796456268041e-05,0.14760516705919421,3.150288647461436e-05,1592
8.5,0.1,6.3,-0.04360667292539666,0.0,-0.02280043215585743,-9.691404290219726,-9.941402938188771,-10.015610400730019,-1.6138011607360107e-05,0.12236009841136304,1.236189833655176e-05,1593
8.700000000000001,0.1,6.3,-0.03763172038033427,0.0,-0.020680624727001336,-9.693426205692207,-9.941376807706115,-10.01345783285485,-1.3223866130390586e-05,0.10040279702432937,-5.924820916630007e-06,1594
8.9,0.1,6.3,-0.031708216114950935,0.0,-0.018934270234374183,-9.695609135136312,-9.941322642325247,-10.011004076496153,-5.828448392618744e-06,0.08091549902135767,7.933668684988832e-06,1595
9.100000000000001,0.1,6.3,-0.025844091903146345,0.0,-0.017530234353255174,-9.698499061263893,-9.941455419088856,-10.008778034197102,-1.5384790807438943e-06,0.06352753867197407,-5.147718429072396e-06,1596
9.3,0.1,6.3,-0.020036443481611047,0.0,-0.0164421731041397,-9.700392573152778,-9.941438884023055,-10.006801846962357,-4.9927547243135245e-06,0.047744858663408205,-2.6072438612936617e-05,1597
9.499999999999998,0.1,6.3,-0.01427481192554825,0.0,-0.01564757560717306,-9.702455132340964,-9.941562628753886,-10.005358011444805,-4.3557165203396884e-06,0.03324578769830107,-3.2379392925453175e-06,1598
9.700000000000001,0.1,6.3,-0.008550017626369706,0.0,-0.01512530466560824,-9.703570916493254,-9.941563154655391,-10.004244856799874,-1.5263769125143315e-06,0.019677583256821264,1.2022548372902191e-05,1599
9.9,0.1,6.3,-0.002847036805456466,0.0,-0.014864807252787696,-9.704349210347559,-9.941613168857971,-10.00371663394783,-7.062232483556572e-07,0.006509646848144869,2.9663711868639947e-05,1600
0.1,0.1,6.500000000000001,0.0026656310690758925,0.0,-0.016211860963004403,-9.719954795192663,-9.942102100862332,-9.990555709133414,-1.052546526320957e-07,-0.006696135524172632,3.10158224653132e-05,1601
0.3,0.1,6.500000000000001,0.00800064472419985,0.0,-0.01648166531268045,-9.71963629914343,-9.942092658747429,-9.990826994608057,3.0928790674743885e-06,-0.02019696249922355,4.530822366017635e-06,1602
0.5,0.1,6.500000000000001,0.013342740965525571,0.0,-0.0170237241808131,-9.719396632137682,-9.942143001834392,-9.99131837704341,6.585426413325914e-06,-0.03406489669835636,-6.8113648959414e-06,1603
0.7,0.1,6.500000000000001,0.018696179608947795,0.0,-0.017847038636886366,-9.718719516563548,-9.942098868546053,-9.991774826177814,1.707440448809882e-05,-0.048713008240984505,-1.3143661255615191e-05,1604
0.9,0.1,6.500000000000001,0.02405919959824717,0.0,-0.01896861555205473,-9.718632119542594,-9.94220428038489,-9.992389282390997,1.6564408047663047e-05,-0.06446863489136116,-4.041440476553637e-06,1605
1.1,0.1,6.500000000000001,0.02942952535967664,0.0,-0.020407218570835498,-9.718242192920199,-9.942207433213168,-9.992794973154764,5.31411439440317e-06,-0.08152627747602649,2.9591906973753925e-05,1606
1.3,0.1,6.500000000000001,0.03479466787519331,0.0,-0.02218459418110722,-9.719299624094598,-9.94246351868462,-9.993017969329761,7.703141227324068e-06,-0.10025013258365963,2.7021505346347817e-05,1607
1.5,0.1,6.500000000000001,0.040135005741012364,0.0,-0.0243312557469081,-9.720801937084245,-9.94267356754405,-9.99256590064507,5.8295532761126016e-06,-0.12107988488854116,2.0310743996161493e-05,1608
1.6999999999999997,0.1,6.500000000000001,0.04541759032773865,0.0,-0.02687943682082852,-9.72492454264848,-9.943302588437858,-9.991588399538502,-2.7960593057415984e-06,-0.14409753363827943,2.3789783970632765e-05,1609
1.9,0.1,6.500000000000001,0.050592443607836976,0.0,-0.029859360258119947,-9.731224364853743,-9.944105513714227,-9.98930320371833,-4.231782544656396e-06,-0.1695184543581269,1.2664305691895072e-05,1610
2.0999999999999996,0.1,6.500000000000001,0.055586032731227746,0.0,-0.03330358585981545,-9.742367647449626,-9.945653549001284,-9.985900097557565,-4.0214050348467707e-07,-0.1974451770724972,7.459484855881534e-06,1611
2.3,0.1,6.500000000000001,0.060297090954430976,0.0,-0.037240596900267514,-9.758540992796366,-9.947867013864954,-9.980794076526053,3.450294195363286e-06,-0.22751125252575616,2.545506613855175e-07,1612
2.5000000000000004,0.1,6.500000000000001,0.06459183912916332,0.0,-0.04169150486101461,-9.782861952240248,-9.951461525033052,-9.9744456729258,2.7747763551214806e-06,-0.25913799432402107,-3.5549783485067282e-06,1613
2.7,0.1,6.500000000000001,0.06829959580883695,0.0,-0.04666854107950849,-9.816427083577757,-9.956830372726776,-9.967724780056548,3.225724257262996e-06,-0.2908857472526138,-2.649691755330595e-06,1614
2.9000000000000004,0.1,6.500000000000001,0.07122257954159286,0.0,-0.05218509854242265,-9.861855169552085,-9.965056119580298,-9.963425428346834,5.881519589249782e-06,-0.3208715802675055,-4.561957203319159e-06,1615
3.0999999999999996,0.1,6.500000000000001,0.07316123854607649,0.0,-0.05829725756326537,-9.918780322130406,-9.977157006651474,-9.96700471112821,3.0825520255525453e-06,-0.34671496041352723,-6.987615665202432e-07,1616
3.3,0.1,6.500000000000001,0.07399230845504659,0.0,-0.06522286258728185,-9.983704053888822,-9.994593023381087,-9.989261063017487,3.0422715036831568e-06,-0.36814007056567305,1.9934183883857554e-06,1617
3.5,0.1,6.500000000000001,0.07382056778736795,0.0,-0.07369677019088988,-10.042114171434132,-10.016929151660046,-10.042531586871915,6.935584247383092e-06,-0.3970381884781675,1.3610849912324295e-06,1618
3.7,0.1,6.500000000000001,0.07305620918536455,0.0,-0.08578630236076733,-10.074696818874422,-10.036181609337346,-10.10621122781309,1.2429416364997687e-07,-0.4794500530595509,-5.796526488496075e-07,1619
3.9,0.1,6.500000000000001,0.07164066296788815,0.0,-0.10551833615584304,-10.110863789500478,-10.031427740301396,-10.046274912007682,4.237014214228627e-06,-0.6759730058969249,-5.227656241618508e-07,1620
4.1,0.1,6.500000000000001,0.06739087083013261,0.0,-0.13595009986798312,-10.266877329586697,-9.992132332560987,-9.69378433321917,-7.382942994705059e-06,-0.8879098188028453,-3.95334509747042e-08,1621
4.3,0.1,6.500000000000001,0.05767853955877259,0.0,-0.1726848771516442,-10.453816429568489,-9.919168596359526,-9.142026552229924,-2.080437791491399e-05,-0.8602930308114322,4.875286814742726e-06,1622
4.500000000000001,0.1,6.500000000000001,0.042930030618772895,0.0,-0.20608759347013678,-10.538969647846772,-9.84448484787301,-8.683454591519416,-1.278304756628468e-05,-0.6254396992590412,1.33531915179122e-05,1623
4.7,0.1,6.500000000000001,0.02593241994416093,0.0,-0.2296609893176418,-10.509080508078997,-9.787020839082889,-8.426023687341663,-5.826531274707821e-06,-0.34986341499566154,7.032362748341365e-06,1624
4.9,0.1,6.500000000000001,0.008680337080473565,0.0,-0.24148070163758376,-10.476172428573658,-9.76044981305038,-8.3260766366804,1.2834393551601246e-06,-0.11111637161285866,3.816696089986586e-06,1625
5.1000000000000005,0.1,6.500000000000001,-0.00849777455269341,0.0,-0.2414579595720915,-10.476369564882273,-9.76050581108884,-8.326159490563628,-1.0573351219635835e-06,0.11150083339082796,2.936219410030039e-06,1626
5.3,0.1,6.500000000000001,-0.025754404529634796,0.0,-0.22959278810409003,-10.509445138599958,-9.78714609601376,-8.426285341469875,5.02600748732346e-06,0.3502615194073352,-3.362918452847102e-06,1627
5.5,0.1,6.500000000000001,-0.0427590397030217,0.0,-0.20597418349129587,-10.539522156795638,-9.844694815170135,-8.68395191905569,-3.5924668162478675e-06,0.625906934811937,1.0246997896532116e-06,1628
5.699999999999999,0.1,6.500000000000001,-0.057517154268715745,0.0,-0.17252891752058144,-10.454619581373796,-9.919510400948775,-9.14293242337587,-1.3260404878347268e-05,0.8608002299475159,-2.1834667696453485e-06,1629
5.9,0.1,6.500000000000001,-0.06723897016487367,0.0,-0.13576157176778447,-10.267641289194929,-9.992558780782769,-9.69515261471974,-9.185017152388284e-06,0.8882164939445167,6.701050584847799e-06,1630
6.1000000000000005,0.1,6.500000000000001,-0.0714966648464181,0.0,-0.10531113994739157,-10.111664510032828,-10.03190825169112,-10.04787674842329,-7.737875064365638e-06,0.6760534493022847,1.939685656599976e-05,1631
6.3,0.1,6.500000000000001,-0.07292063780810584,0.0,-0.08557392228211137,-10.07554541726535,-10.036653611651703,-10.107722640994195,-2.944477303533202e-06,0.47928453562594203,1.5576858054981198e-05,1632
6.5,0.1,6.500000000000001,-0.07369693557165923,0.0,-0.07349213752212692,-10.04322261833182,-10.017433390156489,-10.043944332451487,-2.4567172787833887e-05,0.3966719882477054,2.7027941004821807e-06,1633
6.700000000000001,0.1,6.500000000000001,-0.07388103626026245,0.0,-0.06503574874421203,-9.984583421532427,-9.995039362259897,-9.99061338976784,-4.477625917314324e-05,0.3676304193963348,-1.4847262857043866e-05,1634
6.9,0.1,6.500000000000001,-0.07305948585246169,0.0,-0.0581314541267203,-9.919590870597768,-9.977593598944702,-9.968377124132227,-2.9268468132297238e-05,0.34625745151586995,-1.9690320478264402e-05,1635
7.1,0.1,6.500000000000001,-0.07112912636735079,0.0,-0.05204057507639886,-9.862549840506931,-9.965430824087335,-9.964604279935843,-8.151605460341045e-06,0.3204772169789923,-1.7682162844324093e-05,1636
7.299999999999999,0.1,6.500000000000001,-0.0682148345431643,0.0,-0.046545797441089706,-9.817186627734538,-9.957189698427488,-9.968761864419605,-3.701354781071198e-06,0.2905381381765226,-6.603252738705863e-06,1637
7.5,0.1,6.500000000000001,-0.06451628538692511,0.0,-0.041589508841278634,-9.783528488750106,-9.951749251104594,-9.975217766778927,-2.2179942222935903e-06,0.25887330487784294,2.1075253502506002e-05,1638
7.700000000000001,0.1,6.500000000000001,-0.06023053609506714,0.0,-0.03715577218798926,-9.759151159343244,-9.948115627644137,-9.981426978893987,7.579040921404752e-06,0.2273677753084142,5.432801714301511e-05,1639
7.9,0.1,6.500000000000001,-0.055526080333748944,0.0,-0.03323348105832647,-9.742776835009858,-9.945880603573286,-9.986626182862336,-5.9248696464174475e-06,0.19720993399793887,4.577512832519187e-05,1640
8.100000000000001,0.1,6.500000000000001,-0.05053724434635306,0.0,-0.02980129368543846,-9.731677853391128,-9.9443392811441,-9.990018552335519,-2.062437498821497e-05,0.1693290214286749,8.95468943848938e-06,1641
8.299999999999999,0.1,6.500000000000001,-0.04536702546847085,0.0,-0.026830150584593173,-9.725268396595103,-9.943475414572733,-9.99210867628532,-6.423521382447054e-06,0.14399617207708634,1.382757776317969e-05,1642
8.5,0.1,6.500000000000001,-0.0400889497781171,0.0,-0.024291895518691306,-9.721156427857087,-9.942812380147382,-9.992905472885766,7.538409201529083e-06,0.12094712126516084,1.1334427563106595e-05,1643
8.700000000000001,0.1,6.500000000000001,-0.034753499536301045,0.0,-0.022152748114278597,-9.719561459115308,-9.942542369473788,-9.993150388269862,-9.228938806093678e-06,0.10027198831876448,-3.658079618261087e-06,1644
8.9,0.1,6.500000000000001,-0.029393608894371006,0.0,-0.020377594109055062,-9.718577875561406,-9.942295501177288,-9.992899630331264,-1.1740492057615283e-05,0.0815408631155568,2.4051791554308596e-06,1645
9.100000000000001,0.1,6.500000000000001,-0.024028595755499395,0.0,-0.018940991687046934,-9.718926311601546,-9.942291743699677,-9.992532406913048,-2.3738992870335627e-06,0.06448020485541263,-1.883400625517483e-05,1646
9.3,0.1,6.500000000000001,-0.018670974460684622,0.0,-0.01782205260321736,-9.719035601890884,-9.94216488018347,-9.99178879902614,-7.260171060713088e-06,0.04874684517177699,-1.678182460594687e-05,1647
9.499999999999998,0.1,6.500000000000001,-0.013324669991959788,0.0,-0.017001037394407528,-9.719791209998204,-9.942200171263295,-9.991209646335232,-2.640018611786745e-06,0.034078794800492265,2.461369053408411e-05,1648
9.700000000000001,0.1,6.500000000000001,-0.007990414955750189,0.0,-0.01646090374644186,-9.720024172926216,-9.942166187083082,-9.990806762505656,-1.6333204642585365e-06,0.020182759471391715,2.5260362504150194e-05,1649
9.9,0.1,6.500000000000001,-0.0026623440148369325,0.0,-0.016191744367161413,-9.720329015979155,-9.942201089423886,-9.99067643114611,-2.023370420041108e-06,0.006712978401098761,1.6089105563399315e-05,1650
0.1,0.1,6.699999999999999,0.0024796886638676907,0.0,-0.01720959492312688,-9.736028993985933,-9.942679652272213,-9.977369267389161,1.241797064408555e-07,-0.006691788584965396,2.8369693742261732e-05,1651
0.3,0.1,6.699999999999999,0.007438825096401041,0.0,-0.017482169313188873,-9.736046940496793,-9.94267281647931,-9.977317141914142,2.4744976487059936e-06,-0.0201758739719054,8.201400089228352e-06,1652
0.5,0.1,6.699999999999999,0.01239264798917371,0.0,-0.01802777420811056,-9.736537498804104,-9.942758517467713,-9.9772550885433,3.6401321478686708e-06,-0.03388100606236588,8.037666993957688e-06,1653
0.7,0.1,6.699999999999999,0.017336634448852375,0.0,-0.018852823615134927,-9.73699099370631,-9.94278362201531,-9.976927116381795,1.0978539188010892e-05,-0.04827737739989174,2.588868336005319e-06,1654
0.9,0.1,6.699999999999999,0.022260525828488042,0.0,-0.01997281176552099,-9.738422574565254,-9.942980914529825,-9.97648199809318,1.449867982015561e-05,-0.06354003719183438,-1.1810331773161442e-06,1655
1.1,0.1,6.699999999999999,0.027152696858379982,0.0,-0.0214033793419664,-9.73997625446341,-9.943099965822892,-9.975523574660013,3.6246462667750503e-06,-0.0798311433913854,2.633633473776952e-05,1656
1.3,0.1,6.699999999999999,0.0319927850142126,0.0,-0.02316100562440319,-9.743273109019635,-9.943521030697253,-9.974332044467477,-3.640726646367735e-06,-0.09731709611565814,2.339414086214235e-05,1657
1.5,0.1,6.699999999999999,0.03675334805843263,0.0,-0.02526964530162224,-9.747476039356771,-9.94394709794894,-9.972259450396994,-6.359046444391469e-06,-0.116345984466313,2.049366554589383e-05,1658
1.6999999999999997,0.1,6.699999999999999,0.04139321882453881,0.0,-0.027754011871026302,-9.754583998156006,-9.944796717514041,-9.969399589411742,-9.218330235949889e-06,-0.136786146615531,2.3628112837909624e-05,1659
1.9,0.1,6.699999999999999,0.04585995778172302,0.0,-0.030635733434882316,-9.763785438401792,-9.945823245065519,-9.965330786926852,-1.2913972117882589e-05,-0.15872527521545132,1.3458086267051674e-05,1660
2.0999999999999996,0.1,6.699999999999999,0.05008332913357593,0.0,-0.033939039956109994,-9.777650555987266,-9.94759040077076,-9.960301447867819,-1.1094736528836461e-05,-0.18195808882330605,1.2699170465784974e-05,1661
2.3,0.1,6.699999999999999,0.05397493066674772,0.0,-0.037685207793617816,-9.795539411936074,-9.949914940501309,-9.954035290567946,-2.9117605229011253e-06,-0.20596852724983755,5.830407396292378e-07,1662
2.5000000000000004,0.1,6.699999999999999,0.05743052471884128,0.0,-0.04189604903352799,-9.819864603556372,-9.953478937625416,-9.947530084571595,2.919931338270396e-06,-0.23016603874796843,-7.1793950498053475e-06,1663
2.7,0.1,6.699999999999999,0.06033624814123858,0.0,-0.0466016134931617,-9.849779395243212,-9.958324454929295,-9.941842879404074,7.354130174212641e-06,-0.25351954069820126,-4.232214100076785e-06,1664
2.9000000000000004,0.1,6.699999999999999,0.06258966686564908,0.0,-0.05186238595191322,-9.885897643330036,-9.965156759125659,-9.93988615229585,5.1236791903654836e-06,-0.27536898245092056,-2.54998273994331e-06,1665
3.0999999999999996,0.1,6.699999999999999,0.06413183517021583,0.0,-0.05783123198875541,-9.924731796736587,-9.974008771046067,-9.945312058494432,4.578283763131547e-06,-0.2964376161920643,-1.6787067077895726e-06,1666
3.3,0.1,6.699999999999999,0.06500121209806511,0.0,-0.06488627074130777,-9.961513033233098,-9.984694631246619,-9.961960123001132,5.0136206245749905e-06,-0.3221819243928476,2.1119783206549652e-06,1667
3.5,0.1,6.699999999999999,0.06534820891673289,0.0,-0.07387887142925943,-9.988850623978815,-9.994601811514812,-9.984158433601463,2.6621841828230248e-06,-0.36815877681292175,7.231255030623305e-06,1668
3.7,0.1,6.699999999999999,0.06524530634411517,0.0,-0.08637939811316991,-10.012228925423953,-9.997902740405138,-9.977284776602819,-2.005404965570413e-06,-0.45853393506218343,-1.3952231098894145e-06,1669
3.9,0.1,6.699999999999999,0.06412186681215318,0.0,-0.10430028074288689,-10.066915302447399,-9.98763461078485,-9.87125775147773,1.2231885006585084e-06,-0.59381448515885,-3.5492730264301892e-06,1670
4.1,0.1,6.699999999999999,0.0604575969011586,0.0,-0.12819741402350793,-10.185537253118897,-9.95944016354357,-9.611663564600038,-1.1423116386563627e-05,-0.7083847433488567,-5.031990547178268e-07,1671
4.3,0.1,6.699999999999999,0.05266800086619234,0.0,-0.1553293588396799,-10.340985464317344,-9.917927449562152,-9.248651783494175,-2.2599818857867585e-05,-0.7024128788774268,-2.851114296992713e-09,1672
4.500000000000001,0.1,6.699999999999999,0.04055631819890171,0.0,-0.18055488489505658,-10.459479612836269,-9.873152534116562,-8.9062830577477,-1.6350453353633125e-05,-0.5625780099978177,8.895537747570155e-06,1673
4.7,0.1,6.699999999999999,0.025370047232736462,0.0,-0.19933208640385147,-10.51681367637214,-9.837550240254874,-8.670937524908217,-8.680435026644189e-06,-0.34920299148265677,6.324197397137188e-06,1674
4.9,0.1,6.699999999999999,0.008649711842695177,0.0,-0.2091552843805619,-10.532392448857076,-9.81819205011864,-8.558567801736915,-5.339213851511769e-07,-0.11637685661594216,-3.199661981013133e-06,1675
5.1000000000000005,0.1,6.699999999999999,-0.008491167997556951,0.0,-0.2091331371244121,-10.532509030391092,-9.818226414537902,-8.558623042299343,-4.045881949052698e-06,0.11686425294861777,5.339571375709529e-06,1676
5.3,0.1,6.699999999999999,-0.02521428144168516,0.0,-0.19926683035344278,-10.517057128264412,-9.837638562295531,-8.6711356832143,3.980896434440294e-06,0.3497044534866412,5.446099704935915e-06,1677
5.5,0.1,6.699999999999999,-0.04040447696082758,0.0,-0.18044866419937602,-10.459812181675852,-9.873313844732468,-8.906757041987525,2.711640132056641e-06,0.563079946412348,-3.1856121508704113e-06,1678
5.699999999999999,0.1,6.699999999999999,-0.05252144128607937,0.0,-0.1551864206005426,-10.341520407856605,-9.918190340321303,-9.249431293755952,-6.593091930840128e-06,0.7028255993449263,-2.7647527790304573e-06,1679
5.9,0.1,6.699999999999999,-0.06031706323762262,0.0,-0.12802821877008955,-10.186071770622428,-9.959741093300526,-9.61263369588079,-1.3057622395573574e-05,0.708534987296344,8.498232113237358e-06,1680
6.1000000000000005,0.1,6.699999999999999,-0.06398828995349984,0.0,-0.10411644910210507,-10.06763344034221,-9.98802168238644,-9.872474971590789,3.0144416993591843e-07,0.5937660255033911,2.3966696059193808e-05,1681
6.3,0.1,6.699999999999999,-0.06511895126684387,0.0,-0.08619011543378821,-10.012882936528522,-9.998288961688813,-9.978561871916598,2.47459689890299e-05,0.4582950463645642,2.2688994926446575e-05,1682
6.5,0.1,6.699999999999999,-0.06523022348396956,0.0,-0.0736946668941302,-9.989698432742342,-9.995013268297727,-9.985367908747117,-1.4366926265832982e-05,0.3677848094268352,-8.061828170374412e-06,1683
6.700000000000001,0.1,6.699999999999999,-0.06489279415668574,0.0,-0.0647186007054468,-9.96225985263495,-9.985060988661235,-9.963045090672097,-6.215764474173788e-05,0.3216572356211429,-4.106314139506918e-05,1684
6.9,0.1,6.699999999999999,-0.06403209369800848,0.0,-0.057684747249856644,-9.92542029516034,-9.974353015095032,-9.946344780320873,-5.1236263721999366e-05,0.2959396860747271,-4.4863900146469814e-05,1685
7.1,0.1,6.699999999999999,-0.062497621427232794,0.0,-0.05173513749176862,-9.88650774728398,-9.965472781994494,-9.940856162694645,-2.5037363718715615e-05,0.2748659657829117,-6.284252474270256e-05,1686
7.299999999999999,0.1,6.699999999999999,-0.0602517484027308,0.0,-0.046493094053163195,-9.850379282542749,-9.958603936457369,-9.942640399760927,-2.120257529197404e-05,0.2530090278171203,-5.521093803321326e-05,1687
7.5,0.1,6.699999999999999,-0.05735241015571542,0.0,-0.04180473408159857,-9.820272535234006,-9.95368022527357,-9.948128591139778,-1.3490552550911899e-05,0.22981074053621453,-9.664753841456178e-06,1688
7.700000000000001,0.1,6.699999999999999,-0.05390288067238703,0.0,-0.03760864445710516,-9.79605579506027,-9.950119425378004,-9.954541331846503,1.6733130782955416e-05,0.20574056198274562,1.864354033899888e-05,1689
7.9,0.1,6.699999999999999,-0.050019362517429486,0.0,-0.03387594596140012,-9.778172181653728,-9.947743095283814,-9.96054329477147,1.4235114028060038e-06,0.18179708583970056,4.9269027047505944e-05,1690
8.100000000000001,0.1,6.699999999999999,-0.04580421339901721,0.0,-0.030584366040181873,-9.764222427730289,-9.945952342307132,-9.965539283811387,-2.7181899621663777e-05,0.15852409020401967,2.0545758419492875e-05,1691
8.299999999999999,0.1,6.699999999999999,-0.04134126152329615,0.0,-0.027711179627223373,-9.754652366372035,-9.944860989413773,-9.96965258071346,-8.721018843680776e-06,0.1366492571947663,-8.358748073394335e-07,1692
8.5,0.1,6.699999999999999,-0.03670360522146862,0.0,-0.02523332956494696,-9.74774494225506,-9.944022070752384,-9.972365411512643,1.993721645886515e-05,0.11622964671966167,-1.2946509742120475e-05,1693
8.700000000000001,0.1,6.699999999999999,-0.031948705522569947,0.0,-0.023129057353342652,-9.743628614843558,-9.943593720944842,-9.97433998989714,-2.8229775259701822e-06,0.09730486568508313,-2.657223826797272e-05,1694
8.9,0.1,6.699999999999999,-0.027114795584990907,0.0,-0.02137439671873711,-9.740295518537776,-9.943191420133244,-9.975661582134567,-1.9449770437356473e-05,0.07980285951120616,-1.2043667894846774e-05,1695
9.100000000000001,0.1,6.699999999999999,-0.022227526110520007,0.0,-0.019946368501030442,-9.738662297248514,-9.943050755311686,-9.976591479326508,2.8662029086433556e-07,0.06355354028896978,-2.7130484116079086e-05,1696
9.3,0.1,6.699999999999999,-0.01730877595999991,0.0,-0.018826633790461553,-9.737321886848605,-9.942851811747097,-9.976937171886876,-4.521446807755884e-06,0.04830874714082554,-1.0180893868233872e-05,1697
9.499999999999998,0.1,6.699999999999999,-0.012372251114392213,0.0,-0.018000908246129627,-9.736972365399572,-9.942821286663882,-9.97713406793599,-4.971976840258854e-06,0.0339259628543607,2.65301371486817e-05,1698
9.700000000000001,0.1,6.699999999999999,-0.007427446547527041,0.0,-0.017458139913681895,-9.736500041952416,-9.942742910727848,-9.977214511703055,-1.9272066342643904e-06,0.020076152527243114,2.851701088437902e-05,1699
9.9,0.1,6.699999999999999,-0.0024762712871942557,0.0,-0.017189099548105134,-9.73639073785607,-9.942756786302697,-9.977393193663254,-2.7660985433701826e-06,0.00667869719933421,6.4002243567974756e-06,1700
0.1,0.1,6.9,0.0022980174451814324,0.0,-0.017879027218091172,-9.751684107570567,-9.943193687463431,-9.964284329753498,-9.000457915633951e-07,-0.006515867514752257,1.1334542498282979e-05,1701
0.3,0.1,6.9,0.006889707628332627,0.0,-0.018147445460333218,-9.752072663189727,-9.943216728458475,-9.964010979109075,-7.854654729317617e-07,-0.01961641886272229,6.434694869161335e-06,1702
0.5,0.1,6.9,0.01146535777735895,0.0,-0.018683409825636533,-9.7531326344009,-9.94331938315097,-9.963464281356497,-5.455291744320536e-07,-0.032913841526020234,1.8360319248484128e-05,1703
0.7,0.1,6.9,0.016015315307710668,0.0,-0.019492269084750654,-9.754389532873374,-9.94338409867527,-9.962530960506967,6.594437433481099e-06,-0.04672282367059862,7.476078235565528e-06,1704
0.9,0.1,6.9,0.020523436204137956,0.0,-0.020586269303325896,-9.756933814787825,-9.943637931922998,-9.96125584482965,1.6823621377908784e-05,-0.06115301957483411,-1.8966959235545742e-05,1705
1.1,0.1,6.9,0.024971537812813017,0.0,-0.021978205424858083,-9.759866306784618,-9.943835214696481,-9.959309766700397,9.46794158111845e-06,-0.07634327839968137,4.334611179212226e-06,1706
1.3,0.1,6.9,0.02933432079156663,0.0,-0.023681538225975865,-9.7646894523904,-9.944314833131633,-9.956884713274007,-1.0326090837991774e-05,-0.09238768733301696,1.2309856062133826e-05,1707
1.5,0.1,6.9,0.033581533574566225,0.0,-0.02571402609871205,-9.770479088266896,-9.944799677553267,-9.953519299502064,-1.928007799255118e-05,-0.10946166626712907,2.0395056177518584e-05,1708
1.6999999999999997,0.1,6.9,0.03767098040961421,0.0,-0.028094107735306104,-9.779257115864075,-9.94574747459916,-9.949480257134153,-1.3699518534161693e-05,-0.1273654748671273,2.236066584348753e-05,1709
1.9,0.1,6.9,0.0415542412185925,0.0,-0.030840462509962103,-9.789682726720235,-9.946807934850867,-9.944356947540008,-1.3295611776519691e-05,-0.14614173256558577,-4.771927955176441e-06,1710
2.0999999999999996,0.1,6.9,0.04517162619467359,0.0,-0.03397285054244355,-9.804235307712892,-9.948584269541358,-9.938686039999446,-1.1699057314794859e-05,-0.16541889373094185,8.573784733876991e-06,1711
2.3,0.1,6.9,0.04845476856567015,0.0,-0.037512257521407355,-9.821474334906178,-9.950733682225806,-9.932194076225286,-2.661763510124073e-06,-0.18492138785575823,1.1710167169236078e-05,1712
2.5000000000000004,0.1,6.9,0.051332835107497914,0.0,-0.04149149085357112,-9.843276480367098,-9.953875981740385,-9.926103428340808,1.6019133292166484e-06,-0.20432860380725423,-7.542164771057209e-06,1713
2.7,0.1,6.9,0.053741522356062235,0.0,-0.04596513911861208,-9.867626439444251,-9.957764836938182,-9.921197745252677,6.912055371357049e-06,-0.22336480959870939,-4.26211933913162e-06,1714
2.9000000000000004,0.1,6.9,0.05563991560298006,0.0,-0.051037527056664485,-9.89473497405596,-9.962814378958313,-9.919336920738138,2.0756484856374593e-06,-0.24271245583852233,-4.3677872508386675e-07,1715
3.0999999999999996,0.1,6.9,0.057026716738535,0.0,-0.0569211256008691,-9.92094242268762,-9.968446489671765,-9.921290025677493,-1.2168156338278225e-06,-0.2650230674416918,-5.392785913743107e-07,1716
3.3,0.1,6.9,0.057946467147526534,0.0,-0.06402681465288673,-9.944833049881225,-9.973984119962187,-9.925087549935556,4.131819400199469e-06,-0.2964633894312093,2.760873429982206e-06,1717
3.5,0.1,6.9,0.058422746345262164,0.0,-0.0730576961261956,-9.966595730119034,-9.977149531243281,-9.919151926100053,3.7501447613073725e-06,-0.34677833906973216,1.9052581887827454e-06,1718
3.7,0.1,6.9,0.0582798899581192,0.0,-0.08496429341386574,-9.997506371811623,-9.975046148107246,-9.877724368731094,9.799563915833351e-06,-0.42239918354087275,-7.794793934659117e-06,1719
3.9,0.1,6.9,0.056903896326064934,0.0,-0.1005243504956454,-10.056819609217294,-9.96462648472969,-9.766312814437079,6.146025609422345e-06,-0.5114139287598314,-4.113296377523604e-06,1720
4.1,0.1,6.9,0.05325628634904721,0.0,-0.11950851677647079,-10.156941971225507,-9.945145820424038,-9.568787130900278,-2.5208523607423366e-06,-0.5740879851575836,1.439100835615551e-06,1721
4.3,0.1,6.9,0.04637265537365037,0.0,-0.14004104328836867,-10.280864011783578,-9.919002227678018,-9.314147126612733,-9.298518128459672e-06,-0.5636871509207055,-1.3119327211965312e-06,1722
4.500000000000001,0.1,6.9,0.036011655563091945,0.0,-0.15903688800145402,-10.39334456497288,-9.891725008128391,-9.06528047567536,-1.4013239440420022e-05,-0.4657217006279523,7.709639206389257e-06,1723
4.7,0.1,6.9,0.02279854709207779,0.0,-0.17343930259732704,-10.468938691586663,-9.869411508863235,-8.878118852732186,-5.502692192855537e-06,-0.3016164017244227,1.0071961804445404e-05,1724
4.9,0.1,6.9,0.007837545093138004,0.0,-0.18112811071211546,-10.504363522738148,-9.857051691300295,-8.780894933769414,-2.334882950219025e-06,-0.10351942935940614,-9.19661279615121e-07,1725
5.1000000000000005,0.1,6.9,-0.0076974282728157215,0.0,-0.18110723019837408,-10.504420564609028,-9.85708618152372,-8.78101034301548,-5.1154201050736925e-06,0.10406139522253047,-2.3250321406773416e-06,1726
5.3,0.1,6.9,-0.022659373725783534,0.0,-0.17337814421894476,-10.469103281988833,-9.869510138511666,-8.878447410575712,1.1260487108781336e-06,0.30210613682579496,-2.1319092738212615e-06,1727
5.5,0.1,6.9,-0.03587468595467204,0.0,-0.15893930298265088,-10.393644685732523,-9.891902036850519,-9.065865498526106,3.957599937212198e-06,0.46614106269880706,-8.75806379078236e-06,1728
5.699999999999999,0.1,6.9,-0.04623886235305945,0.0,-0.13991238041173706,-10.281279341375566,-9.919273713784564,-9.315089227550464,-1.5876833356317249e-06,0.5640285260710077,-9.356939673214424e-06,1729
5.9,0.1,6.9,-0.05312625893289872,0.0,-0.11935705671848887,-10.157433611222508,-9.945473536483487,-9.56993407120058,-9.268330879339854e-06,0.5742648524411755,-3.5132007113047424e-06,1730
6.1000000000000005,0.1,6.9,-0.05678026737235415,0.0,-0.10036043518079858,-10.05756820778979,-9.965023149905491,-9.767547541743564,9.493753363323375e-06,0.5114143990826183,1.1337322348893265e-05,1731
6.3,0.1,6.9,-0.058163334490324105,0.0,-0.08479681129926904,-9.998139373851664,-9.975434496529573,-9.879033108802297,4.6977810478087625e-05,0.42223306196265886,6.165901677179388e-06,1732
6.5,0.1,6.9,-0.058312191113498876,0.0,-0.07289468247639379,-9.967267859144902,-9.977559133408116,-9.920527807901882,1.2250209581499924e-05,0.3464407718407143,-3.0461542020319566e-05,1733
6.700000000000001,0.1,6.9,-0.05784254299428392,0.0,-0.06387868954649707,-9.94553381743395,-9.974386632204812,-9.926399343595936,-4.6993838309674095e-05,0.2959048909967008,-4.675825441703833e-05,1734
6.9,0.1,6.9,-0.05693101859275988,0.0,-0.056791944290903104,-9.921703604367412,-9.96882498192187,-9.922421305244852,-4.9343113422632884e-05,0.2645770436552354,-4.031982697604704e-05,1735
7.1,0.1,6.9,-0.055552451374903535,0.0,-0.050925757457196144,-9.895370687996305,-9.96313228227345,-9.920290723373645,-4.420006039751226e-05,0.24225642887975588,-4.1944964551187474e-05,1736
7.299999999999999,0.1,6.9,-0.053660617406190436,0.0,-0.045871671379648524,-9.868171032713263,-9.958086388921949,-9.922260911895844,-3.482265266883458e-05,0.2229412923858017,-2.5528226273600616e-05,1737
7.5,0.1,6.9,-0.05125647651581965,0.0,-0.041415370918427424,-9.843753766849584,-9.954208367918291,-9.92728807274469,-4.970722036066785e-06,0.20395569202336508,-6.942866266678514e-06,1738
7.700000000000001,0.1,6.9,-0.048382760768030594,0.0,-0.037446923988744225,-9.82198229860436,-9.951013445161571,-9.933084927202595,6.546543028110581e-06,0.18472147084191762,-8.218119802907386e-06,1739
7.9,0.1,6.9,-0.045106449487480216,0.0,-0.03391490435468314,-9.804816472233165,-9.948817181993766,-9.93926943773868,-2.9207207903352896e-06,0.16517704567680677,1.6932921530488772e-05,1740
8.100000000000001,0.1,6.9,-0.04149734396330243,0.0,-0.030793735901974578,-9.79024770114718,-9.94703332602988,-9.944918929004993,-1.2985645100885862e-05,0.14588868918614403,-6.830205154149102e-07,1741
8.299999999999999,0.1,6.9,-0.03761911756736989,0.0,-0.02805700528052555,-9.779451607688518,-9.945871033186888,-9.949903558244905,-1.8514698102630024e-05,0.1272515869515972,-8.259043843730443e-06,1742
8.5,0.1,6.9,-0.03353280494451059,0.0,-0.02568143401032099,-9.770824901782648,-9.944949904494162,-9.953924620690982,-5.785664167878223e-06,0.10932529271433059,3.2505405240474314e-06,1743
8.700000000000001,0.1,6.9,-0.029290191691022413,0.0,-0.02365045440954604,-9.764979773810063,-9.944418652523172,-9.957113488804982,-1.3597869600160596e-05,0.09233579761072792,-1.2332173660046168e-06,1744
8.9,0.1,6.9,-0.024932442465634745,0.0,-0.021949922269635224,-9.760189694969206,-9.94392395590243,-9.95943008454562,-3.434179308581932e-05,0.07624485897111559,1.8647267354648856e-05,1745
9.100000000000001,0.1,6.9,-0.02048961618672584,0.0,-0.020560905097201706,-9.75721813887615,-9.943724377844788,-9.961403750347163,-1.4113652106354362e-05,0.06114840684612604,8.039748291667122e-07,1746
9.3,0.1,6.9,-0.015987028692455902,0.0,-0.019465528772091827,-9.754741807164553,-9.943473320326788,-9.962624794458268,-1.8780442611014462e-06,0.04677924469440149,-2.008439679149025e-05,1747
9.499999999999998,0.1,6.9,-0.011444084840030563,0.0,-0.01865410006151401,-9.753573258170766,-9.943421867212523,-9.963536077891643,-6.235347077674005e-06,0.03294592704172375,-1.836390108442029e-05,1748
9.700000000000001,0.1,6.9,-0.006876701221069722,0.0,-0.01812033658981156,-9.752520243935235,-9.943307741374527,-9.96401846293694,-3.1829869305031474e-06,0.019526186824445485,-1.2237825480082916e-05,1749
9.9,0.1,6.9,-0.0022936290057077244,0.0,-0.017856796064906328,-9.752139950816357,-9.943285619329206,-9.96428814583262,-1.9520892448924257e-06,0.006491104423310703,-1.0498659099850723e-05,1750
0.1,0.1,7.100000000000001,0.002124247065236644,0.0,-0.018228292990952428,-9.766632674131863,-9.943663720609456,-9.951685928922256,-2.4636538674578953e-06,-0.006228067825924625,1.5566227786059413e-05,1751
0.3,0.1,7.100000000000001,0.006364711078113735,0.0,-0.018486282812701905,-9.767340372757923,-9.943697208260062,-9.951145668549659,-4.252497168918083e-06,-0.018692576297959444,2.006509893108241e-06,1752
0.5,0.1,7.100000000000001,0.01058112025079246,0.0,-0.01900284459820428,-9.76878793559481,-9.94381747435177,-9.950299436166313,-2.5264361641771976e-06,-0.03135233353682051,1.530028119571067e-05,1753
0.7,0.1,7.100000000000001,0.014760891435030588,0.0,-0.0197828790915351,-9.770630277710225,-9.943925302395487,-9.948996234271736,5.864493150556841e-07,-0.04434685780132191,2.786474121204377e-06,1754
0.9,0.1,7.100000000000001,0.01888388830889825,0.0,-0.020833848374136654,-9.773927072319061,-9.94423512312562,-9.947248543311652,1.1172520360182837e-05,-0.05774641459118995,-2.1471319756986268e-05,1755
1.1,0.1,7.100000000000001,0.02292808664962023,0.0,-0.022165637535171253,-9.777762834201123,-9.944480376589574,-9.944639048749584,9.838887540290673e-06,-0.07171092552769487,-3.128530014509045e-06,1756
1.3,0.1,7.100000000000001,0.026865321996433163,0.0,-0.023790556043344843,-9.783630351913542,-9.945040732963863,-9.941573312911864,-5.469789255717925e-06,-0.08627264349555916,-1.9653353680462175e-06,1757
1.5,0.1,7.100000000000001,0.030666365682128598,0.0,-0.025723126592989372,-9.790214162754483,-9.945563609414547,-9.93760388432087,-6.506464931189804e-06,-0.1014551171808741,1.1592557373058359e-05,1758
1.6999999999999997,0.1,7.100000000000001,0.03429319572948577,0.0,-0.027977236587990343,-9.799629401462353,-9.946535179210468,-9.933046494592633,-1.670864820485553e-05,-0.1170293887995735,2.0014210348426054e-05,1759
1.9,0.1,7.100000000000001,0.0377026360893402,0.0,-0.030569964527691847,-9.810352637990395,-9.947564303888782,-9.927468881459601,-2.7172051590908764e-05,-0.13317869248519756,-8.87139757350619e-06,1760
2.0999999999999996,0.1,7.100000000000001,0.04084675070618254,0.0,-0.033521947253449626,-9.824349691390655,-9.949171707221291,-9.921508844721952,-1.383198638846199e-05,-0.14950701053129778,1.2934985674286792e-07,1761
2.3,0.1,7.100000000000001,0.0436770549026743,0.0,-0.03685861823514586,-9.839953813854557,-9.9510075830696,-9.915084101496252,1.8769395246234992e-06,-0.16596535297886397,2.8356316999744893e-06,1762
2.5000000000000004,0.1,7.100000000000001,0.046147896425999896,0.0,-0.040624579537548264,-9.858685163821884,-9.95355247430182,-9.909077207692999,4.897597762046924e-06,-0.18265466096884578,-1.3922765853486565e-05,1763
2.7,0.1,7.100000000000001,0.048224754450114676,0.0,-0.04489376180701637,-9.878134234841157,-9.95635226016206,-9.903627065975181,4.68754234712267e-06,-0.19989285621120959,-9.2139407180606e-06,1764
2.9000000000000004,0.1,7.100000000000001,0.049890388766441134,0.0,-0.049793324048480955,-9.89912379593499,-9.959726117144294,-9.899506789788918,4.060426303293956e-06,-0.21901259469066567,4.851335869381226e-07,1765
3.0999999999999996,0.1,7.100000000000001,0.051142967024428276,0.0,-0.055543085732151616,-9.919048824239768,-9.962838837033837,-9.895145360935192,-1.557861173310354e-06,-0.2427585486922075,1.6909169829761707e-06,1766
3.3,0.1,7.100000000000001,0.05197691418822808,0.0,-0.062494000188852844,-9.939432446911892,-9.96514494157122,-9.886292260950308,5.091163757040234e-06,-0.2754099205080112,5.233234686319784e-06,1767
3.5,0.1,7.100000000000001,0.05230942535180537,0.0,-0.07112850810629431,-9.963057849555973,-9.96506757354472,-9.86228001817066,5.055320251295691e-06,-0.3209473744095645,5.01661063892613e-06,1768
3.7,0.1,7.100000000000001,0.05187807544146684,0.0,-0.08194531340929209,-9.999180214200221,-9.961222971457898,-9.806934643095282,9.40036475408869e-06,-0.3782551894773244,-2.601885170327208e-06,1769
3.9,0.1,7.100000000000001,0.050159689001226866,0.0,-0.09516613949034608,-10.057560667268474,-9.952328669195547,-9.704082678715462,3.959572449510644e-06,-0.43501431279408753,4.435650611439864e-06,1770
4.1,0.1,7.100000000000001,0.04645401435103475,0.0,-0.11033711283179522,-10.14213415681312,-9.93853577298106,-9.550544708098261,6.051881661316431e-06,-0.4671982580795563,6.456207427925186e-06,1771
4.3,0.1,7.100000000000001,0.04016528140316135,0.0,-0.12610897713825336,-10.241892260387862,-9.921411573033089,-9.365165604783387,2.0035987706636268e-06,-0.44993069511016787,-8.738215389819104e-07,1772
4.500000000000001,0.1,7.100000000000001,0.03113148310098278,0.0,-0.14047931350875006,-10.336470592670912,-9.904082137550986,-9.18394009508962,-1.3854525931108544e-05,-0.3730354777480763,3.8256203017999557e-07,1773
4.7,0.1,7.100000000000001,0.019739994099093737,0.0,-0.15138266068100212,-10.406960067144464,-9.890013855146137,-9.04310920858949,-3.303757275011972e-06,-0.2449157645792659,1.021900204201623e-05,1774
4.9,0.1,7.100000000000001,0.006800120852016366,0.0,-0.15723677663613808,-10.44362364655989,-9.882170239745154,-8.967227552171773,-1.816639080507736e-06,-0.08495504523778788,1.647864446740352e-05,1775
5.1000000000000005,0.1,7.100000000000001,-0.00667463190979004,0.0,-0.15721774455685167,-10.443709317846716,-9.882210004416429,-8.96734070424102,-3.8081267005356707e-06,0.08547017506481921,6.431355756571725e-06,1776
5.3,0.1,7.100000000000001,-0.01961501351940357,0.0,-0.15132667143937079,-10.407032425659363,-9.890082083843957,-9.043377993566393,-6.601645028078002e-07,0.24538880869163948,-4.4768697563378605e-06,1777
5.5,0.1,7.100000000000001,-0.031007315399323245,0.0,-0.14039075535883477,-10.336671588636422,-9.904217581589412,-9.184416319316924,4.887532556366254e-06,0.37340846334662753,-1.0626789217767203e-05,1778
5.699999999999999,0.1,7.100000000000001,-0.040043035058172194,0.0,-0.1259946503642201,-10.242198187373557,-9.92161971660077,-9.36590039563337,9.778356997742118e-07,0.4501616972951374,-9.934184275247988e-06,1779
5.9,0.1,7.100000000000001,-0.04633396890125173,0.0,-0.11020264145961813,-10.142447038741178,-9.93876554276734,-9.551380675101608,-1.1634348386581606e-05,0.4673405147403029,-5.442353421745082e-06,1780
6.1000000000000005,0.1,7.100000000000001,-0.05004488788866877,0.0,-0.09501977512657311,-10.058231306182153,-9.952652019619538,-9.705028791921885,1.7281332677525372e-05,0.4349240454557577,4.625530998437813e-06,1781
6.3,0.1,7.100000000000001,-0.05176990872138614,0.0,-0.08179757917539157,-9.99970883591478,-9.961534398190958,-9.807963155046263,6.411567827268893e-05,0.3779893013843769,5.7084819171673195e-06,1782
6.5,0.1,7.100000000000001,-0.05220645366067178,0.0,-0.07098616553459146,-9.963599463701634,-9.965392917574619,-9.863365124177292,3.787333937844097e-05,0.32062394855335474,-1.4729022235846178e-05,1783
6.700000000000001,0.1,7.100000000000001,-0.05187928704242541,0.0,-0.06236370430843914,-9.939929959073583,-9.965416556275338,-9.887152822308957,-2.2318883163822763e-06,0.2749308092382965,-3.06098013168162e-05,1784
6.9,0.1,7.100000000000001,-0.05105409859312188,0.0,-0.055427877970390074,-9.919817192005455,-9.963133206084239,-9.895848838418518,1.7839208775550778e-06,0.24229045949476663,-2.56423323096872e-05,1785
7.1,0.1,7.100000000000001,-0.0498090616337185,0.0,-0.04969525971614693,-9.89952005591049,-9.95994828956179,-9.900221391901235,-1.5206435602563016e-05,0.21841207622430533,-3.786740233123548e-06,1786
7.299999999999999,0.1,7.100000000000001,-0.048147467544236655,0.0,-0.04481526268734452,-9.878568620561378,-9.956592124408264,-9.90439200147942,-1.6328885684999984e-05,0.199372243144763,1.2048539046734167e-05,1787
7.5,0.1,7.100000000000001,-0.04607587192821728,0.0,-0.04056173421445859,-9.859121345938513,-9.953732444916124,-9.909540878644943,3.9460495696537865e-05,0.18225472874420284,9.53280185729335e-06,1788
7.700000000000001,0.1,7.100000000000001,-0.04361165698850897,0.0,-0.0368024101905668,-9.840371967253336,-9.951147243294413,-9.915364249218223,2.7773488618097704e-05,0.16574297133392032,1.5153276978913921e-05,1789
7.9,0.1,7.100000000000001,-0.040786180303979264,0.0,-0.03347051802325175,-9.824553165086002,-9.949268619284096,-9.921789931337782,1.4141414756082867e-05,0.1491757152202951,2.538493210119714e-05,1790
8.100000000000001,0.1,7.100000000000001,-0.03764523900799917,0.0,-0.030528434976373107,-9.810622260306044,-9.94765908795204,-9.927673179457095,3.502916711869079e-05,0.13294646602718185,9.172372778786482e-06,1791
8.299999999999999,0.1,7.100000000000001,-0.03424066137377169,0.0,-0.027943365557180463,-9.799928206504251,-9.94660542813594,-9.933098934174655,-5.125692144794101e-06,0.11697350374146345,-3.470517685711984e-07,1792
8.5,0.1,7.100000000000001,-0.03062038337591983,0.0,-0.02569326904545107,-9.790625036206231,-9.945659485251165,-9.937672390052407,-3.839985386092976e-05,0.10133873750491325,1.9471723728297432e-05,1793
8.700000000000001,0.1,7.100000000000001,-0.026823144527203416,0.0,-0.023761637434462874,-9.783616845867503,-9.94504603141571,-9.941613311210329,-2.799381979727222e-05,0.08625144187368909,3.49322780544219e-05,1794
8.9,0.1,7.100000000000001,-0.022888602755752684,0.0,-0.022138379564811753,-9.778109780799362,-9.944578606516657,-9.944783251786921,-3.149948342742512e-05,0.0716142233563578,3.598350646542289e-05,1795
9.100000000000001,0.1,7.100000000000001,-0.01885007893712707,0.0,-0.020808628023119738,-9.77422417539133,-9.944298752101037,-9.947269585113284,-1.8970594376969585e-05,0.05778017034019305,2.754572715518878e-05,1796
9.3,0.1,7.100000000000001,-0.014733722157516595,0.0,-0.019755703872639137,-9.771036374999753,-9.944015665332497,-9.949041951651315,9.66022218958779e-06,0.04436133739019092,-4.83792546911186e-07,1797
9.499999999999998,0.1,7.100000000000001,-0.010560789402299604,0.0,-0.01897407816929631,-9.769159791029141,-9.94392781589062,-9.950479288423065,5.156970716549228e-06,0.03131703037573311,-1.3926517252882889e-05,1798
9.700000000000001,0.1,7.100000000000001,-0.006350773531684554,0.0,-0.018458573792588896,-9.767717243541327,-9.943798715957938,-9.95127633624772,-7.196326245643748e-07,0.01864628403603229,-1.6717711580279315e-05,1799
9.9,0.1,7.100000000000001,-0.002118873984702537,0.0,-0.018202857439294288,-9.76716780121385,-9.943751051225375,-9.951587454916199,-1.2333025677182024e-06,0.006193350550870781,-4.5832183098430085e-05,1800
0.1,0.1,7.3,0.0019603375966657705,0.0,-0.01827168613959746,-9.780706235317453,-9.944076924341417,-9.939678386391135,-2.3988620014302382e-06,-0.005810824177318192,2.7837700207845144e-05,1801
0.3,0.1,7.3,0.005871652361794247,0.0,-0.018515085176634916,-9.781533383849872,-9.944120511366085,-9.939069172981617,-6.214144641046028e-07,-0.01753709330742197,2.080914654118045e-05,1802
0.5,0.1,7.3,0.00975475059197762,0.0,-0.019005762895822113,-9.783225993237297,-9.944245714333736,-9.938002578441806,-9.921537938215823e-06,-0.02936976286960117,9.017652283681457e-06,1803
0.7,0.1,7.3,0.013593235358353698,0.0,-0.019747585477017576,-9.785510995025769,-9.944373541058322,-9.93635671027029,-1.308068154589912e-05,-0.04144399153849489,-6.5152613273467585e-06,1804
0.9,0.1,7.3,0.017365219905513898,0.0,-0.020743875385809046,-9.78918009878755,-9.944668387584725,-9.934161839146507,-2.4717541966013337e-06,-0.05371008072402623,-1.516740759269616e-05,1805
1.1,0.1,7.3,0.021046796495014185,0.0,-0.02200129978645964,-9.793622420476948,-9.944943066329794,-9.93109291118224,-1.3164121208245414e-05,-0.066395989368309,-7.958678378393182e-06,1806
1.3,0.1,7.3,0.02461023843245872,0.0,-0.02353320282285653,-9.799803374812614,-9.945454793359197,-9.92747059199997,-1.709769319220489e-05,-0.07952688932465385,-2.3604889053912293e-06,1807
1.5,0.1,7.3,0.028028642604192487,0.0,-0.025353084415416675,-9.806759182744335,-9.94596746875236,-9.923078161028203,-4.693777325984862e-06,-0.09299157849527569,-1.6031799485342684e-05,1808
1.6999999999999997,0.1,7.3,0.03126826950975017,0.0,-0.02747083182099322,-9.816052133559955,-9.94683248452749,-9.918110289074678,-3.1624402325613025e-05,-0.1066482634131287,-3.63129847039176e-05,1809
1.9,0.1,7.3,0.03429224671856358,0.0,-0.029902399268473323,-9.826489520553313,-9.94773702064027,-9.912195582664518,-4.5138178712726164e-05,-0.12065339048950754,-3.82385655027003e-05,1810
2.0999999999999996,0.1,7.3,0.037062140502260865,0.0,-0.03267214526868783,-9.839483744589403,-9.949080959256326,-9.905921051708896,-1.2648382620818123e-05,-0.13487960436010832,-2.119706155392091e-05,1811
2.3,0.1,7.3,0.03954392823256799,0.0,-0.035812568034186386,-9.853299458929527,-9.950511180129043,-9.89925644171226,4.84796488867405e-06,-0.14944602092410197,-1.7291545198701226e-05,1812
2.5000000000000004,0.1,7.3,0.04170650593752988,0.0,-0.03937487947272049,-9.869412732818786,-9.95243389635679,-9.89275674898214,6.6541824147988585e-06,-0.1645809494785262,-9.775418576032874e-06,1813
2.7,0.1,7.3,0.043527509672477184,0.0,-0.04344033029514672,-9.8855418793883,-9.95428331278017,-9.88587468452934,4.354103151587135e-06,-0.18096626960406076,-2.1856640168713924e-06,1814
2.9000000000000004,0.1,7.3,0.044989527860499874,0.0,-0.04813624684327991,-9.903226635299296,-9.956334896027567,-9.87844784483576,4.545152165098545e-06,-0.19991089693682698,1.5576258347460813e-06,1815
3.0999999999999996,0.1,7.3,0.046069426563098786,0.0,-0.05365295101881258,-9.92086652635492,-9.957758005901026,-9.867923503167008,-1.3900514381029137e-06,-0.22341300414687335,6.046573455434156e-06,1816
3.3,0.1,7.3,0.04671487186136853,0.0,-0.060248724532764336,-9.941375163761839,-9.95827557792657,-9.850002725887354,-3.4249532804305297e-06,-0.2535804957283804,8.411791977461928e-06,1817
3.5,0.1,7.3,0.04679098280989668,0.0,-0.06821405249942622,-9.967357337296553,-9.956812626794836,-9.816705796674226,1.7225533557958873e-06,-0.29098524989310004,5.016009458996319e-06,1818
3.7,0.1,7.3,0.046033643658187504,0.0,-0.07776573733389533,-10.005409484606696,-9.952842012000492,-9.758800575412293,5.424455294326758e-06,-0.3320422231557588,3.0094912024124837e-06,1819
3.9,0.1,7.3,0.04403647014633575,0.0,-0.08886663089066218,-10.0595587609412,-9.945700015854834,-9.668941318349818,-1.213620762437594e-06,-0.3668510911052799,4.777910759330886e-06,1820
4.1,0.1,7.3,0.04033104237715073,0.0,-0.10103547143979813,-10.130863987386553,-9.935913341333977,-9.548702719300094,5.7050707328210815e-06,-0.3804692099598233,5.203898225409074e-06,1821
4.3,0.1,7.3,0.03455316097161044,0.0,-0.11327559678469996,-10.21097473987386,-9.924421319351342,-9.411131856899452,1.0580250258542143e-05,-0.35864621106553346,2.3403889588563313e-06,1822
4.500000000000001,0.1,7.3,0.026625621596598814,0.0,-0.12422438824371741,-10.287314289102579,-9.913192319522818,-9.27864730852805,-4.6960223435921166e-07,-0.29503804320560717,-2.204800137224847e-06,1823
4.7,0.1,7.3,0.01683568247087807,0.0,-0.13247110344106233,-10.345929279396257,-9.904184979955158,-9.174995620376762,-3.476215771917508e-07,-0.1937662460478845,5.451384016453428e-06,1824
4.9,0.1,7.3,0.005796072658470363,0.0,-0.13689126111155142,-10.377496429937667,-9.899209449895041,-9.118550819554219,-2.676575185784666e-06,-0.06734725025094668,1.227239468838099e-05,1825
5.1000000000000005,0.1,7.3,-0.005682853875368026,0.0,-0.13687418980028382,-10.377595082673343,-9.899257467433975,-9.118692254512935,-6.713898968455117e-06,0.06782805551508896,6.917941343295809e-06,1826
5.3,0.1,7.3,-0.01672275884221859,0.0,-0.1324209093732351,-10.345994195048858,-9.904272565668347,-9.175368633309574,-1.3196015975295976e-06,0.1942100510853395,-4.487266120805373e-06,1827
5.5,0.1,7.3,-0.026512891609508267,0.0,-0.12414531617638794,-10.287501974731578,-9.913351162255433,-9.27925383656195,1.2625500324117965e-05,0.29534740372208335,-8.853729908001229e-06,1828
5.699999999999999,0.1,7.3,-0.034442952048446634,0.0,-0.1131739223238771,-10.211392641319794,-9.924657328574826,-9.411894001551852,3.014135874042928e-07,0.358792208515658,-5.940458832497491e-06,1829
5.9,0.1,7.3,-0.04022386250089316,0.0,-0.10091593120052944,-10.131190183860513,-9.936154208836994,-9.549580860340813,-2.8098570607459365e-05,0.3805009557794556,-5.184302164564597e-06,1830
6.1000000000000005,0.1,7.3,-0.0439324970156654,0.0,-0.08873675519862098,-10.060054911055571,-9.946011855757257,-9.670004367747367,1.2021142309020901e-05,0.3667137085574062,-2.703938787360492e-06,1831
6.3,0.1,7.3,-0.045933139362485755,0.0,-0.07763638885523334,-10.005822105971847,-9.953146696845112,-9.759911378270239,5.090975297565875e-05,0.3318087101192241,5.556017998231948e-06,1832
6.5,0.1,7.3,-0.0466950606350228,0.0,-0.06809118896788162,-9.968013542618806,-9.957190946445987,-9.817941189627746,1.0237898980910337e-05,0.2906887032093842,7.528437963880703e-06,1833
6.700000000000001,0.1,7.3,-0.04662439084951308,0.0,-0.06013465292280178,-9.941889968232294,-9.958599351374462,-9.851106788656724,-1.5414036513563974e-05,0.2531976925580361,-7.228804986240294e-06,1834
6.9,0.1,7.3,-0.045986126212531384,0.0,-0.05355135969006377,-9.921609372723271,-9.958127585105263,-9.869028552800113,1.0252040449739295e-05,0.22305538205216385,-2.5549709062494036e-06,1835
7.1,0.1,7.3,-0.044912920344691715,0.0,-0.04805290398714465,-9.903697827468463,-9.956630745942036,-9.879455902238917,2.6452920743838483e-05,0.19943763097692538,2.1365460331544343e-05,1836
7.299999999999999,0.1,7.3,-0.04345722207078668,0.0,-0.043374521735174414,-9.886205440375115,-9.954576492403056,-9.886677021643575,1.9878410614208462e-05,0.18050927844609713,1.5640458097066414e-05,1837
7.5,0.1,7.3,-0.0416431462844207,0.0,-0.039318855775164245,-9.86984321272863,-9.952616714422081,-9.893240359379064,4.816651716016181e-05,0.16424806648913895,1.4248375887247117e-06,1838
7.700000000000001,0.1,7.3,-0.03948649469090486,0.0,-0.0357637343999152,-9.853771716683669,-9.950754295870174,-9.899999762670465,2.6029285287946073e-05,0.14915398252951706,2.4501901178812934e-05,1839
7.9,0.1,7.3,-0.037005872927819594,0.0,-0.03263072838687704,-9.839439084954002,-9.949229552151714,-9.90670867580132,2.2690336133445118e-05,0.1347195308061326,2.281048980004028e-05,1840
8.100000000000001,0.1,7.3,-0.03423496450996981,0.0,-0.029866600436698844,-9.826788190384605,-9.947896929526687,-9.912696457245847,5.609744253932656e-05,0.12056527693823016,1.692020539022951e-05,1841
8.299999999999999,0.1,7.3,-0.031216171112839374,0.0,-0.027437818654511212,-9.816544537275059,-9.946978990890427,-9.918350417180523,2.0933461895916522e-05,0.10657546326075262,2.002346327447316e-05,1842
8.5,0.1,7.3,-0.027983770632995706,0.0,-0.025324105187337343,-9.807148373487419,-9.946100227774302,-9.923352765381253,-2.534474128245887e-05,0.09282342500772083,6.315699098116523e-06,1843
8.700000000000001,0.1,7.3,-0.024569348898831056,0.0,-0.02350717103705195,-9.799914943239997,-9.94554007429508,-9.92778542823875,-9.140628164927591e-06,0.079540376875634,-5.538743288575058e-06,1844
8.9,0.1,7.3,-0.02100802495837984,0.0,-0.02197581438408373,-9.793854916182656,-9.945021706735409,-9.931253617491548,1.161452771189355e-05,0.0663088625579134,-5.975653412455672e-06,1845
9.100000000000001,0.1,7.3,-0.017332021424897835,0.0,-0.020718245311688744,-9.789614901563162,-9.9447770873344,-9.934270535112425,1.934813283564806e-06,0.05373155303852173,1.3969703067361746e-05,1846
9.3,0.1,7.3,-0.013567638315592686,0.0,-0.019720651641898734,-9.785941106937454,-9.944501852207093,-9.9365681540928,2.1432690099378003e-05,0.04141670551805011,8.378589884667644e-06,1847
9.499999999999998,0.1,7.3,-0.009735574033419112,0.0,-0.018979289257591014,-9.783582443017465,-9.944366417528405,-9.938249644628232,1.4859612994491123e-05,0.0293335676561645,7.1955642711558615e-06,1848
9.700000000000001,0.1,7.3,-0.005858680782241959,0.0,-0.018488676832542694,-9.781936212655502,-9.944238830126118,-9.939257937978597,-8.813824125389628e-07,0.017513278918532788,1.2698088993107455e-05,1849
9.9,0.1,7.3,-0.0019554894064190515,0.0,-0.01824365487042138,-9.781234400121637,-9.94420218247502,-9.939776512250711,-1.1469619578062936e-06,0.0058377041929724765,-4.350884563557552e-05,1850
0.1,0.1,7.500000000000001,0.0018085819577611066,0.0,-0.01802741096394871,-9.7937214586453,-9.944442216909543,-9.92848962590947,-6.38953431544478e-07,-0.005363863332942552,2.2465917911758442e-05,1851
0.3,0.1,7.500000000000001,0.005416592951598722,0.0,-0.018255293781407746,-9.79452423598515,-9.944481963260099,-9.927885580321906,6.175711462245483e-06,-0.016209416462837616,5.591525610733398e-05,1852
0.5,0.1,7.500000000000001,0.008994843266427965,0.0,-0.018715706395581757,-9.796358270607442,-9.944607110934855,-9.926677284069477,-8.901292395137003e-06,-0.02714294121260548,4.627324182353413e-05,1853
0.7,0.1,7.500000000000001,0.012522857246280567,0.0,-0.01941161526926567,-9.798980510887262,-9.944749773682775,-9.92476835753057,-1.6604691067498852e-05,-0.03822177369434024,1.7702345586373252e-06,1854
0.9,0.1,7.500000000000001,0.01597772140299776,0.0,-0.020344730830507852,-9.802879517571313,-9.945031503454747,-9.922277999705209,-8.753343975146168e-06,-0.049437116072288186,-1.284031570444204e-05,1855
1.1,0.1,7.500000000000001,0.0193374914364922,0.0,-0.021521365568618545,-9.807514120784635,-9.945339563620324,-9.919183697319465,-2.062253970754579e-05,-0.06091429315396708,-5.785477075762838e-06,1856
1.3,0.1,7.500000000000001,0.022576798746462158,0.0,-0.022953458140346984,-9.813709935120912,-9.94583916807478,-9.915485905258857,-2.1642287579168243e-05,-0.07262790487758772,-1.5579309213469269e-06,1857
1.5,0.1,7.500000000000001,0.025668069820318256,0.0,-0.024651887764518328,-9.820836671030225,-9.946319407237024,-9.91076036515767,-1.9841662473365338e-05,-0.0845546977691165,-1.577227950793838e-05,1858
1.6999999999999997,0.1,7.500000000000001,0.028580262840567708,0.0,-0.026626914913632598,-9.82984634331172,-9.947065671119388,-9.905482012287894,-4.320445115295279e-05,-0.09671292171557411,-4.654742101710999e-05,1859
1.9,0.1,7.500000000000001,0.03128507161236441,0.0,-0.02889565473305462,-9.839600805026333,-9.947817995474686,-9.899489172353025,-3.586599809808752e-05,-0.10915361823409035,-4.566709691851967e-05,1860
2.0999999999999996,0.1,7.500000000000001,0.03375135861845289,0.0,-0.03148433211533055,-9.851622843092562,-9.948946500768274,-9.893109660754803,6.177406200084961e-06,-0.12183785889901805,-3.202059041558315e-05,1861
2.3,0.1,7.500000000000001,0.03595203100538843,0.0,-0.03442964064670109,-9.86393912746536,-9.949981662035082,-9.885969182712554,2.492598777545149e-05,-0.13502891376780776,-1.837509703977826e-05,1862
2.5000000000000004,0.1,7.500000000000001,0.03786234687966201,0.0,-0.03778478518828419,-9.878166183979237,-9.951331489783142,-9.878491264942365,1.8579590237869135e-05,-0.14904266708676828,2.3372784655483147e-07,1863
2.7,0.1,7.500000000000001,0.03945969885387726,0.0,-0.04162715495404066,-9.892490162828725,-9.952448838525218,-9.869754029803307,5.786002696618814e-06,-0.16461121761170971,1.5136034412079458e-06,1864
2.9000000000000004,0.1,7.500000000000001,0.04071744162257906,0.0,-0.04606762885596358,-9.90867193316012,-9.953540616088171,-9.8590311472836,1.142541437076215e-06,-0.18273529766980182,4.022819585681628e-06,1865
3.0999999999999996,0.1,7.500000000000001,0.041593067528857795,0.0,-0.05125259936772177,-9.92578189681343,-9.953892142080958,-9.843678813597023,-5.542090745031048e-06,-0.20441322462333483,7.054272943837338e-06,1866
3.3,0.1,7.500000000000001,0.0420068568313737,0.0,-0.05735091228611258,-9.94708798860134,-9.953463597546229,-9.820229999135544,-1.405996469686925e-05,-0.23025281476387574,5.298501315461758e-06,1867
3.5,0.1,7.500000000000001,0.04181137056790323,0.0,-0.06451411204129893,-9.974129321087132,-9.9514708953746,-9.783225155788838,-9.031502714425057e-06,-0.25925636642554245,-1.081086699979405e-06,1868
3.7,0.1,7.500000000000001,0.04077679237812019,0.0,-0.07279752430299702,-10.011410754967045,-9.947850751071867,-9.727843000398847,7.054743071422155e-06,-0.28744636506879717,6.185153574326931e-07,1869
3.9,0.1,7.500000000000001,0.03860147891838247,0.0,-0.08205337834484136,-10.059932788846124,-9.942219631981239,-9.651165371065805,8.467473745941512e-06,-0.30744573038665035,2.0376505818156273e-06,1870
4.1,0.1,7.500000000000001,0.03497650202095756,0.0,-0.09184264252560763,-10.119551452935204,-9.935159293262272,-9.556245013382258,1.595268256495182e-05,-0.3098177507327997,1.3166501302336805e-06,1871
4.3,0.1,7.500000000000001,0.029685941444917402,0.0,-0.1014194145588836,-10.183733978669194,-9.927233891971579,-9.452435481194854,2.6396664075361794e-05,-0.28610827665158634,4.1822592540650584e-06,1872
4.500000000000001,0.1,7.500000000000001,0.022715602805643168,0.0,-0.10982926071805857,-10.24415463653588,-9.919754586155241,-9.354618294246121,1.799881277621611e-05,-0.23262164361395812,5.920227334788626e-06,1873
4.7,0.1,7.500000000000001,0.014301107247896468,0.0,-0.11609810305918361,-10.290676654953671,-9.913837655811108,-9.278511624104658,5.374866732532613e-06,-0.15197519077963673,-1.4491974296515095e-06,1874
4.9,0.1,7.500000000000001,0.0049154232853892916,0.0,-0.11944148752560663,-10.315942034331398,-9.910586750399284,-9.236991717670689,-3.7355911954085373e-06,-0.052725200611585185,-2.5735546177147165e-06,1875
5.1000000000000005,0.1,7.500000000000001,-0.0048131215299527545,0.0,-0.11942633157685162,-10.316016349378152,-9.910621907020246,-9.23709318572899,-1.555466913166341e-05,0.053132390799540304,8.777712977465486e-06,1876
5.3,0.1,7.500000000000001,-0.01419944427066679,0.0,-0.11605363492090848,-10.29075312801059,-9.913905156647486,-9.278772655232567,2.1843759971666976e-06,0.15232650685678634,6.945822916331707e-06,1877
5.5,0.1,7.500000000000001,-0.022614448301419565,0.0,-0.10975936713060852,-10.244294264112309,-9.919870489799537,-9.35505818489123,3.347733411935235e-05,0.23284216033359448,8.711884596185575e-07,1878
5.699999999999999,0.1,7.500000000000001,-0.02958721292594398,0.0,-0.10132877765845712,-10.184113893706687,-9.927428570312015,-9.453028957855947,3.4180683593650357e-06,0.28628593087717236,-7.330936075622334e-06,1879
5.9,0.1,7.500000000000001,-0.034880735062455225,0.0,-0.09173651686420235,-10.119815434336754,-9.935343533028936,-9.55690223081399,-2.349871443319646e-05,0.30989719647975483,-1.3387270799645983e-05,1880
6.1000000000000005,0.1,7.500000000000001,-0.03850748455411537,0.0,-0.08193981049852068,-10.06023628486768,-9.942447778667258,-9.65200260847483,4.3622406332585854e-06,0.30732102019788177,-1.9419708755738908e-05,1881
6.3,0.1,7.500000000000001,-0.040684187538012284,0.0,-0.0726842460091007,-10.011644217476814,-9.948045552303077,-9.728583544044572,5.713774062242472e-06,0.28716743882124984,-1.2542570743050644e-05,1882
6.5,0.1,7.500000000000001,-0.04172473218137197,0.0,-0.06440680160138106,-9.974855969828543,-9.951763510355834,-9.783961581956499,-2.0838670226452624e-05,0.25883330705983576,9.00902076897089e-07,1883
6.700000000000001,0.1,7.500000000000001,-0.0419261682775917,0.0,-0.05725337551087754,-9.947388913420644,-9.953691304737944,-9.821067610275028,-3.802181157613018e-05,0.22978808799213032,1.7111921387356477e-05,1884
6.9,0.1,7.500000000000001,-0.0415151444626444,0.0,-0.051166716840476564,-9.926205395844244,-9.954145938451514,-9.844524296416516,-2.589273227596672e-05,0.20399730057717833,3.2066492287820644e-05,1885
7.1,0.1,7.500000000000001,-0.04064483573941188,0.0,-0.04599507680092068,-9.909093897797652,-9.95369355686701,-9.859373886540585,1.6787811030775992e-05,0.1822859562222432,1.7718308338343545e-05,1886
7.299999999999999,0.1,7.500000000000001,-0.03939663249618782,0.0,-0.041567397799091466,-9.893153625445825,-9.952606910630637,-9.869880927706577,2.8481167080353893e-05,0.16423685389788234,-2.073568864487094e-05,1887
7.5,0.1,7.500000000000001,-0.037806190373972676,0.0,-0.03773456251148748,-9.878350829713368,-9.95142110281467,-9.87875468436292,3.005005153821575e-05,0.1487899336798792,-2.8308516450439296e-05,1888
7.700000000000001,0.1,7.500000000000001,-0.035898407614828286,0.0,-0.03438946050108168,-9.86419732286368,-9.950111177734163,-9.886358565806068,2.6301125306117513e-06,0.1347454446149877,1.0609094710216726e-05,1889
7.9,0.1,7.500000000000001,-0.033698254985367354,0.0,-0.03145178366880221,-9.851500866252012,-9.948942447992755,-9.893211373714374,-1.8505624757173008e-05,0.12167656027583347,2.255721881822561e-05,1890
8.100000000000001,0.1,7.500000000000001,-0.031233464376680835,0.0,-0.028864452943282725,-9.83994402973913,-9.947904117542182,-9.899576557974804,1.0136392603691223e-05,0.10890477329168002,4.5174426731830525e-06,1891
8.299999999999999,0.1,7.500000000000001,-0.028532716479524132,0.0,-0.026594953384732115,-9.829972723496144,-9.9470918970042,-9.905486761523779,3.117598787633451e-05,0.09660131395752658,2.3015948024132062e-05,1892
8.5,0.1,7.500000000000001,-0.02562431208967466,0.0,-0.02462311278377901,-9.82109589393783,-9.946359415661403,-9.910701184372202,-1.1195528107804707e-06,0.08436993744572949,2.5129538275193115e-05,1893
8.700000000000001,0.1,7.500000000000001,-0.02253807302305385,0.0,-0.022928498581479117,-9.813928698504819,-9.94586340720138,-9.915388337501431,1.850676513608047e-05,0.07254675247199409,-1.3509608060795477e-05,1894
8.9,0.1,7.500000000000001,-0.019303460827325675,0.0,-0.021496924536637232,-9.807766621768353,-9.945401236970442,-9.919239563086604,5.6610002376870065e-05,0.060740763605875,-1.5991130856641735e-05,1895
9.100000000000001,0.1,7.500000000000001,-0.015948238186873246,0.0,-0.020319738949078382,-9.803131102859448,-9.9451058077409,-9.922397935844446,1.4730466975172477e-05,0.04935501741577753,-7.30636694329834e-07,1896
9.3,0.1,7.500000000000001,-0.01249810167014778,0.0,-0.019386243205358998,-9.799292294958038,-9.944842174791892,-9.924918578990406,1.071489314866392e-05,0.038180370487169865,1.0143319166948034e-05,1897
9.499999999999998,0.1,7.500000000000001,-0.008976222566576814,0.0,-0.018691533714567204,-9.796785893775441,-9.944730415505072,-9.926866183749215,1.4366798649946067e-05,0.027117829352170598,1.2466683855846126e-05,1898
9.700000000000001,0.1,7.500000000000001,-0.005405425923208383,0.0,-0.018230301917477425,-9.794967680873215,-9.944602142191705,-9.928043030084861,2.0936013523632446e-06,0.016226789800811756,2.149792324015925e-05,1899
9.9,0.1,7.500000000000001,-0.0018048773064671076,0.0,-0.01799920732002576,-9.794131370311813,-9.944548101920818,-9.928609139294906,-9.660054161175449e-08,0.005416181654341064,-1.3613027291679438e-05,1900
0.1,0.1,7.699999999999999,0.0016708337448587821,0.0,-0.01751810578351557,-9.80551043130363,-9.944752576429062,-9.918252450843314,2.771579717617218e-06,-0.004897958642400413,1.7458337748814523e-05,1901
0.3,0.1,7.699999999999999,0.005003245779306052,0.0,-0.017730349263079804,-9.806327629025512,-9.944796129788287,-9.917653019917857,6.096040321208536e-06,-0.014831211249010313,5.382391139815362e-05,1902
0.5,0.1,7.699999999999999,0.008305303648691306,0.0,-0.01815753252646291,-9.80818049356739,-9.944899905611889,-9.916319034502271,-2.01491174331879e-06,-0.0247537995491643,4.405842554462663e-05,1903
0.7,0.1,7.699999999999999,0.011554154130798721,0.0,-0.018801680516792034,-9.811005456228164,-9.945038754146248,-9.914188314507188,-1.068936641218188e-05,-0.034822913250637695,1.3436562326990568e-05,1904
0.9,0.1,7.699999999999999,0.014726239350014136,0.0,-0.01966675534324975,-9.814989122284334,-9.94530884434499,-9.911555099451023,-5.078640964201545e-06,-0.04496867520521025,2.3486768659512242e-05,1905
1.1,0.1,7.699999999999999,0.017803057545588478,0.0,-0.02075986524496231,-9.81947365154637,-9.945540501815644,-9.908228857542158,-5.905531877924639e-07,-0.05533939103867638,3.480158746596047e-05,1906
1.3,0.1,7.699999999999999,0.020760519623779415,0.0,-0.022088520005743746,-9.825563477403813,-9.945958256379255,-9.904227804508844,7.510939282737671e-07,-0.06578228017888772,1.2191595027878297e-05,1907
1.5,0.1,7.699999999999999,0.023569818681107423,0.0,-0.023659934004238832,-9.832627852480657,-9.946381666809271,-9.899280481576152,-8.684024882465761e-06,-0.07641075365650621,-5.007355689046084e-06,1908
1.6999999999999997,0.1,7.699999999999999,0.026203741901760187,0.0,-0.025488622923635705,-9.841228407028568,-9.946989264501248,-9.893717915474891,-3.990486134603813e-05,-0.0872794407390444,-3.350236532818014e-05,1909
1.9,0.1,7.699999999999999,0.028639941101759995,0.0,-0.02759408363524544,-9.850293301195265,-9.94753755052983,-9.88739445147097,-3.15630718118993e-05,-0.09837849654718239,-5.35567656196021e-05,1910
2.0999999999999996,0.1,7.699999999999999,0.03085207180474297,0.0,-0.03000187778350715,-9.861281138539509,-9.94839126570469,-9.88067519000055,1.913414309212131e-05,-0.10985904407600204,-5.2350160864281245e-05,1911
2.3,0.1,7.699999999999999,0.03281567216414384,0.0,-0.032747584897808865,-9.872559723020995,-9.94909603889811,-9.872920471466678,3.962819162593253e-05,-0.12190187166284545,-3.7585295465311567e-05,1912
2.5000000000000004,0.1,7.699999999999999,0.034505537240825015,0.0,-0.035881354115489095,-9.8856629978736,-9.94996648460411,-9.864169425163828,2.6680822894900728e-05,-0.13497349329219815,-1.8059367073173064e-05,1913
2.7,0.1,7.699999999999999,0.035894564201461865,0.0,-0.03947101308387865,-9.899079302400391,-9.950519455683493,-9.853517976033833,1.1445535630616834e-05,-0.14949164165033363,-8.027901645798183e-06,1914
2.9000000000000004,0.1,7.699999999999999,0.036947383838936455,0.0,-0.043604284532863705,-9.914662345553344,-9.950968874040829,-9.840182024647916,-5.300394306429958e-06,-0.16607945245745698,2.4931598765871152e-06,1915
3.0999999999999996,0.1,7.699999999999999,0.037609583044932,0.0,-0.0483830005196801,-9.9318317996793,-9.95072225904243,-9.821779495549933,-9.393582793752745e-06,-0.18503912492994726,1.1199581174474154e-06,1916
3.3,0.1,7.699999999999999,0.03779170497856327,0.0,-0.053903799023995086,-9.953596269806559,-9.94988601244223,-9.79583379242109,-9.679576879738828e-06,-0.20609079139638647,-4.805910768418355e-07,1917
3.5,0.1,7.699999999999999,0.03735621994234055,0.0,-0.06022706524998356,-9.980419071708464,-9.947845255350062,-9.758807205038925,-1.5143601630327074e-05,-0.22766467277868402,6.42499864206756e-07,1918
3.7,0.1,7.699999999999999,0.0361174232517289,0.0,-0.06732209639114152,-10.015446935066361,-9.944782634140086,-9.708466235650409,-1.251143437953637e-09,-0.24624416462507265,2.2132380845767976e-06,1919
3.9,0.1,7.699999999999999,0.03385794554462785,0.0,-0.07500489173600408,-10.058041618239756,-9.940417553389931,-9.644046148726519,1.5549991420942443e-05,-0.2565072101764595,7.103158836053495e-07,1920
4.1,0.1,7.699999999999999,0.03037798743400803,0.0,-0.08289923046874777,-10.107712149929753,-9.935319210741028,-9.568883903792251,2.108340277627781e-05,-0.25237787487028746,-2.561539477995169e-06,1921
4.3,0.1,7.699999999999999,0.025556949287917786,0.0,-0.09044254882932323,-10.15914858240238,-9.929782314599148,-9.48976299061,1.8694639287003923e-05,-0.22875197434635677,2.6820511814412753e-06,1922
4.500000000000001,0.1,7.699999999999999,0.019420885929490452,0.0,-0.09695477577245974,-10.20672855198098,-9.924724858316585,-9.416895739618457,9.681519302043368e-06,-0.18365364410327448,3.4514781873830894e-06,1923
4.7,0.1,7.699999999999999,0.012170479985313662,0.0,-0.10175620878599609,-10.242993473122018,-9.92076523177224,-9.360832685736089,2.4939503854986225e-06,-0.1191115255298763,-8.702433474809155e-06,1924
4.9,0.1,7.699999999999999,0.004175217060292453,0.0,-0.1043011222916136,-10.262717695504168,-9.918627271716634,-9.330418663095843,-4.162797029496247e-06,-0.04117555294129024,-9.954337103804555e-06,1925
5.1000000000000005,0.1,7.699999999999999,-0.00408300272889736,0.0,-0.10428757066255465,-10.262790669829185,-9.918662484222843,-9.330521751301356,-1.3890504632863326e-05,0.04154158505661378,-5.175892506267946e-07,1926
5.3,0.1,7.699999999999999,-0.012078735338261454,0.0,-0.10171660487162708,-10.243057529713052,-9.920834512709524,-9.361115033851165,9.475921761430484e-06,0.11945653326102006,-1.4295461167933008e-06,1927
5.5,0.1,7.699999999999999,-0.01932968723638648,0.0,-0.09689256696856036,-10.206889207332157,-9.924844867396123,-9.417335129665197,3.6993078653641566e-05,0.18390908643380866,-2.6218147926583266e-06,1928
5.699999999999999,0.1,7.699999999999999,-0.025467663399915463,0.0,-0.09036195475453354,-10.159464240930902,-9.929970988490455,-9.49039070151846,3.571459579411087e-06,0.2289217291138993,3.3402084354315523e-06,1929
5.9,0.1,7.699999999999999,-0.03029095407671564,0.0,-0.08280622055349024,-10.108017898389663,-9.935549151340537,-9.569727858329866,-1.4478202561681236e-05,0.2523620791550952,5.940813550117791e-06,1930
6.1000000000000005,0.1,7.699999999999999,-0.03377329183658694,0.0,-0.07490728560665827,-10.058451110093653,-9.940700073815272,-9.645049258999133,5.705654525196424e-06,0.2563133060349297,8.030344087548733e-06,1931
6.3,0.1,7.699999999999999,-0.03603537325047572,0.0,-0.06722352303876727,-10.015801061105892,-9.945044896124335,-9.709423419532913,3.377528748390288e-06,0.24603555830918294,1.0180327386376829e-05,1932
6.5,0.1,7.699999999999999,-0.0372802574296156,0.0,-0.06013244184994164,-9.981147667918137,-9.948182471054212,-9.759764687369888,-4.0539282130021515e-06,0.22727328886518652,1.7681744686864107e-05,1933
6.700000000000001,0.1,7.699999999999999,-0.03772150643306226,0.0,-0.053821036596366584,-9.953935875312554,-9.95012225623088,-9.796675405858371,-2.0690597970983368e-05,0.205562445037686,4.427189080867666e-05,1934
6.9,0.1,7.699999999999999,-0.03754314232652728,0.0,-0.048311253355307865,-9.932327258830584,-9.950990931762226,-9.822627399977481,-2.4513317087928065e-05,0.18458173285232024,3.290227337303306e-05,1935
7.1,0.1,7.699999999999999,-0.036884719521616254,0.0,-0.04353956371775582,-9.914947737349335,-9.951162578648589,-9.840865155890935,1.7977140778451224e-05,0.1656662514907312,1.2057974745827158e-06,1936
7.299999999999999,0.1,7.699999999999999,-0.035836584682401314,0.0,-0.03941528174906093,-9.899578673403346,-9.950743090768928,-9.854136780444902,5.072758007493614e-05,0.14916911087391924,-2.884319516017989e-05,1937
7.5,0.1,7.699999999999999,-0.0344504736199462,0.0,-0.035837912360526664,-9.88571106427465,-9.950078274755883,-9.864680309502026,3.642722523435833e-05,0.13473152505517938,-2.8049870720802844e-05,1938
7.700000000000001,0.1,7.699999999999999,-0.03276210243784296,0.0,-0.03271416336039244,-9.872941744451127,-9.949265782035711,-9.87338716573101,5.125626141794345e-06,0.12180878690217695,2.907769390664329e-05,1939
7.9,0.1,7.699999999999999,-0.03080327868489797,0.0,-0.02997239284868739,-9.861655022063267,-9.948520896885071,-9.88094946235932,-1.788199003739395e-05,0.10976100361350287,5.7025531315773926e-05,1940
8.100000000000001,0.1,7.699999999999999,-0.028597699813158628,0.0,-0.027565524841348686,-9.850765219968942,-9.947711278529576,-9.887791172676348,-1.581218331230313e-05,0.0982026002939868,2.0022672463471303e-05,1941
8.299999999999999,0.1,7.699999999999999,-0.026163399044182797,0.0,-0.025460070640683043,-9.841042956120592,-9.947017440112187,-9.894044244443856,2.0068143276506e-05,0.08713099534643803,1.2502735235422515e-05,1942
8.5,0.1,7.699999999999999,-0.02352955266762033,0.0,-0.02363214000200941,-9.832992600437715,-9.946513734289724,-9.899576071007827,2.6126920218703274e-05,0.07624822477065969,3.6516259964777645e-05,1943
8.700000000000001,0.1,7.699999999999999,-0.020725668510849424,0.0,-0.022062135634194454,-9.825939066827107,-9.94604997224236,-9.904310794388222,3.303929209944122e-05,0.0656868720583004,1.4685236266399851e-05,1944
8.9,0.1,7.699999999999999,-0.017775072562700323,0.0,-0.02073572637125624,-9.819850906563229,-9.945642681838887,-9.90836250262823,3.842295649237993e-05,0.05516056038340913,-7.307716219018794e-06,1945
9.100000000000001,0.1,7.699999999999999,-0.014701649207898631,0.0,-0.019644289418399664,-9.814994950485028,-9.945353391980879,-9.911772009422819,1.0036133220941435e-05,0.04488850665546524,-2.849891057485942e-06,1946
9.3,0.1,7.699999999999999,-0.011530950688561317,0.0,-0.0187787860786543,-9.811270035746613,-9.945142800596862,-9.91444396723262,2.873699120564513e-07,0.03477315486486353,1.229746823444388e-05,1947
9.499999999999998,0.1,7.699999999999999,-0.008287856222430062,0.0,-0.01813384083100582,-9.80862295046829,-9.945002043983871,-9.916387269454372,8.906192420171752e-06,0.024749014436678908,-3.3275785840807755e-06,1948
9.700000000000001,0.1,7.699999999999999,-0.00499370003857817,0.0,-0.01770556102430925,-9.8067473487324,-9.944894409993118,-9.917724701236507,1.2554818152484013e-05,0.01481526926414991,-6.979314423241188e-06,1949
9.9,0.1,7.699999999999999,-0.001667966286017839,0.0,-0.017491236811294917,-9.80586201037942,-9.944867103012506,-9.918473504680145,3.851419361964442e-06,0.0049504024927297385,-6.0366294606926625e-06,1950
0.1,0.1,7.9,0.0015476048590142184,0.0,-0.01676718990433273,-9.816004897287375,-9.944979096741477,-9.90889058642685,1.454522761312267e-06,-0.0044581515274705885,1.5865344751627753e-05,1951
0.3,0.1,7.9,0.004632665089896435,0.0,-0.016963723988993398,-9.816913965644801,-9.94504079986986,-9.908290033711214,4.492602041688624e-07,-0.013429338904104901,2.6329058284960637e-05,1952
0.5,0.1,7.9,0.007686444681100592,0.0,-0.017355935992793142,-9.81877758427768,-9.945140319392875,-9.906924012689025,-3.7439206949215034e-06,-0.022356714722508293,-9.783651590916233e-07,1953
0.7,0.1,7.9,0.01068680908171271,0.0,-0.017945857914715778,-9.821621982098321,-9.945289277495593,-9.90482440538363,-1.104178954051004e-05,-0.03142779121483945,-7.393633160212948e-06,1954
0.9,0.1,7.9,0.013611329786753062,0.0,-0.018741074199680782,-9.825456320390153,-9.945512202247603,-9.902104690850607,3.409690249512312e-06,-0.040569316919601466,1.3039531540882009e-05,1955
1.1,0.1,7.9,0.016440410477422552,0.0,-0.019746965991622196,-9.830018928063751,-9.94572425260707,-9.898602334974123,1.2506379311498298e-05,-0.049812757379234934,2.8435712681850002e-05,1956
1.3,0.1,7.9,0.01914988903652907,0.0,-0.02096693966626392,-9.835961975055033,-9.946058263953343,-9.89432934471784,1.2939410748700758e-06,-0.059156122241454154,7.085072368640466e-06,1957
1.5,0.1,7.9,0.021714737631046043,0.0,-0.022409726526532347,-9.842747009196094,-9.946418256278193,-9.889344272197343,-9.345988927477625e-06,-0.06867033859554564,-2.298592970564148e-05,1958
1.6999999999999997,0.1,7.9,0.02411099466121503,0.0,-0.024091774273659976,-9.850901555603107,-9.94693443608779,-9.883770624838409,-3.159918467517516e-05,-0.07843032548717067,-5.146122198768169e-05,1959
1.9,0.1,7.9,0.026318558225685428,0.0,-0.026032313801514717,-9.8594347674756,-9.947344563886,-9.877288051960054,-2.3447793120373695e-05,-0.08843304754048802,-5.077008656626884e-05,1960
2.0999999999999996,0.1,7.9,0.028312516690937636,0.0,-0.028254840687611537,-9.86969983942714,-9.947957068581086,-9.870085503484392,2.2204102782369834e-05,-0.09882738239720312,-3.002051355118444e-05,1961
2.3,0.1,7.9,0.030067435986125098,0.0,-0.0307916506666802,-9.880370068667466,-9.948393614628102,-9.861598004475523,3.3145949424469255e-05,-0.10985691985884741,-2.535455193615809e-05,1962
2.5000000000000004,0.1,7.9,0.031556603922273586,0.0,-0.03368694625058123,-9.892848421222073,-9.948942519366417,-9.85186417561579,1.9166450951075153e-05,-0.12186481265839257,-2.0874488286771524e-05,1963
2.7,0.1,7.9,0.03275061175354191,0.0,-0.03699556405801484,-9.905711403894344,-9.949102737264365,-9.839802282433507,7.619191109139517e-06,-0.13498918145431135,-4.980392960769365e-06,1964
2.9000000000000004,0.1,7.9,0.03360737967567079,0.0,-0.040781288385070835,-9.921156598513912,-9.949170879994501,-9.824697801461285,-1.4034881806865183e-05,-0.1495903278348035,3.787411359764696e-06,1965
3.0999999999999996,0.1,7.9,0.03406645095784102,0.0,-0.04510749357422866,-9.93833663399341,-9.948577586426758,-9.804551298146164,-1.595650529874277e-05,-0.1654958531175326,6.586570135643559e-07,1966
3.3,0.1,7.9,0.03404132063577086,0.0,-0.050019937749101774,-9.95990755560412,-9.947572433947089,-9.777954614137558,-1.7862944247438587e-05,-0.18204120278573369,-1.59980764848136e-06,1967
3.5,0.1,7.9,0.03341435630252987,0.0,-0.05552348385423758,-9.985556642771863,-9.945652190431135,-9.742704309387042,-2.0508786238281753e-05,-0.19755890184568725,-3.5185736406586915e-06,1968
3.7,0.1,7.9,0.032042122645583426,0.0,-0.0615452952990561,-10.01756922141947,-9.94311447655721,-9.698003161372684,-1.8623830769727027e-05,-0.20917843157378066,-4.052158274168479e-06,1969
3.9,0.1,7.9,0.029771078240387928,0.0,-0.06790100108772405,-10.05450233060987,-9.939711487339437,-9.644055106093207,-6.756198521561923e-07,-0.21316024706426875,-3.759315643010746e-06,1970
4.1,0.1,7.9,0.026476244857115305,0.0,-0.07427915993330718,-10.09573984453902,-9.935947423052234,-9.583997270728323,2.593741694544697e-05,-0.2055581095362474,-2.116583326558927e-06,1971
4.3,0.1,7.9,0.022098384089417965,0.0,-0.08025399988200847,-10.137032803019078,-9.931988062760823,-9.522907510791258,1.8086463716145526e-05,-0.18330509199896972,1.0137100507783248e-06,1972
4.500000000000001,0.1,7.9,0.016686077994700704,0.0,-0.08533471200259309,-10.174489066588476,-9.928478733444926,-9.467904600642274,5.936280700507264e-06,-0.14544089987546727,-2.987553780161899e-06,1973
4.7,0.1,7.9,0.010411338550455874,0.0,-0.08904180857959818,-10.202655965464995,-9.9257458047177,-9.426073058126653,2.4089659396331516e-06,-0.09360540815310761,-5.76098300165049e-06,1974
4.9,0.1,7.9,0.0035654278165158254,0.0,-0.09099442839389431,-10.217904497163715,-9.924287540461041,-9.403533205147262,-1.8438295554478456e-06,-0.03223057536470097,-4.051741156230598e-06,1975
5.1000000000000005,0.1,7.9,-0.0034817404152929,0.0,-0.09098260347671187,-10.218004106568587,-9.92433134077615,-9.403652597318267,-2.7744058595697625e-06,0.03256883849943123,-9.250043487465324e-06,1976
5.3,0.1,7.9,-0.010328000695025702,0.0,-0.0890070542184053,-10.202685205081725,-9.925801129268299,-9.426320441265483,1.4075897624882907e-05,0.09389202766849843,-1.845883316191181e-05,1977
5.5,0.1,7.9,-0.016602915748243807,0.0,-0.08527976749063788,-10.174629174712402,-9.928586222979703,-9.468301940192049,2.150035580243049e-05,0.1456485030490035,-9.631779034020793e-06,1978
5.699999999999999,0.1,7.9,-0.02201642334278732,0.0,-0.08018300044864819,-10.137250312191147,-9.93213408810717,-9.5234201283476,-1.1276518660394081e-05,0.18346996112097824,7.085525664946257e-06,1979
5.9,0.1,7.9,-0.026396455852827006,0.0,-0.07419777704643624,-10.095999635842087,-9.936102652336615,-9.584513625847446,-1.2997173419726356e-05,0.20560412093512564,1.5764482773801886e-05,1980
6.1000000000000005,0.1,7.9,-0.02969509776679973,0.0,-0.06781665249275323,-10.054914928016421,-9.939911567764424,-9.644642910811829,2.8184482425307566e-06,0.21299312822292937,1.5663372633760957e-05,1981
6.3,0.1,7.9,-0.03196949159982815,0.0,-0.06146114128624592,-10.017863917605478,-9.943317071338925,-9.698721439095348,-9.213339708354166e-06,0.20902358071284283,7.939666157133402e-06,1982
6.5,0.1,7.9,-0.033345456433517294,0.0,-0.05544196192506803,-9.986014708236562,-9.945887704457604,-9.743423814057785,-8.539985282278372e-06,0.19734062968565774,2.258482551670251e-05,1983
6.700000000000001,0.1,7.9,-0.033977289860596165,0.0,-0.0499481835953613,-9.960274483658946,-9.94774243090652,-9.778437670879228,-2.160947618416258e-05,0.18169734627762035,3.079535282515226e-05,1984
6.9,0.1,7.9,-0.03400975277898899,0.0,-0.045045705636902085,-9.938932843738874,-9.948787587576437,-9.805005094145912,-1.5763627103735722e-05,0.16528577282616888,7.751151406256389e-06,1985
7.1,0.1,7.9,-0.03355441144863162,0.0,-0.04072673225021989,-9.921168864793389,-9.949268480480104,-9.825173537609931,2.918167168596133e-05,0.14928134747069696,9.394434840256462e-06,1986
7.299999999999999,0.1,7.9,-0.03269768248528949,0.0,-0.03694927997502301,-9.905987232305101,-9.949278402862078,-9.840404782004772,6.850524831712025e-05,0.13469895212080624,8.151637358440416e-06,1987
7.5,0.1,7.9,-0.0315042752385644,0.0,-0.03365006312550981,-9.892792497084681,-9.948962325291278,-9.85201912937482,3.702905767982365e-05,0.12148385955498898,6.032723211325979e-06,1988
7.700000000000001,0.1,7.9,-0.030017582386836317,0.0,-0.030760934963453876,-9.880716338329375,-9.948445790147446,-9.861512612407534,-3.3862895535919755e-05,0.10964072792582326,2.4542126783868113e-05,1989
7.9,0.1,7.9,-0.028268148597296983,0.0,-0.028224867216506747,-9.869913515221254,-9.947960697289076,-9.869889971226847,-9.446238789284196e-06,0.09872914978212692,2.1425355803885302e-05,1990
8.100000000000001,0.1,7.9,-0.02628039351186569,0.0,-0.026005015860327857,-9.85980836721191,-9.94742339052093,-9.877308585395571,2.2865273208473835e-05,0.08831431346873743,2.053011729993812e-06,1991
8.299999999999999,0.1,7.9,-0.02407529832521958,0.0,-0.02406819770939046,-9.8507721867469,-9.946939238913634,-9.883924007821049,1.576494068859155e-05,0.07835717063454738,2.16683055532948e-06,1992
8.5,0.1,7.9,-0.02167908913629924,0.0,-0.02238527829375434,-9.842982721878407,-9.946499871733453,-9.889516636791926,3.9732138348559244e-05,0.06866036093431443,1.745762702735507e-05,1993
8.700000000000001,0.1,7.9,-0.019117894378480084,0.0,-0.02094054446377451,-9.836215994524569,-9.946121542842933,-9.89439171968914,4.251218290440448e-05,0.05912707540285307,-1.0034109229581715e-05,1994
8.9,0.1,7.9,-0.01641345165939186,0.0,-0.01972261321917035,-9.830315250483565,-9.945796339853693,-9.898666448787605,2.3829953630449786e-05,0.04978602174756765,-4.6341073847053305e-05,1995
9.100000000000001,0.1,7.9,-0.013587929611441922,0.0,-0.018720982100362625,-9.825537616753575,-9.94554323692982,-9.902178567895051,1.3202526348927105e-05,0.04051579242620807,-3.438392517391326e-05,1996
9.3,0.1,7.9,-0.010665745156619895,0.0,-0.01792611451529247,-9.821856911114192,-9.945371565685948,-9.905000917304172,4.359188909837485e-06,0.03145126115189796,-8.074858505335902e-06,1997
9.499999999999998,0.1,7.9,-0.0076705385773088676,0.0,-0.017332066880034802,-9.819159624773729,-9.945238046335811,-9.907030606904693,1.2660608299164316e-05,0.022438060465874612,-2.291171178284036e-05,1998
9.700000000000001,0.1,7.9,-0.00462367873779476,0.0,-0.01693831953912811,-9.817294776357246,-9.94513162664349,-9.908363356859603,1.5913102032910426e-05,0.013388668532261878,-2.0588116303283187e-05,1999
9.9,0.1,7.9,-0.0015448435603675308,0.0,-0.016742701295297962,-9.816348374372518,-9.94509308701899,-9.909117060725363,5.299601272239191e-06,0.00445651298741786,6.287587363895449e-06,2000
0.1,0.1,8.100000000000001,0.0014379283350697699,0.0,-0.015799923087811796,-9.825379141673933,-9.945215663918951,-9.900699177927896,-8.998090625337303e-07,-0.004029942804362355,1.630961952949788e-05,2001
0.3,0.1,8.100000000000001,0.004303056641601492,0.0,-0.015978834988901302,-9.82630715895569,-9.945245707132726,-9.899921376715143,-1.6812372541635675e-06,-0.012039463949061776,1.3585644614479062e-05,2002
0.5,0.1,8.100000000000001,0.00713612248814524,0.0,-0.016335000384782278,-9.828173360594647,-9.945326529075736,-9.898459284786206,-4.04270327503823e-06,-0.020025505941558715,5.464084033520102e-06,2003
0.7,0.1,8.100000000000001,0.009917485077270409,0.0,-0.01687111448990131,-9.830801974762801,-9.945424872279213,-9.896322386637431,-5.616109265030802e-06,-0.028101470842456122,-9.627187190487863e-07,2004
0.9,0.1,8.100000000000001,0.012625378969815427,0.0,-0.017594686004884206,-9.834559225263577,-9.945608430258448,-9.893482926031213,6.782826044766023e-06,-0.03631180928358666,-2.3899483530943017e-05,2005
1.1,0.1,8.100000000000001,0.015237343534580998,0.0,-0.018509612288244624,-9.839148683026663,-9.94578961885688,-9.889799411259968,9.390591308211085e-06,-0.044531508058209913,-1.3172691379439373e-05,2006
1.3,0.1,8.100000000000001,0.01773031876186716,0.0,-0.019619026358479633,-9.84497504986268,-9.946095337470942,-9.885501637497992,-3.177947657860056e-06,-0.05284600720212254,-1.5825848496059318e-05,2007
1.5,0.1,8.100000000000001,0.02008417318695569,0.0,-0.020932881791447987,-9.851283344062374,-9.946322198904177,-9.880327650461144,-1.1306101076414577e-05,-0.061294021706636635,-4.115622091258127e-05,2008
1.6999999999999997,0.1,8.100000000000001,0.02227618753753583,0.0,-0.02246693681092103,-9.859063012303592,-9.946703095865294,-9.87445246702521,-2.0478621949709334e-05,-0.06999206482815068,-6.432107525754924e-05,2009
1.9,0.1,8.100000000000001,0.024285158333255112,0.0,-0.024238912725778713,-9.867153029831464,-9.946935822187601,-9.867526081112635,-1.1627273921829847e-05,-0.07899259004758068,-5.621522913910877e-05,2010
2.0999999999999996,0.1,8.100000000000001,0.02608652650194411,0.0,-0.026269352617906253,-9.877016988023566,-9.947355005927061,-9.859758041617768,1.0851377652648259e-05,-0.08844276458201478,-1.805550049157452e-05,2011
2.3,0.1,8.100000000000001,0.027654935341104976,0.0,-0.028586169188211396,-9.887163709755663,-9.947540052319026,-9.850536551842218,9.527599596149939e-06,-0.09838386481514928,-5.854001174132459e-06,2012
2.5000000000000004,0.1,8.100000000000001,0.02896270700770265,0.0,-0.0312270026584422,-9.89920333217209,-9.947818067578314,-9.839887005725057,8.196656954457066e-06,-0.10915958968716405,-1.0633441886428085e-05,2013
2.7,0.1,8.100000000000001,0.02997724086219996,0.0,-0.0342328725145471,-9.911783343041614,-9.94770980549381,-9.826765684433283,-3.5903752474335895e-06,-0.1207452606994834,-1.0298721880512268e-05,2014
2.9000000000000004,0.1,8.100000000000001,0.030653660095773107,0.0,-0.037644583480116636,-9.927084202358822,-9.947535525303095,-9.81059342415945,-3.32281222743778e-05,-0.1332184948708754,-4.179009003530253e-06,2015
3.0999999999999996,0.1,8.100000000000001,0.03093186284845309,0.0,-0.041497066363998206,-9.944087229001447,-9.94680560312781,-9.789940786643584,-2.6918305682553914e-05,-0.14617979084750687,-6.783987761336707e-07,2016
3.3,0.1,8.100000000000001,0.030734158843307387,0.0,-0.04580336774896122,-9.964996786079277,-9.945801609959082,-9.764011263722317,-2.2016738695803176e-05,-0.15883935583484052,2.57389898231608e-06,2017
3.5,0.1,8.100000000000001,0.029965172394617975,0.0,-0.05053690602911196,-9.988956859862354,-9.944080287601604,-9.731444578148734,-2.5552154681626705e-05,-0.16966117320586674,-1.4667421619478178e-06,2018
3.7,0.1,8.100000000000001,0.028517682669763234,0.0,-0.055608532769399664,-10.017785207624122,-9.942031302506535,-9.692371304914646,-3.268553436236141e-05,-0.17643707193457386,-4.4415931690604376e-06,2019
3.9,0.1,8.100000000000001,0.0262857649574269,0.0,-0.06084924435042055,-10.049636548729193,-9.939399374197405,-9.647360322263522,-1.6616962041505122e-05,-0.17652560129199418,-2.8333514119921584e-06,2020
4.1,0.1,8.100000000000001,0.02319522819894682,0.0,-0.0660067667920776,-10.08393530655711,-9.936615297518589,-9.599141181042105,3.321989188796579e-05,-0.16738758763504386,2.434045751138922e-06,2021
4.3,0.1,8.100000000000001,0.019225088963839516,0.0,-0.07075868400125694,-10.11730901393573,-9.933761924000725,-9.551500606073734,3.3517945887130324e-05,-0.1471774313475091,2.6020729406696703e-06,2022
4.500000000000001,0.1,8.100000000000001,0.014434913833627138,0.0,-0.0747468552353282,-10.146940466788216,-9.93128017637499,-9.509460415092812,1.2725194585122455e-05,-0.11551125463780659,-2.7796412704792466e-06,2023
4.7,0.1,8.100000000000001,0.008971924719289967,0.0,-0.07762939278613798,-10.16899802617903,-9.929389607594336,-9.47795001179555,5.254452904245026e-06,-0.07381786330181855,-1.588440541137233e-06,2024
4.9,0.1,8.100000000000001,0.00306755050047427,0.0,-0.07913898837546247,-10.180838158137291,-9.9283894628001,-9.461109155869318,-2.0423886373626808e-06,-0.025344032805354792,1.8948094933257065e-06,2025
5.1000000000000005,0.1,8.100000000000001,-0.00299147969350056,0.0,-0.0791286766390979,-10.180911194611191,-9.928420322386602,-9.46119041732777,7.839502313668605e-07,0.02561040299974242,1.4663309878754707e-06,2026
5.3,0.1,8.100000000000001,-0.008896070436441085,0.0,-0.07759907540179531,-10.169028808780736,-9.929441172143935,-9.478177051944954,2.4956967903340765e-05,0.0740838290092963,-7.630980855881318e-06,2027
5.5,0.1,8.100000000000001,-0.014359063371156788,0.0,-0.07469907248007492,-10.14706603150797,-9.9313880087428,-9.509874012212142,3.5790458628374544e-05,0.11569564692596727,-7.746681158662335e-06,2028
5.699999999999999,0.1,8.100000000000001,-0.01914974486703706,0.0,-0.07069691513943357,-10.117479789944342,-9.933906176517358,-9.552051092645584,-1.82860252662459e-05,0.14728593864586834,9.871577225401281e-07,2029
5.9,0.1,8.100000000000001,-0.023121047097785792,0.0,-0.06593490550042845,-10.084150121265344,-9.936779623330565,-9.599747995393223,-1.92020362392459e-05,0.1674216998621704,8.06999621167893e-06,2030
6.1000000000000005,0.1,8.100000000000001,-0.02621560817557465,0.0,-0.06077455682788392,-10.050151584569866,-9.939631967713645,-9.648008254004347,-6.375779874480059e-06,0.17638965489931013,2.1601267975314107e-06,2031
6.3,0.1,8.100000000000001,-0.028451274220544442,0.0,-0.05553624708350519,-10.018029254537675,-9.942206807649557,-9.693004783716258,-3.2924823288010247e-05,0.17627717476945046,-4.061399323547902e-06,2032
6.5,0.1,8.100000000000001,-0.02990105580105458,0.0,-0.05046758095945842,-9.989316244044671,-9.944303582771372,-9.732201669817963,-2.283439472156087e-05,0.16948572171013573,1.503385293571234e-05,2033
6.700000000000001,0.1,8.100000000000001,-0.03067197478777267,0.0,-0.04574034378701794,-9.965164546247728,-9.945952008146044,-9.764595494488033,-3.265933989245848e-05,0.15862307252223412,1.0708870393710556e-05,2034
6.9,0.1,8.100000000000001,-0.030874589250874253,0.0,-0.04144243089134216,-9.944677261105078,-9.947044714274426,-9.79054631026996,-7.170339231074181e-07,0.14615532390075023,6.243553966311958e-06,2035
7.1,0.1,8.100000000000001,-0.03060072135664789,0.0,-0.03759962074906126,-9.927221453739275,-9.947673644022554,-9.811146766376044,2.298239898057491e-05,0.13308800413107547,2.1141337687303992e-05,2036
7.299999999999999,0.1,8.100000000000001,-0.029926721036327254,0.0,-0.03419566601325925,-9.912200408682821,-9.947894402670284,-9.82727160466813,3.387779250103033e-05,0.12069680666509075,1.1577944022498747e-05,2037
7.5,0.1,8.100000000000001,-0.028915574624879564,0.0,-0.031194757444157027,-9.899359893646466,-9.947918581349711,-9.840233013104895,3.764512880480554e-05,0.10897207462211816,1.4036486828526922e-06,2038
7.700000000000001,0.1,8.100000000000001,-0.02761176607019628,0.0,-0.028557165026666737,-9.887612111460214,-9.947721158272552,-9.850993679901705,-2.2861069080903473e-05,0.09830232473115648,9.707553574047627e-06,2039
7.9,0.1,8.100000000000001,-0.026045170189094427,0.0,-0.026240678588961175,-9.876940751996367,-9.947415972952822,-9.860139112770504,-8.162962665271133e-06,0.08839960657493856,-2.194709284926485e-06,2040
8.100000000000001,0.1,8.100000000000001,-0.024244815571681694,0.0,-0.02421411127657146,-9.867541779091882,-9.947104396533193,-9.867980203576947,2.412181126766509e-05,0.07895270761325876,-1.9460801297664984e-05,2041
8.299999999999999,0.1,8.100000000000001,-0.022239252025900408,0.0,-0.022446294942911952,-9.85920682006658,-9.946762881336005,-9.874607586612802,-8.617553898624803e-06,0.07007025462121186,-1.2937276675266617e-05,2042
8.5,0.1,8.100000000000001,-0.02005060343813193,0.0,-0.02091069773802569,-9.85158370477945,-9.946416293834277,-9.880497764395004,1.0415181894331234e-05,0.061383132563319176,-7.630676870651782e-06,2043
8.700000000000001,0.1,8.100000000000001,-0.01769979580340112,0.0,-0.01959476655088333,-9.845087048108638,-9.94616429932782,-9.885734448529718,3.809215794993477e-05,0.05280345615643233,-1.5880481530848477e-05,2044
8.9,0.1,8.100000000000001,-0.01520913812284954,0.0,-0.01848642846911778,-9.839383460554554,-9.945876220166575,-9.889997640281187,4.4449753384272225e-05,0.044485344802287566,-2.6243849522782526e-05,2045
9.100000000000001,0.1,8.100000000000001,-0.012600924220020755,0.0,-0.017575661196662675,-9.834809386771264,-9.945681463131052,-9.893597928883386,2.878219156821629e-05,0.03621853934087581,-2.697530623279642e-05,2046
9.3,0.1,8.100000000000001,-0.00989788228394872,0.0,-0.01685274897773006,-9.831116868228545,-9.945502977387466,-9.896398018697507,5.011445613207474e-06,0.028180737441180305,-2.2520238203456686e-05,2047
9.499999999999998,0.1,8.100000000000001,-0.007121794007880973,0.0,-0.016311645317446874,-9.828459104081729,-9.945405140669116,-9.898566599262999,1.7346506538089122e-05,0.020088530247659758,-1.553950450816111e-05,2048
9.700000000000001,0.1,8.100000000000001,-0.0042940892047479895,0.0,-0.015953717146578963,-9.826631707583017,-9.9453388903627,-9.900062744229542,1.2223974000516122e-05,0.011991739825698145,7.327385283407475e-06,2049
9.9,0.1,8.100000000000001,-0.0014348559769035876,0.0,-0.015776994933085247,-9.825728562224374,-9.945305972267386,-9.900801299115656,2.548557665049892e-06,0.003978008929447411,2.8494445306295177e-05,2050
0.1,0.1,8.3,0.0013413314637218086,0.0,-0.014639061845533994,-9.833541647681027,-9.945329211049945,-9.893104407570545,6.257823585446989e-07,-0.003540667051004643,3.4560957535675344e-05,2051
0.3,0.1,8.3,0.004013201705248928,0.0,-0.014799082277325619,-9.834490797381182,-9.945374163067981,-9.89238001796018,-1.5402895551183826e-06,-0.010623550939507403,2.930733123024623e-05,2052
0.5,0.1,8.3,0.006653185411043248,0.0,-0.015119038635915226,-9.836348207624967,-9.945469026550498,-9.890996925137848,-5.058745977005127e-06,-0.01768213984840045,3.4260031144814864e-05,2053
0.7,0.1,8.3,0.009242605405760808,0.0,-0.015601650606858305,-9.83888298581727,-9.945546449862547,-9.888849263499727,-6.715334065005328e-06,-0.024878347953475672,1.9466367970986455e-05,2054
0.9,0.1,8.3,0.011760603336970744,0.0,-0.016251888287608374,-9.842506724649198,-9.945683704926402,-9.885911799993096,-3.4720121098812884e-06,-0.03209431204231915,-1.7417857199463862e-05,2055
1.1,0.1,8.3,0.014184080427240208,0.0,-0.01707317497383154,-9.847038779530966,-9.94583403464127,-9.88213139368578,-3.2590878976543854e-06,-0.0393214487859861,-1.2414537366294742e-05,2056
1.3,0.1,8.3,0.016490669831298328,0.0,-0.018071454627502002,-9.852631464900922,-9.946062766655103,-9.877682368391572,4.468710440448807e-06,-0.046693078247980156,-1.73850486953152e-06,2057
1.5,0.1,8.3,0.018662309200820116,0.0,-0.019255222713233513,-9.858662770129909,-9.946207725848376,-9.872375859122554,3.708319113914209e-06,-0.05416017071871175,-3.0200469071313427e-05,2058
1.6999999999999997,0.1,8.3,0.02067733046217339,0.0,-0.02063824778064141,-9.866107470376821,-9.946492984342596,-9.86635745133341,-1.0990893697853358e-05,-0.061962454996038314,-6.345598400482721e-05,2059
1.9,0.1,8.3,0.02251235303136995,0.0,-0.022236558898122892,-9.874106218481701,-9.946667902430981,-9.85923329368958,-2.5667239217567394e-06,-0.06996028463812135,-5.237716420551954e-05,2060
2.0999999999999996,0.1,8.3,0.02414279282183007,0.0,-0.02406836893686766,-9.88363016213991,-9.946946943881386,-9.851104557283737,-2.8277431957402235e-06,-0.0783918767424913,-1.0377633465883897e-05,2061
2.3,0.1,8.3,0.02554547250151384,0.0,-0.02615667559697255,-9.893407790453864,-9.946978642557427,-9.84148542233024,-1.2824632064931884e-05,-0.08721704081330975,-3.5839258984873144e-06,2062
2.5000000000000004,0.1,8.3,0.02669072336907752,0.0,-0.028529987248321207,-9.905236003540024,-9.947103807626696,-9.830283034609934,-5.377091557635048e-06,-0.09673366175270287,-9.02554169508198e-06,2063
2.7,0.1,8.3,0.02754295288160992,0.0,-0.03121743454903554,-9.917696100597764,-9.946839851440513,-9.816503156621803,-1.5442005498948985e-05,-0.10670556378916456,-1.5789051999853056e-05,2064
2.9000000000000004,0.1,8.3,0.028058707460738016,0.0,-0.034242369810811676,-9.93268096529946,-9.946523955360297,-9.79993881149893,-5.5968931204447906e-05,-0.11710704827794145,-1.1142484682019889e-05,2065
3.0999999999999996,0.1,8.3,0.02818278999595253,0.0,-0.037619936431124296,-9.94926565029073,-9.945755630518406,-9.779512502317942,-4.1435534103511905e-05,-0.12744964201315756,-2.2041107716765167e-06,2066
3.3,0.1,8.3,0.02784849526419508,0.0,-0.041342813532915246,-9.969145877654014,-9.944801837284546,-9.754863308785499,-1.68426938626253e-05,-0.13689014760480825,4.659533926868335e-07,2067
3.5,0.1,8.3,0.02698081583128278,0.0,-0.04536865754837985,-9.99124223829868,-9.943292542442057,-9.725220473908783,-2.0903960593107705e-05,-0.14419674197706533,-7.037375752387539e-07,2068
3.7,0.1,8.3,0.02550111095515351,0.0,-0.04960717336238871,-10.016998294329868,-9.941630149132427,-9.69115245134854,-1.888127891284033e-05,-0.14769866889002617,-2.713873092629005e-06,2069
3.9,0.1,8.3,0.02333958761836005,0.0,-0.05391147460137806,-10.044308557720969,-9.939542664110673,-9.65340476284909,-1.816875722639896e-05,-0.14553199348952253,-2.356834899469034e-06,2070
4.1,0.1,8.3,0.020456193102420223,0.0,-0.058079632120085344,-10.072984427082188,-9.937457332438882,-9.614302235129157,1.1215142821531045e-05,-0.1360491646144419,1.186654000938199e-06,2071
4.3,0.1,8.3,0.01685236553755743,0.0,-0.06186667094266762,-10.100156113919466,-9.935344175320301,-9.576564762698785,2.252053233472297e-05,-0.11820476905571912,5.005026619560122e-07,2072
4.500000000000001,0.1,8.3,0.01259147372423485,0.0,-0.06500956879079396,-10.123823164774839,-9.93353969840477,-9.54387532726562,1.2481624436315387e-05,-0.09193765820984676,-4.540437153102783e-06,2073
4.7,0.1,8.3,0.007799761560215239,0.0,-0.06726291331255328,-10.14123359701501,-9.932188611428247,-9.519709460123075,5.584496470931452e-06,-0.05839988950977124,-8.481079440171545e-06,2074
4.9,0.1,8.3,0.002663111003921722,0.0,-0.06843704234525023,-10.150509460839906,-9.931478115711021,-9.506881117731888,-2.321106303256888e-06,-0.019963810449376528,-4.249401184329082e-06,2075
5.1000000000000005,0.1,8.3,-0.0025936159355940567,0.0,-0.06842791830814471,-10.150548477482525,-9.931500215540314,-9.506952600235996,1.9255761278948502e-06,0.020231331792782845,5.475925714394392e-06,2076
5.3,0.1,8.3,-0.0077300760334965656,0.0,-0.06723648607900617,-10.141239886068448,-9.932227179932493,-9.519896013610783,2.853860819564921e-05,0.05862315144065278,9.775510825993334e-06,2077
5.5,0.1,8.3,-0.01252195817154375,0.0,-0.06496848827009781,-10.123964121126527,-9.933637088254459,-9.544221320162011,3.883673897679389e-05,0.09207988817488093,5.50528667218634e-06,2078
5.699999999999999,0.1,8.3,-0.01678344538055622,0.0,-0.06181406930624358,-10.100287244161528,-9.935466532657083,-9.577045419120836,-9.925120699462475e-06,0.11829616105301884,3.838008153930933e-06,2079
5.9,0.1,8.3,-0.020387590762043346,0.0,-0.05801782176026938,-10.073129747280737,-9.937595592671052,-9.614848216091042,-2.6882989730010836e-05,0.13611236706976776,3.4653728848075627e-06,2080
6.1000000000000005,0.1,8.3,-0.023273268566242806,0.0,-0.05384534188353822,-10.044654964668043,-9.939705563275153,-9.653872851724138,-1.685622862066251e-05,0.14547492711285293,8.523536472679766e-06,2081
6.3,0.1,8.3,-0.025437361892459993,0.0,-0.04954304299752482,-10.017111110413722,-9.941709485235823,-9.691436315782068,-2.855055780469406e-05,0.1476088972896424,1.2061603428751029e-05,2082
6.5,0.1,8.3,-0.026920341151681862,0.0,-0.04530957776211437,-9.991659604746863,-9.94347310878212,-9.725705939180717,-1.4998285022442081e-05,0.14403698969354056,3.935432743079472e-06,2083
6.700000000000001,0.1,8.3,-0.027788841441752404,0.0,-0.04128991143689058,-9.969089362615167,-9.944891113091174,-9.755366202857129,-5.107123214125483e-06,0.136662971449306,1.009583926560248e-05,2084
6.9,0.1,8.3,-0.028123367673630065,0.0,-0.03757329326178705,-9.949591853366,-9.945914457478006,-9.779980434021105,2.9182129385478175e-05,0.12728544679269127,3.1001709101527954e-05,2085
7.1,0.1,8.3,-0.028002264889289762,0.0,-0.03420279519586215,-9.932779429933413,-9.94655253334302,-9.799983236778694,3.0091221988813325e-05,0.116937991737594,2.8824436332628795e-05,2086
7.299999999999999,0.1,8.3,-0.027491305349882235,0.0,-0.03118304224321665,-9.918091774156041,-9.946904534594836,-9.816430898821498,1.6615323495140502e-05,0.10668125097116678,1.9239608277320603e-05,2087
7.5,0.1,8.3,-0.026643708424245585,0.0,-0.028499345488056178,-9.905252855935547,-9.94707615392914,-9.83012791370736,1.3210666928567296e-05,0.09667592254704623,2.2511318119659923e-05,2088
7.700000000000001,0.1,8.3,-0.025501852938489618,0.0,-0.026129624531604317,-9.893687836012527,-9.947031043770178,-9.841467382841524,-6.816195372801997e-06,0.0872937834504439,3.741316580121511e-05,2089
7.9,0.1,8.3,-0.024100090938280277,0.0,-0.024043943509781677,-9.883424240871971,-9.946909245722615,-9.851121987738122,1.0207502727299908e-05,0.07838986973404878,3.565329553683231e-05,2090
8.100000000000001,0.1,8.3,-0.022468967413150485,0.0,-0.022215317917979496,-9.874265355206303,-9.946700243627921,-9.859235862930817,5.6878231068068715e-06,0.06991671455963948,6.618316415112069e-06,2091
8.299999999999999,0.1,8.3,-0.020638240405365084,0.0,-0.020618433907753857,-9.866438710017965,-9.946561303531853,-9.866367807644789,-2.7645625827942773e-05,0.06196014019186977,-1.9513333029526873e-05,2092
8.5,0.1,8.3,-0.0186291999992616,0.0,-0.019234358229952394,-9.8589885021038,-9.94630134574407,-9.872518226613709,-1.3334155152941559e-05,0.05418120720064394,-2.665697253077297e-05,2093
8.700000000000001,0.1,8.3,-0.016460315116964247,0.0,-0.018050313962203017,-9.852649638344255,-9.946094084425397,-9.877820783786278,2.06533884961777e-05,0.046669025854373776,-1.7219638274435698e-05,2094
8.9,0.1,8.3,-0.014154998705253235,0.0,-0.017053154079346978,-9.847248975409117,-9.94592073848031,-9.88235471698974,3.4318585682300766e-05,0.03933385152628513,5.46720506163038e-06,2095
9.100000000000001,0.1,8.3,-0.011735869603964246,0.0,-0.016233437128563993,-9.842838051881863,-9.945762758942532,-9.885975742834681,2.559226051463064e-05,0.03205362652038205,1.4321406830071712e-05,2096
9.3,0.1,8.3,-0.009224163774150158,0.0,-0.015582320038472323,-9.839219552945613,-9.945608155418306,-9.888821224140708,4.226123463236264e-06,0.024925982465268032,-5.485552503578372e-06,2097
9.499999999999998,0.1,8.3,-0.006640192102778211,0.0,-0.015096085722302708,-9.83658475059632,-9.945530899623046,-9.89106974752214,8.741620275985561e-06,0.017730986204267926,-4.8311688861161575e-06,2098
9.700000000000001,0.1,8.3,-0.004004354315226291,0.0,-0.014775714069245353,-9.834736173992978,-9.945461949708518,-9.89257357455322,6.408898886272004e-06,0.010578079622356447,1.095048184974486e-05,2099
9.9,0.1,8.3,-0.001337859106893469,0.0,-0.014617493405124,-9.833967712949688,-9.945458148004796,-9.893323027071565,6.856812960580906e-08,0.003528258415080361,8.373408470120954e-06,2100
0.1,0.1,8.5,0.0012574823152978853,0.0,-0.013306957929993046,-9.840677236054697,-9.945476753708126,-9.886706532492894,-9.831626427014131e-07,-0.003071030800746121,2.2250065596981008e-05,2101
0.3,0.1,8.5,0.00376187732322955,0.0,-0.013447987660128266,-9.841580702882858,-9.945495058984495,-9.885894592046407,-5.296324650740026e-06,-0.009275533056139387,1.256690952269704e-05,2102
0.5,0.1,8.5,0.0062351367576037355,0.0,-0.013731381136765163,-9.843339599927837,-9.945541542863412,-9.884368114391624,-4.544570734551247e-06,-0.015445720365203119,2.619625170099431e-05,2103
0.7,0.1,8.5,0.008658005964299042,0.0,-0.01415992948233202,-9.845901090714241,-9.945613092063539,-9.882164369607484,-2.9813754514858915e-06,-0.021732535933024898,2.0487371258844745e-05,2104
0.9,0.1,8.5,0.011010871330726245,0.0,-0.014736298217079497,-9.849345424451391,-9.945704178708196,-9.879175469091967,-6.078388112097066e-06,-0.027994447975683377,6.619609006672784e-06,2105
1.1,0.1,8.5,0.01327198258524271,0.0,-0.015462897890656127,-9.85374854259655,-9.945814890478788,-9.875325909799889,-3.7269319392724865e-06,-0.03432920052280798,8.42393058408574e-06,2106
1.3,0.1,8.5,0.015418852722577585,0.0,-0.016348062241612088,-9.859112704909775,-9.94596626305206,-9.870718610355924,1.0563853807188924e-05,-0.04081363566632359,8.455867235091023e-07,2107
1.5,0.1,8.5,0.017433112059399774,0.0,-0.017399907313714755,-9.865049063102008,-9.946063981002787,-9.86527084191425,1.3827289283727252e-05,-0.0473743581415213,-1.4557159870376033e-05,2108
1.6999999999999997,0.1,8.5,0.0192932788470013,0.0,-0.018629711765961465,-9.872245757701858,-9.94624963345405,-9.859002409570573,1.407036459554402e-05,-0.054269632188578255,-2.6489837742769025e-05,2109
1.9,0.1,8.5,0.020976589221137244,0.0,-0.02004987253517149,-9.880028594394236,-9.946309545536746,-9.851519133295481,2.8121509301091884e-05,-0.061256399497997396,2.1025766400522505e-06,2110
2.0999999999999996,0.1,8.5,0.0224591137829488,0.0,-0.021676914600808624,-9.8891571045863,-9.946425879564275,-9.842972293240916,2.8036264439511254e-05,-0.06867412546589843,2.980396672148721e-05,2111
2.3,0.1,8.5,0.02371512272807097,0.0,-0.023529410621955796,-9.898956679535985,-9.946373170750483,-9.83290917421876,9.715302413717575e-06,-0.0763523619786145,2.0195816352250582e-05,2112
2.5000000000000004,0.1,8.5,0.02471423316100839,0.0,-0.025625833931608,-9.910467559761527,-9.946313931006417,-9.821102095276157,9.453635041814316e-06,-0.08458451080255906,1.2996758853917691e-05,2113
2.7,0.1,8.5,0.025423099476093648,0.0,-0.027986063225131086,-9.922723900047515,-9.945940729047662,-9.80697974519667,-6.603289151211815e-08,-0.09300302732740498,-2.4512018475612054e-06,2114
2.9000000000000004,0.1,8.5,0.025800580469094794,0.0,-0.030622500824253433,-9.937310866965314,-9.9455554127981,-9.790466197027685,-4.161894522007877e-05,-0.10150540307493248,-5.643249263730872e-06,2115
3.0999999999999996,0.1,8.5,0.02579846277327379,0.0,-0.0335367255226334,-9.953206837594541,-9.944789398286014,-9.770740153841523,-3.603527117290232e-05,-0.10955148545281214,-3.284922306948132e-06,2116
3.3,0.1,8.5,0.02536136729904683,0.0,-0.03670899862393179,-9.971922988892128,-9.943920306031131,-9.747678541269455,-2.6738344535518798e-05,-0.11640016548270139,-5.740811954467543e-06,2117
3.5,0.1,8.5,0.02442995008309323,0.0,-0.04009179206766756,-9.992250230197769,-9.942637557675754,-9.720937558183666,-3.2992484457448264e-05,-0.12114617173290498,-3.996001585347911e-06,2118
3.7,0.1,8.5,0.022948805500364804,0.0,-0.04360211866289701,-10.015102476658727,-9.941279590010641,-9.691295473400253,-1.256096605353907e-05,-0.12248838158670262,-4.701035310293269e-06,2119
3.9,0.1,8.5,0.020873519697421093,0.0,-0.04711661917592676,-10.038777731502723,-9.93965796074435,-9.659512072224866,-8.879378783716148e-06,-0.11918782203546356,-5.3568371767748025e-06,2120
4.1,0.1,8.5,0.0181869585982694,0.0,-0.05047493206206484,-10.06281982608341,-9.938049644775091,-9.627428397797836,-1.1804150242929188e-05,-0.11016051562722108,-1.4124069642659028e-06,2121
4.3,0.1,8.5,0.01490484133608759,0.0,-0.053490490733782294,-10.085254202251111,-9.936490207606678,-9.597196835788036,-3.877883338530877e-06,-0.09475026496720651,2.1998729262491875e-06,2122
4.500000000000001,0.1,8.5,0.01108918108858684,0.0,-0.05596961030250139,-10.10439017655076,-9.935165465036137,-9.571437148635901,9.926146799256686e-06,-0.07312075110687824,-2.526761827839927e-06,2123
4.7,0.1,8.5,0.006849221187121725,0.0,-0.05773492972125605,-10.118305126410648,-9.934179660877493,-9.552593177979805,8.96792789917442e-06,-0.0462021980848994,-9.061127596835262e-06,2124
4.9,0.1,8.5,0.002335900892193888,0.0,-0.05865059352957772,-10.125670611791673,-9.933665885292754,-9.542658814678484,-5.941498982754922e-07,-0.015757127176432968,-6.492221141739002e-06,2125
5.1000000000000005,0.1,8.5,-0.0022722320640286946,0.0,-0.05864275050522742,-10.125714586784024,-9.933691105355113,-9.542740939997321,6.693987211326464e-07,0.0159529329443281,1.724946574933213e-06,2126
5.3,0.1,8.5,-0.006785403875645282,0.0,-0.057712180842169634,-10.11831318643374,-9.934221375638904,-9.552793691767052,7.794272114654543e-06,0.04637297558380096,1.1565676988590431e-05,2127
5.5,0.1,8.5,-0.011025520974072375,0.0,-0.05593429598941084,-10.10451251263357,-9.935253840093887,-9.57175668784204,7.228449149748954e-06,0.07323876832804302,8.670323133791163e-06,2128
5.699999999999999,0.1,8.5,-0.014841792294502415,0.0,-0.05344563525404726,-10.08538062175919,-9.93659334237284,-9.597586090107802,-5.666764440261846e-06,0.09479236817201399,-5.462463798221687e-06,2129
5.9,0.1,8.5,-0.01812409103616312,0.0,-0.050422343600811194,-10.062937494885542,-9.938169395056187,-9.627909480401724,-1.980630735069228e-05,0.11017881955741421,-1.0469827978108651e-05,2130
6.1000000000000005,0.1,8.5,-0.020810660119957768,0.0,-0.04705926840134998,-10.03893113025202,-9.939805786128241,-9.660097800395032,-3.818219563952621e-05,0.11915752900668004,-7.003418121126396e-06,2131
6.3,0.1,8.5,-0.022886313802832292,0.0,-0.043545401084787536,-10.015247864748734,-9.941423005114698,-9.691867160830432,-3.508538204107598e-05,0.12237909280900716,-8.96925268904921e-06,2132
6.5,0.1,8.5,-0.02437044177482216,0.0,-0.04004131345740578,-9.992705885267325,-9.942853575554965,-9.721561992512921,-8.712625793312114e-06,0.12094874277241048,-1.764087179628677e-05,2133
6.700000000000001,0.1,8.5,-0.0253040766015692,0.0,-0.03666652297548867,-9.97204595212957,-9.944061980348167,-9.748263949617014,6.0390175978922835e-06,0.11623742879786968,-1.0305404593148968e-06,2134
6.9,0.1,8.5,-0.0257426331854217,0.0,-0.03349835579045109,-9.953547265503706,-9.94496915901329,-9.771298529565325,9.297001584721787e-06,0.10942250675235285,2.204088899918483e-05,2135
7.1,0.1,8.5,-0.025746643004874063,0.0,-0.030586343710824478,-9.937398173852706,-9.945648275764269,-9.790843204971134,4.830037522761305e-06,0.10132490897842285,1.557801324052608e-05,2136
7.299999999999999,0.1,8.5,-0.025371667155050893,0.0,-0.027952754911929167,-9.92306963447161,-9.94608791609212,-9.80736994598826,-1.4320333754159128e-05,0.09292753992610389,1.839529646579575e-05,2137
7.5,0.1,8.5,-0.02466509524238778,0.0,-0.02559582672714095,-9.910486482763185,-9.946367119451873,-9.821349114499109,-5.672349859400792e-05,0.08451739904209032,3.537524141737705e-05,2138
7.700000000000001,0.1,8.5,-0.02366721414018204,0.0,-0.02350267470962491,-9.899174915536296,-9.946456790039846,-9.833109034662323,-4.5648650237122014e-05,0.07636666065066378,3.5254666417959524e-05,2139
7.9,0.1,8.5,-0.02241362693120133,0.0,-0.021654488887860684,-9.889302306614514,-9.946489318491272,-9.84314428584491,3.1868963626478198e-06,0.06858758817769359,3.926661722889843e-05,2140
8.100000000000001,0.1,8.5,-0.020934292322371418,0.0,-0.020030018579845904,-9.880327087948386,-9.946417229594473,-9.851759060026708,-1.458887043835946e-06,0.06121344165147369,1.937362313145036e-05,2141
8.299999999999999,0.1,8.5,-0.019255013394498973,0.0,-0.018610611930223623,-9.872485350172754,-9.946338667302811,-9.85920798634039,-3.94254701564628e-06,0.05419298993028703,-1.1614069357619377e-05,2142
8.5,0.1,8.5,-0.01739886944873777,0.0,-0.01738138893318921,-9.865325863484443,-9.946172597801242,-9.865537125524641,2.3948278946003183e-05,0.047469081628527615,-2.190750774357468e-05,2143
8.700000000000001,0.1,8.5,-0.015386812528207979,0.0,-0.01633026390653456,-9.859206841093195,-9.94603581137333,-9.870972215772927,2.5633480324842068e-05,0.040806855502564174,-1.8257846939713946e-05,2144
8.9,0.1,8.5,-0.013242452332042442,0.0,-0.015445776342056733,-9.854053329581639,-9.945914855852303,-9.875520949682777,1.4509050811263594e-05,0.03434315794978146,2.030275476549601e-05,2145
9.100000000000001,0.1,8.5,-0.010986991882034506,0.0,-0.014717546344536677,-9.84969122050598,-9.945784305516872,-9.879230307077833,8.869068532705153e-06,0.028020513974029344,4.434949555148633e-05,2146
9.3,0.1,8.5,-0.0086401233728276,0.0,-0.014139542704884591,-9.846204322249042,-9.94568931376629,-9.88224224657141,-2.245861135731718e-06,0.021760269409147687,1.1582569476237615e-05,2147
9.499999999999998,0.1,8.5,-0.006221849333000889,0.0,-0.013709825159551287,-9.843571537774222,-9.94562999769752,-9.884578450712842,2.23523010451569e-06,0.015484463772374089,-2.653627861756431e-05,2148
9.700000000000001,0.1,8.5,-0.003752468100904058,0.0,-0.01342731365608199,-9.841854030090238,-9.945593754907984,-9.886114744448879,2.956610182941393e-06,0.009244601278183709,-1.5377220902148047e-05,2149
9.9,0.1,8.5,-0.0012537729973442014,0.0,-0.013286419449692503,-9.841086936652411,-9.945571311069553,-9.886769618697942,-5.127066876624743e-07,0.0031284481125465734,-2.7802703676689613e-05,2150
0.1,0.1,8.7,0.0011854898885450469,0.0,-0.011826980902130944,-9.84674948342985,-9.94554573534378,-9.880979193290434,-1.5104296967451748e-06,-0.002642691595612736,3.5118870059573697e-07,2151
0.3,0.1,8.7,0.0035463127259451077,0.0,-0.011948697109405151,-9.847620003737527,-9.945568742022308,-9.880223706375405,-6.349969507541056e-06,-0.007938497212973312,-8.232369920730915e-06,2152
0.5,0.1,8.7,0.005876930132447258,0.0,-0.012194446390287033,-9.849319861007391,-9.945601832425913,-9.878689301132638,-5.56582952679796e-06,-0.0132974062247575,9.532513508871566e-06,2153
0.7,0.1,8.7,0.008157863750898152,0.0,-0.012567898890680796,-9.8518441430153,-9.945652757057221,-9.876419642275104,-1.7200605205805792e-06,-0.018716215481154704,2.392618660588933e-05,2154
0.9,0.1,8.7,0.010369055599215212,0.0,-0.013069796669550328,-9.855272348591146,-9.945727297723085,-9.873364140034358,-6.745135673026828e-06,-0.02407060065094954,1.589286684548623e-05,2155
1.1,0.1,8.7,0.012490849620730035,0.0,-0.013701876284567253,-9.85943424872269,-9.945790134054684,-9.869516421560808,-1.607919125152038e-06,-0.02951308680750181,7.999874030252964e-06,2156
1.3,0.1,8.7,0.014502225762102033,0.0,-0.01447265046561424,-9.86461988091982,-9.945894260287815,-9.864851420535647,7.619731708130235e-06,-0.03509323148813299,-5.7616010546147696e-06,2157
1.5,0.1,8.7,0.016381857263781583,0.0,-0.015390026879946502,-9.87058759865521,-9.945970706039873,-9.859265931554564,1.2046851891944536e-05,-0.04077483422320341,-5.157528183270706e-07,2158
1.6999999999999997,0.1,8.7,0.01810832660189407,0.0,-0.016462999116026212,-9.877570094877631,-9.946058300420265,-9.852721407220695,4.0492005154188306e-05,-0.04671232521027146,7.85163319615126e-06,2159
1.9,0.1,8.7,0.019660546705501665,0.0,-0.017701046380022088,-9.885212584033447,-9.946062574630398,-9.845100289134871,5.5089413040914866e-05,-0.05275153527900585,1.5759077700458592e-05,2160
2.0999999999999996,0.1,8.7,0.021013952631148157,0.0,-0.01911780238231225,-9.894148282342657,-9.946087923449818,-9.836291334922803,7.867502607996643e-05,-0.059220762093165374,1.4217654090867142e-05,2161
2.3,0.1,8.7,0.02214183819759469,0.0,-0.02072731855106864,-9.903881079492876,-9.945959449824723,-9.825916169628341,6.08710534053615e-05,-0.06578145409590803,1.546897720697381e-05,2162
2.5000000000000004,0.1,8.7,0.023014388818738,0.0,-0.022541806979960468,-9.915206143245495,-9.945849247164078,-9.814040092591547,1.2679282110414809e-05,-0.07264240796924298,2.030289776403414e-05,2163
2.7,0.1,8.7,0.023600706950414954,0.0,-0.02457361343826496,-9.927229072492214,-9.945451064703,-9.800026251039137,-1.7891706299999413e-06,-0.07955726324033362,6.489147922884643e-06,2164
2.9000000000000004,0.1,8.7,0.02386366211778585,0.0,-0.026827635245684073,-9.941356759362982,-9.945051437289056,-9.783900427079491,-1.6146890566918297e-05,-0.08634972237668173,2.2904327305134466e-07,2165
3.0999999999999996,0.1,8.7,0.023760970014224662,0.0,-0.029296687269847875,-9.956561887160774,-9.94431759514014,-9.765026088556768,-2.0512748061787658e-05,-0.09250272488742342,-6.014687353994234e-06,2166
3.3,0.1,8.7,0.02324770959360351,0.0,-0.03195484202586559,-9.97405257608682,-9.943524931784928,-9.743572082854548,-1.822388275182757e-05,-0.09744950358391433,-1.1439090416761848e-05,2167
3.5,0.1,8.7,0.02227840236757366,0.0,-0.034756598128853705,-9.992704482913592,-9.942446874556598,-9.719529889866559,-2.6455436543887122e-05,-0.1004306589860203,-4.514280553408975e-06,2168
3.7,0.1,8.7,0.02081508739302645,0.0,-0.037629779781094976,-10.013010385964545,-9.94132042516066,-9.693591739855007,-2.2058643528563782e-05,-0.10049360044182162,-5.46112561135191e-07,2169
3.9,0.1,8.7,0.018831206387060505,0.0,-0.040472815532710954,-10.033678753207923,-9.940038539314067,-9.666513943378572,-7.60645252955645e-07,-0.09675545887070974,-4.575263323356414e-06,2170
4.1,0.1,8.7,0.01632397733009645,0.0,-0.04315983576979348,-10.05407701268581,-9.938771208602455,-9.639779030343027,-2.791047038221984e-06,-0.08853517788020511,1.0879911929901257e-07,2171
4.3,0.1,8.7,0.013317918859644071,0.0,-0.0455495694670198,-10.07280028081688,-9.937580865869597,-9.61510404854788,-2.9930306539821255e-06,-0.07554688128466727,6.811809707767857e-06,2172
4.500000000000001,0.1,8.7,0.009872669177038053,0.0,-0.047498970485232765,-10.088467837364085,-9.936569980502282,-9.594382065163657,4.8576427865790434e-06,-0.057932883069214174,5.654695220341319e-06,2173
4.7,0.1,8.7,0.006082784714112825,0.0,-0.04887901729298086,-10.099779869209968,-9.93583563503479,-9.579398305961185,5.564421393123437e-06,-0.03643743781887515,2.982333358197325e-06,2174
4.9,0.1,8.7,0.00207240685619705,0.0,-0.049592081962563775,-10.105727790416639,-9.935456419125908,-9.571554305229201,7.08985872266486e-07,-0.01238826579962746,-1.361260502258747e-06,2175
5.1000000000000005,0.1,8.7,-0.002014094595285027,0.0,-0.04958560615252509,-10.10576811586007,-9.93548058634283,-9.571634815870265,-1.542285881872304e-06,0.012565289642004665,-7.67139587095387e-06,2176
5.3,0.1,8.7,-0.0060243014924825184,0.0,-0.04885990578256354,-10.099785274801071,-9.935873429451958,-9.579581872475124,6.085411948017219e-06,0.036594726410939395,2.6754371730274e-06,2177
5.5,0.1,8.7,-0.009814230144499034,0.0,-0.047468857371459006,-10.088563769717613,-9.936645522450187,-9.594663842549696,1.994591955232778e-06,0.058029177749983674,2.873131999874209e-06,2178
5.699999999999999,0.1,8.7,-0.013260009095232532,0.0,-0.04551098116854508,-10.072916885319616,-9.93766832145003,-9.61542472192786,-6.602113116841642e-06,0.07560887953345527,-9.58075797583078e-06,2179
5.9,0.1,8.7,-0.016265572167807867,0.0,-0.043115182856588406,-10.054095742808293,-9.938848321947997,-9.640145866948338,-1.0351398123449197e-07,0.08858177371193417,-8.990304638401296e-06,2180
6.1000000000000005,0.1,8.7,-0.018770767228890886,0.0,-0.04042535919156944,-10.033664548130409,-9.940131932378074,-9.666995113776702,-1.4502457352355467e-05,0.09674194574754241,-1.334326834934671e-05,2181
6.3,0.1,8.7,-0.020753233058706577,0.0,-0.03758279089629793,-10.013104995027136,-9.941443154791203,-9.694110778945387,-8.432684351148053e-06,0.10047535981501048,-1.3077529158897813e-05,2182
6.5,0.1,8.7,-0.022218560689137048,0.0,-0.034713185704647036,-9.993013124090501,-9.94256926478406,-9.71983319984638,7.246704480258267e-06,0.10033044706329673,-1.8840165571072787e-06,2183
6.700000000000001,0.1,8.7,-0.023191729503725722,0.0,-0.03191790009648839,-9.974229774024614,-9.943567079486758,-9.743605623425939,7.210503624346293e-06,0.09726375499533958,2.2100522249612434e-05,2184
6.9,0.1,8.7,-0.023709009622896043,0.0,-0.02926446196321541,-9.956881614866942,-9.944426742297685,-9.765252096618214,-1.6436338418359928e-06,0.09242074457242802,3.063913861405495e-05,2185
7.1,0.1,8.7,-0.02381310284329555,0.0,-0.0267976717716209,-9.941319926196773,-9.945102379631294,-9.784191971957172,-2.168453082177995e-05,0.08628010482680425,1.622502461533743e-05,2186
7.299999999999999,0.1,8.7,-0.023550633747890688,0.0,-0.024545535402973745,-9.927473748973501,-9.94556698323804,-9.800361167220027,-3.824424702578893e-05,0.07951140395579691,8.815517495189219e-06,2187
7.5,0.1,8.7,-0.022964830229956493,0.0,-0.022515666903576665,-9.91515283388076,-9.945874535435214,-9.814219843292284,-7.867968533101252e-05,0.07255600874285506,1.7038565390425645e-05,2188
7.700000000000001,0.1,8.7,-0.022092921813691182,0.0,-0.020703243674487684,-9.904096200432901,-9.946037747457247,-9.826092536856716,-5.7466636962351375e-05,0.06572382609564878,2.1009738744359893e-05,2189
7.9,0.1,8.7,-0.02096767521181344,0.0,-0.019096492462398747,-9.894268399168114,-9.946109255515625,-9.836277878407486,-1.013386921683015e-05,0.05912818255581884,2.3405626732877788e-05,2190
8.100000000000001,0.1,8.7,-0.019618353239382425,0.0,-0.0176820723789984,-9.88551253468946,-9.946125913044517,-9.845117030530623,-1.9546393723176172e-05,0.05278138120910255,2.011010552784258e-05,2191
8.299999999999999,0.1,8.7,-0.018069725784645902,0.0,-0.01644586293618446,-9.877642803400157,-9.946094749375016,-9.852830943478383,3.826904241131958e-06,0.04670038753518517,7.6221852393669575e-06,2192
8.5,0.1,8.7,-0.016344835541899107,0.0,-0.015374363770205443,-9.870730440257663,-9.946030903205076,-9.859424075764888,4.874840366580753e-05,0.04081427282464917,4.311103652187259e-06,2193
8.700000000000001,0.1,8.7,-0.014468337192616936,0.0,-0.014458105647013459,-9.864936022893266,-9.945997606063196,-9.865052007425591,2.6712585956771942e-05,0.03505859408077624,1.5922398372469846e-05,2194
8.9,0.1,8.7,-0.012462447700818596,0.0,-0.013686051839581185,-9.85978383366398,-9.945879247636094,-9.869612404513765,6.131894096446248e-06,0.029591680629450733,4.8887246691695874e-05,2195
9.100000000000001,0.1,8.7,-0.01034648714437882,0.0,-0.013050497084913935,-9.855556637631134,-9.945796553329377,-9.873426129019217,7.739300243097753e-06,0.024085676897641482,6.395631306985831e-05,2196
9.3,0.1,8.7,-0.008140088264640482,0.0,-0.012548295103227147,-9.852094025640364,-9.94573758861516,-9.876593917430219,-3.6124247776111537e-06,0.018672687368985856,2.905337585525053e-05,2197
9.499999999999998,0.1,8.7,-0.005862979757263683,0.0,-0.012175993960829674,-9.849561431267789,-9.945697561230448,-9.878926374887715,-6.556156227764802e-07,0.013272822936660612,-1.2027015077469159e-05,2198
9.700000000000001,0.1,8.7,-0.0035366767742510455,0.0,-0.011930001555518722,-9.847931989740989,-9.94565510448409,-9.880343532683384,-1.0373697990898103e-06,0.007961875237091165,-1.0996012902440858e-05,2199
9.9,0.1,8.7,-0.001181983232862273,0.0,-0.011806465109156951,-9.847149043698593,-9.94565175476645,-9.881109730130873,-8.650772846298809e-08,0.002684427674709857,-1.386253273234084e-05,2200
0.1,0.1,8.9,0.0011248387712741467,0.0,-0.010219212498673426,-9.851868484485427,-9.94560891678211,-9.87617609943201,1.5474508016660184e-06,-0.002231101740569632,6.717600124550797e-06,2201
0.3,0.1,8.9,0.0033648068739006273,0.0,-0.01032220761155661,-9.852691946560993,-9.945622236985,-9.875419238371396,3.912785888693792e-06,-0.006642000868061369,-5.503745765785384e-06,2202
0.5,0.1,8.9,0.005575835894774846,0.0,-0.01053028387804502,-9.854304734031643,-9.945634479695817,-9.873867664449724,-1.426345438907198e-06,-0.011143847763685995,6.893313662431249e-06,2203
0.7,0.1,8.9,0.007737710744316849,0.0,-0.010847331037956136,-9.856828051357907,-9.945668167736393,-9.871512787327639,-4.5383624541565546e-06,-0.015673599849441576,1.86804971014334e-05,2204
0.9,0.1,8.9,0.009830144904741319,0.0,-0.011273502696286308,-9.86017299659129,-9.945706153339911,-9.8683577701102,-6.080060792316823e-07,-0.02016878164308178,1.8053190743380954e-05,2205
1.1,0.1,8.9,0.011834573952036458,0.0,-0.011810928468727172,-9.864227312534146,-9.945727425414487,-9.864409814540801,5.718167079483145e-06,-0.024784695565066017,1.1433453883379573e-05,2206
1.3,0.1,8.9,0.01373065031014719,0.0,-0.01246652724876475,-9.869270169621878,-9.94578415041833,-9.859650582475512,2.0456663355509325e-05,-0.029551745119817934,4.396577758137269e-06,2207
1.5,0.1,8.9,0.015496812343210382,0.0,-0.013246682305751106,-9.875119450538305,-9.945801331874456,-9.853887208836444,2.3511787272415406e-05,-0.03434992202237302,4.678203429990098e-07,2208
1.6999999999999997,0.1,8.9,0.01711089000998493,0.0,-0.014159349101819242,-9.882011455712089,-9.945840543871702,-9.847191263648819,3.8309380088146675e-05,-0.03933770643266137,-4.782741452447392e-06,2209
1.9,0.1,8.9,0.01855084731730921,0.0,-0.015212029956020074,-9.8896189820882,-9.945787257360752,-9.839317304721284,4.024049827380441e-05,-0.04445491272882688,-8.605299671867765e-07,2210
2.0999999999999996,0.1,8.9,0.019793291420739007,0.0,-0.01641491898677363,-9.898347960449907,-9.945723285024789,-9.830268464680005,5.836133753566483e-05,-0.04983126816426511,7.2385911637142985e-06,2211
2.3,0.1,8.9,0.02081272191601463,0.0,-0.01777767257545506,-9.907971964311251,-9.945550236179434,-9.81977921658881,5.7683065236876424e-05,-0.05524075157954691,1.752067992212106e-05,2212
2.5000000000000004,0.1,8.9,0.021580093196567757,0.0,-0.019308463617340718,-9.91895051111256,-9.945325329410792,-9.80767613594714,-1.4300116151092996e-05,-0.06088484704436883,8.458820873817765e-06,2213
2.7,0.1,8.9,0.022065558449908818,0.0,-0.0210151653191509,-9.930816721782136,-9.944921581955423,-9.793791188000755,-3.8218079164473546e-05,-0.06644661915160369,-4.092243898783406e-06,2214
2.9000000000000004,0.1,8.9,0.02223579199589763,0.0,-0.022896840631987197,-9.94440770226841,-9.944492445736376,-9.778054526415866,-1.1540730427919256e-05,-0.07177733519648952,-7.379997152447959e-06,2215
3.0999999999999996,0.1,8.9,0.022054482141008025,0.0,-0.024940476884822236,-9.959006005078708,-9.943813367493487,-9.760060832394682,-9.578537185200004e-06,-0.07634329446716921,-1.3999991172924951e-05,2216
3.3,0.1,8.9,0.02148543360558128,0.0,-0.02712037195896466,-9.975326078619586,-9.943093856986275,-9.740143206317434,-2.3170693492291567e-05,-0.07983458998715458,-1.2087683359051111e-05,2217
3.5,0.1,8.9,0.020495533975992998,0.0,-0.02939693525000135,-9.992445018635403,-9.942172239314532,-9.718416177940092,-3.9437258024515025e-05,-0.08162416244150371,-5.251148255874134e-07,2218
3.7,0.1,8.9,0.019059652435016648,0.0,-0.031709035543079404,-10.01061323524575,-9.941227700947167,-9.695525269496175,-3.8005199887589715e-05,-0.080966113099251,3.7879438428239375e-06,2219
3.9,0.1,8.9,0.017164159204266977,0.0,-0.03397496840603546,-10.028770672923516,-9.940192385397967,-9.672191254072546,-7.664762684118326e-06,-0.07728904258706178,6.955321176997273e-07,2220
4.1,0.1,8.9,0.014815204369759487,0.0,-0.03609743029427234,-10.046373519654566,-9.939197251222819,-9.649612736465217,-3.426890333908854e-07,-0.07016674134479549,4.6403919747453775e-06,2221
4.3,0.1,8.9,0.012041346748765305,0.0,-0.03797053378305185,-10.062279246724533,-9.938280558653705,-9.629123546550268,-4.935577257360388e-07,-0.0594470718635302,5.837807801035993e-06,2222
4.500000000000001,0.1,8.9,0.008899214279466336,0.0,-0.03948892324910232,-10.075355556460968,-9.937496973429301,-9.612129310691087,3.180248794003921e-06,-0.04533509537405977,5.254995802934355e-06,2223
4.7,0.1,8.9,0.005471562364978815,0.0,-0.0405586756519928,-10.08472750602167,-9.936937360689624,-9.599959297429347,3.791208949815505e-06,-0.028412281851743573,5.220960322060737e-06,2224
4.9,0.1,8.9,0.001862547385709394,0.0,-0.04110963124245012,-10.08962380400541,-9.936649881217354,-9.593625602087249,2.499382515065693e-06,-0.009645868351066554,1.2077979500412597e-06,2225
5.1000000000000005,0.1,8.9,-0.0018086541821064194,0.0,-0.041104259574349995,-10.08963821084729,-9.936662465247291,-9.593674115395075,1.8542935738248782e-06,0.009780339909894444,-5.288593678976966e-06,2226
5.3,0.1,8.9,-0.00541708607422445,0.0,-0.040542755396001356,-10.084704949857688,-9.93696200506963,-9.600105075496266,1.552875426577955e-05,0.028558176932904505,1.7496522204336977e-06,2227
5.5,0.1,8.9,-0.008844357896619096,0.0,-0.039463752571444494,-10.075437501498413,-9.937568811364262,-9.61240655532876,5.619612315315246e-06,0.045456277065165196,4.694254137221327e-06,2228
5.699999999999999,0.1,8.9,-0.0119863023554038,0.0,-0.037938149791653955,-10.062338333520536,-9.938366018599549,-9.629491759480107,-1.3032905666960218e-05,0.059545386481151,-2.596797285190663e-06,2229
5.9,0.1,8.9,-0.014758925481678935,0.0,-0.03606054568760898,-10.046384707619035,-9.939288523226553,-9.650057908519916,4.393310357639195e-06,0.07019409970186322,-6.7888638296886356e-06,2230
6.1000000000000005,0.1,8.9,-0.0171057179003957,0.0,-0.033937115679830356,-10.028786210532546,-9.940297683283966,-9.672702205893271,2.0249073830024778e-05,0.07721301761400963,-2.5795579243862446e-05,2231
6.3,0.1,8.9,-0.018999682319661405,0.0,-0.03167175383030313,-10.010704847363797,-9.94135401682986,-9.696065236791458,1.7445816629940983e-05,0.08086031434771497,-3.0932581160700755e-05,2232
6.5,0.1,8.9,-0.020436280073963344,0.0,-0.029360539986359194,-9.992689198539521,-9.942338048645519,-9.719001044693828,1.0325710853453737e-05,0.08154956383671422,-1.2696187712244093e-05,2233
6.700000000000001,0.1,8.9,-0.021427974923822563,0.0,-0.027088114809887754,-9.975516441832772,-9.943242954124663,-9.740698328796505,1.9397431579061636e-05,0.07979762451658315,1.7302924089543145e-05,2234
6.9,0.1,8.9,-0.022000101588688287,0.0,-0.02491328231794797,-9.959385842062298,-9.94398336647485,-9.760530990314829,2.4586119867071802e-05,0.0764189071735871,3.8906798536565956e-05,2235
7.1,0.1,8.9,-0.022183805119525706,0.0,-0.022872613062881346,-9.94448345711817,-9.944570059295097,-9.77836683936026,-5.242914396815697e-06,0.07180917132253259,4.057304021114392e-05,2236
7.299999999999999,0.1,8.9,-0.02201511099634261,0.0,-0.02099256132207858,-9.931095846677174,-9.94504944896132,-9.79415139812857,-1.571163852181217e-05,0.06647389567842166,2.5871588763079014e-05,2237
7.5,0.1,8.9,-0.02153099746350012,0.0,-0.019286507396227334,-9.919005963066184,-9.945387428851912,-9.807931181196226,-4.077686854003266e-05,0.06086104356701705,1.178666775947984e-05,2238
7.700000000000001,0.1,8.9,-0.020765302978598833,0.0,-0.017756927807979432,-9.908220485149043,-9.945654838871574,-9.820053709208139,-4.5508374403381255e-05,0.05519083325806178,1.8265613908917146e-05,2239
7.9,0.1,8.9,-0.019747784555524853,0.0,-0.016395840321581243,-9.898441103222476,-9.94580303059151,-9.830574049737892,-9.10276936676949e-06,0.04977822590157883,2.252937778025404e-05,2240
8.100000000000001,0.1,8.9,-0.01850650471964402,0.0,-0.015194936748642925,-9.889803184681135,-9.945887897253428,-9.839636301588829,-4.529911431772042e-06,0.044442107187345925,1.8384041800472936e-05,2241
8.299999999999999,0.1,8.9,-0.017068912596807626,0.0,-0.01414524076295188,-9.882206989188388,-9.945938298443396,-9.847484503027932,-3.5080122040517524e-06,0.03935260333905601,1.1546265060306348e-05,2242
8.5,0.1,8.9,-0.015457771095454525,0.0,-0.013234116163167687,-9.875371981276514,-9.945907417210659,-9.854165104779515,1.2419930864469932e-05,0.03439054928486386,1.1774368998643789e-05,2243
8.700000000000001,0.1,8.9,-0.013696484480181058,0.0,-0.01245432117301435,-9.869683953591611,-9.945908847433625,-9.859860283575667,7.456843265617577e-06,0.029519712240597133,2.0236466020374523e-05,2244
8.9,0.1,8.9,-0.011806921589690815,0.0,-0.011796816229168951,-9.8646105349574,-9.945857179259303,-9.864675361342332,-3.3916905435320945e-07,0.024891685106684578,4.046217727159472e-05,2245
9.100000000000001,0.1,8.9,-0.009807583693153054,0.0,-0.011256278611496404,-9.860439082281411,-9.945823810895481,-9.868679972195226,6.770972713181147e-06,0.02022666426134962,5.038297812407481e-05,2246
9.3,0.1,8.9,-0.007718516959761621,0.0,-0.010830375392124784,-9.85703257648591,-9.945756213194441,-9.871748489475438,-1.7897441827521587e-06,0.015713287294577424,3.647684354659198e-05,2247
9.499999999999998,0.1,8.9,-0.005560831047497035,0.0,-0.010514733670576747,-9.854658369140804,-9.945744222639345,-9.87406274405518,-5.508802597390244e-06,0.011162042921515784,1.8841125068941224e-05,2248
9.700000000000001,0.1,8.9,-0.0033556234490226796,0.0,-0.010305188756076993,-9.853063230776495,-9.945738124431957,-9.875627391382677,-3.3709815516981505e-06,0.006716730234326412,1.0530875544599126e-05,2249
9.9,0.1,8.9,-0.0011217734731619312,0.0,-0.01019981606520917,-9.852235101788118,-9.945721362553474,-9.876371710981882,6.167865529785616e-08,0.0022355581449198885,2.1897058926681447e-05,2250
0.1,0.1,9.100000000000001,0.0010752065079267026,0.0,-0.008504560623179802,-9.856035213059792,-9.945641787999342,-9.872173726938398,2.2886825593385715e-06,-0.0018069590416460364,2.660874359130592e-06,2251
0.3,0.1,9.100000000000001,0.0032162245656234593,0.0,-0.008589192657668112,-9.856832566773154,-9.94565262090568,-9.871430537756995,1.0081164969653339e-05,-0.005400741488036978,-7.196452419760149e-06,2252
0.5,0.1,9.100000000000001,0.005329118783544525,0.0,-0.008759814667651732,-9.858397581817448,-9.945655942720416,-9.869882131794869,5.073455990382655e-06,-0.009065071234930428,-4.063100508713548e-06,2253
0.7,0.1,9.100000000000001,0.007393401448886809,0.0,-0.009019178752878767,-9.860898046109646,-9.945675401197018,-9.867478959879634,-2.544199289017422e-06,-0.012753901033375077,6.459116687281168e-06,2254
0.9,0.1,9.100000000000001,0.009388793633589982,0.0,-0.009368342463705421,-9.864175891813625,-9.945688377433846,-9.864265995365502,-1.9946281200982913e-06,-0.01643072561798296,2.4102885699397613e-05,2255
1.1,0.1,9.100000000000001,0.011296658724310274,0.0,-0.009810337910816124,-9.868227160444103,-9.945706101569574,-9.860303347413915,7.82401443297933e-06,-0.02023578612979679,1.815619191351537e-05,2256
1.3,0.1,9.100000000000001,0.01309704062752562,0.0,-0.01034989224044052,-9.873174736324088,-9.9457288446725,-9.855469487054757,3.5254254631272005e-05,-0.024053800730247488,7.8000263024612e-06,2257
1.5,0.1,9.100000000000001,0.01476951498927238,0.0,-0.010990908134629503,-9.87888229032056,-9.945702337011106,-9.849629394745419,3.572121327750688e-05,-0.02797051901577963,5.422319716069506e-06,2258
1.6999999999999997,0.1,9.100000000000001,0.01629112901470599,0.0,-0.011740165871062875,-9.885698063072587,-9.94568839356747,-9.842743904762289,2.0522386924258412e-05,-0.032054385102698216,-1.0040420464155604e-05,2259
1.9,0.1,9.100000000000001,0.017638576063116022,0.0,-0.012604153700457536,-9.893296356218805,-9.94560884399763,-9.83474786378574,7.009792076626074e-06,-0.036189576280338774,6.567123549296406e-07,2260
2.0999999999999996,0.1,9.100000000000001,0.0187893429389724,0.0,-0.013590782369101646,-9.901906894456161,-9.945497405841376,-9.825580134767428,1.5771374069953058e-05,-0.04059841224035166,2.567319728188028e-05,2261
2.3,0.1,9.100000000000001,0.019718772147953194,0.0,-0.014705686783707192,-9.911440916869363,-9.945301149183882,-9.815064829047408,2.1147355929974793e-05,-0.044967093424489714,2.0181319910822356e-05,2262
2.5000000000000004,0.1,9.100000000000001,0.020399900468768734,0.0,-0.01595378903952356,-9.922159037614781,-9.945065501243601,-9.803168468619624,-2.9523788525738284e-05,-0.0494558843665649,-4.21088885894684e-06,2263
2.7,0.1,9.100000000000001,0.020804360112163224,0.0,-0.017339937679667444,-9.933870109718583,-9.944685578808295,-9.789557784339339,-4.8138442292311004e-05,-0.053825128031595476,-1.508708181646084e-05,2264
2.9000000000000004,0.1,9.100000000000001,0.020901224388453734,0.0,-0.01885937443002913,-9.946989539990255,-9.94424305417498,-9.774225730881808,7.811433864745516e-06,-0.057835162665398156,-1.0559359151177006e-05,2265
3.0999999999999996,0.1,9.100000000000001,0.020660422849620073,0.0,-0.02049777868408865,-9.960942665112908,-9.943613849727434,-9.7571265835409,1.8874687414125482e-05,-0.06116748278344715,-7.109393533834932e-06,2266
3.3,0.1,9.100000000000001,0.02005283061478752,0.0,-0.022233172787084435,-9.97630304594651,-9.942994601358345,-9.738669960861529,-2.9132035823597854e-05,-0.06359160784582413,-1.1241393052062012e-06,2267
3.5,0.1,9.100000000000001,0.019054356543223763,0.0,-0.024032241677947024,-9.992103460338353,-9.94219923407414,-9.71889271002908,-4.7221378061367315e-05,-0.06453817015224579,6.804543252756608e-06,2268
3.7,0.1,9.100000000000001,0.017649395104034654,0.0,-0.025844924778899575,-10.008571695967259,-9.941396820448777,-9.698412406292876,-3.574448017412366e-05,-0.06357194227732753,7.616044432520127e-06,2269
3.9,0.1,9.100000000000001,0.01583270169268105,0.0,-0.027607767120697565,-10.024751569577168,-9.940534308981315,-9.677919975345995,-1.3617533124744443e-05,-0.06029487598202029,3.861464714855127e-06,2270
4.1,0.1,9.100000000000001,0.013616958420091533,0.0,-0.029247500782580794,-10.0401565028465,-9.939723801232711,-9.658462503333544,-3.02982011581981e-06,-0.0544252456367575,2.7610623590553566e-06,2271
4.3,0.1,9.100000000000001,0.011033372150521548,0.0,-0.03068572472309012,-10.053868421827321,-9.938984808273526,-9.641055619557056,-4.831287549648676e-06,-0.04586743756897523,1.3585134239728185e-06,2272
4.500000000000001,0.1,9.100000000000001,0.008134398437241612,0.0,-0.0318456207321965,-10.065083499159993,-9.938372552984458,-9.626779265779124,-1.9461332117607095e-06,-0.034817919487032375,-2.17493316574905e-07,2273
4.7,0.1,9.100000000000001,0.004992860055962474,0.0,-0.03265974343793179,-10.07303302179933,-9.9379366059658,-9.61665000802664,3.835510351323279e-06,-0.021749123060202918,2.540393187634136e-06,2274
4.9,0.1,9.100000000000001,0.0016984398656242107,0.0,-0.033077826159483806,-10.077162166128868,-9.937712042840806,-9.611398048091317,3.9457092407167904e-06,-0.0073557606204711695,2.3224579444830965e-06,2275
5.1000000000000005,0.1,9.100000000000001,-0.0016479804386157753,0.0,-0.033073353608766155,-10.077156264439784,-9.937720148013662,-9.611444475645763,6.6607625168930326e-06,0.007488129486848366,-2.1401707180547477e-06,2276
5.3,0.1,9.100000000000001,-0.004941434254456094,0.0,-0.032646837409907,-10.0729931568254,-9.937958648564353,-9.61680008601288,1.4949741257150633e-05,0.021854200574043924,2.208407351226627e-06,2277
5.5,0.1,9.100000000000001,-0.008081965071757912,0.0,-0.0318255520408649,-10.065119527276702,-9.938436340930433,-9.627062177391911,-2.079570385415393e-06,0.03489871986892879,6.631459174609234e-06,2278
5.699999999999999,0.1,9.100000000000001,-0.010979845114148595,0.0,-0.030659952519582055,-10.053867754273773,-9.93905337703758,-9.641399130911129,-2.0625192219432594e-05,0.04593972847344063,3.841454214161469e-06,2279
5.9,0.1,9.100000000000001,-0.013562069130548419,0.0,-0.029218274392965742,-10.040184176291914,-9.93980485147485,-9.658840081098806,-2.9847255426656337e-06,0.05444183071001803,-4.063576382006096e-06,2280
6.1000000000000005,0.1,9.100000000000001,-0.015776643980744964,0.0,-0.027577784995793622,-10.024786729101757,-9.940606266736367,-9.678244604596813,3.9788487944366765e-06,0.06025069526882798,-2.3060163917049096e-05,2281
6.3,0.1,9.100000000000001,-0.017592578944294106,0.0,-0.02581591896540753,-10.008647117852197,-9.941485271178173,-9.698779238055437,4.724788300850354e-06,0.06350396822007806,-3.2112390010111195e-05,2282
6.5,0.1,9.100000000000001,-0.01899630517755442,0.0,-0.02400505871949201,-9.992114540253512,-9.942292369514847,-9.71934730733676,8.835225376357252e-06,0.06447361002925413,-2.84045439150816e-05,2283
6.700000000000001,0.1,9.100000000000001,-0.019992884890228577,0.0,-0.022208863866507847,-9.976277117337252,-9.943058008201781,-9.739012923688206,1.9142012589005497e-06,0.06350095121249237,-2.293213589397192e-05,2284
6.9,0.1,9.100000000000001,-0.02060106612488155,0.0,-0.020475620543731313,-9.961150860065105,-9.943697984367242,-9.757339061767938,1.5456264849278944e-05,0.06119675218475464,-7.098044979650561e-06,2285
7.1,0.1,9.100000000000001,-0.020844894904577208,0.0,-0.01883855534978982,-9.947158291278702,-9.944290808563842,-9.774295751537435,-2.0317267969270985e-05,0.05788350030763551,2.0782998596733775e-05,2286
7.299999999999999,0.1,9.100000000000001,-0.02075134339214221,0.0,-0.017320867964616366,-9.934085820908818,-9.944748834699366,-9.789658352591392,-4.346576644664246e-05,0.053855756755972185,1.606723587409729e-05,2287
7.5,0.1,9.100000000000001,-0.020349505505670887,0.0,-0.01593598838070517,-9.922300420822385,-9.945134982810536,-9.80337449322719,-2.1780131883864213e-05,0.04950338789138036,-9.34809947005342e-06,2288
7.700000000000001,0.1,9.100000000000001,-0.01966966591840804,0.0,-0.014688912204981534,-9.911549517126554,-9.945369616906467,-9.815298567408796,-2.083512348968525e-05,0.045060284860451376,-5.792438206565218e-06,2289
7.9,0.1,9.100000000000001,-0.01874144826006184,0.0,-0.013576219855351545,-9.90205286405353,-9.945578699479489,-9.8258406333413,-4.782841369225008e-06,0.04064560713732963,1.886402677394139e-06,2290
8.100000000000001,0.1,9.100000000000001,-0.01759188795478906,0.0,-0.012591913903767432,-9.89342330877335,-9.945689088613946,-9.83502213429377,1.1803687199657514e-05,0.0362333820550671,9.128224163172534e-07,2291
8.299999999999999,0.1,9.100000000000001,-0.01624654231907814,0.0,-0.011729320287111128,-9.885913601308566,-9.945756984135349,-9.842871319371616,1.357502476835557e-05,0.03202852389040234,1.362557626886838e-05,2292
8.5,0.1,9.100000000000001,-0.014729941532103896,0.0,-0.010980375452539822,-9.879242348802185,-9.94578726935537,-9.849693997971919,1.130147521583362e-05,0.027965920737289873,1.879341618491098e-05,2293
8.700000000000001,0.1,9.100000000000001,-0.013063978058805086,0.0,-0.010339132015113685,-9.873535938196486,-9.945825257858505,-9.855590351099545,2.8512195781645696e-06,0.02401077840424731,5.6191800152748465e-06,2294
8.9,0.1,9.100000000000001,-0.011269305998306008,0.0,-0.009799350541597722,-9.868527725701288,-9.945813586537337,-9.86054020698235,-7.496066109941693e-07,0.020242350594321154,1.6488239715365886e-05,2295
9.100000000000001,0.1,9.100000000000001,-0.009365124513079942,0.0,-0.009356179686148837,-9.8643730067412,-9.945795248632614,-9.86460323642511,4.844970370652325e-06,0.016482770184227745,1.9313514289152958e-05,2296
9.3,0.1,9.100000000000001,-0.0073726559947471975,0.0,-0.009006270306522924,-9.861169249873987,-9.945789988032692,-9.86778069028404,3.7211421615175466e-06,0.012754588178958923,1.0704579318705338e-05,2297
9.499999999999998,0.1,9.100000000000001,-0.005313669401983253,0.0,-0.008746141815464813,-9.858826944984244,-9.945777504557594,-9.87006057780737,4.221144017626701e-06,0.009072961108089554,1.3645065005036932e-05,2298
9.700000000000001,0.1,9.100000000000001,-0.0032076018761577974,0.0,-0.008573759751953779,-9.857199409021137,-9.945753256920696,-9.871566875585618,2.0314831182465187e-06,0.005423707651796299,1.7060148033837232e-05,2299
9.9,0.1,9.100000000000001,-0.0010724984178057204,0.0,-0.008487389025952825,-9.85637178512971,-9.945753570409291,-9.872396066914057,7.101187191498856e-07,0.001830751388834295,2.8523401879337044e-05,2300
0.1,0.1,9.3,0.0010361652611714479,0.0,-0.006703119510304917,-9.85930729264242,-9.945661153973221,-9.86899847722796,9.162803134405087e-07,-0.0014037361800995284,-1.236941358584625e-05,2301
0.3,0.1,9.3,0.00309917001893227,0.0,-0.006769532518939708,-9.860095079598974,-9.945667456615324,-9.86824220348239,5.935023746572409e-06,-0.004195970304929666,-2.902372596275482e-06,2302
0.5,0.1,9.3,0.005134050244364555,0.0,-0.006902626560859676,-9.861659936160924,-9.945665413909222,-9.866667133392847,6.927973894280897e-07,-0.00700435147893265,-1.1121525600329684e-06,2303
0.7,0.1,9.3,0.0071212133684944836,0.0,-0.0071042967555509425,-9.864078729197317,-9.945674743100849,-9.864294986302657,-5.784154228431346e-06,-0.009849576709330062,1.6406063195632474e-06,2304
0.9,0.1,9.3,0.009040332354225793,0.0,-0.007376058740669827,-9.867353668301812,-9.945689045785413,-9.861091560633026,-9.432329673466171e-06,-0.012693177727564505,1.4560273963329066e-05,2305
1.1,0.1,9.3,0.010872260328033198,0.0,-0.007721298494957682,-9.871322040841852,-9.945658238971504,-9.856969154023796,-5.7478519875283724e-06,-0.015657705531471028,1.1142802207971581e-05,2306
1.3,0.1,9.3,0.012597352972618204,0.0,-0.008143288893993395,-9.876219142513161,-9.945645289577591,-9.852007305374755,9.659256893544284e-06,-0.018631729550161333,4.245228681154705e-06,2307
1.5,0.1,9.3,0.014194295183550937,0.0,-0.00864399597467391,-9.881962754114305,-9.945613638130387,-9.84610543654529,2.684383696479976e-05,-0.021705531197034576,8.172177854292641e-06,2308
1.6999999999999997,0.1,9.3,0.015641510552695893,0.0,-0.009228031867358457,-9.888592601203163,-9.945547539088786,-9.83914509424861,1.7131218602463817e-05,-0.024860104909346675,9.660484508707149e-06,2309
1.9,0.1,9.3,0.016916624477645668,0.0,-0.009901124339223305,-9.896118143170694,-9.94542924129264,-9.83102806329238,-1.550025482106869e-05,-0.028093674508388483,1.809147346981314e-05,2310
2.0999999999999996,0.1,9.3,0.017995541635526843,0.0,-0.010669333110041805,-9.904669375997855,-9.945280039701895,-9.821730822511432,-6.972233620072443e-06,-0.03139855340740083,2.453078927521808e-05,2311
2.3,0.1,9.3,0.018853953568043723,0.0,-0.01153607265397872,-9.914107013365463,-9.9450495449674,-9.811140711479604,3.972083873980232e-07,-0.03471296698749042,4.827811067194796e-06,2312
2.5000000000000004,0.1,9.3,0.01946675191638339,0.0,-0.01250423992638378,-9.924640983583366,-9.944765297108107,-9.799185501957094,-1.4785476022160725e-05,-0.03812788498815952,-1.4947249694443328e-05,2313
2.7,0.1,9.3,0.019807020068704537,0.0,-0.013575286742058433,-9.936151713569075,-9.94438459601763,-9.785771266519088,-1.0053937051313595e-05,-0.04142620934392086,-1.609360721991683e-05,2314
2.9000000000000004,0.1,9.3,0.01984741512383114,0.0,-0.014743254646481095,-9.948820601567682,-9.943950198595802,-9.770930391419348,3.1190218103734676e-05,-0.044358409270091714,-4.905826210874498e-06,2315
3.0999999999999996,0.1,9.3,0.01956276732241031,0.0,-0.015995351187580713,-9.962229914436218,-9.94337159320483,-9.75462805158809,2.9303342526732272e-05,-0.046716246677958456,5.142135701377422e-06,2316
3.3,0.1,9.3,0.018929818862983883,0.0,-0.017314879840912796,-9.976668406492866,-9.942777105363424,-9.737217120324082,-2.3270741265398837e-05,-0.04835311703234755,8.272024898527757e-06,2317
3.5,0.1,9.3,0.017930639010972135,0.0,-0.018675204116315597,-9.99145454369471,-9.94207759381725,-9.718933425380548,-3.2930689061176293e-05,-0.04878902380315263,9.878774327978018e-06,2318
3.7,0.1,9.3,0.01655544222470455,0.0,-0.020036825510569824,-10.006614365741672,-9.941388995323603,-9.700330610876406,-1.7708042528173563e-05,-0.04777830789272384,8.748110174184995e-06,2319
3.9,0.1,9.3,0.014805312678783832,0.0,-0.021353220889162097,-10.021286978485696,-9.940662844616385,-9.6820272445962,-1.0930164657350436e-05,-0.04505995201604311,3.403395751107898e-06,2320
4.1,0.1,9.3,0.012696825997974032,0.0,-0.02257138523228185,-10.035076982553246,-9.93998887347397,-9.66486738481671,-1.252385646800162e-06,-0.04046317722769183,-1.6457180835033194e-07,2321
4.3,0.1,9.3,0.01026233941942801,0.0,-0.023634778759238875,-10.047166104812344,-9.939368724412828,-9.64967751725132,1.9052720386520015e-06,-0.03395792791500391,1.6070990836509493e-06,2322
4.500000000000001,0.1,9.3,0.007551178580650803,0.0,-0.024488784153460737,-10.057015822464553,-9.938873876319521,-9.637353559133224,-1.7401639587085716e-06,-0.025704198097995457,1.8322046988830608e-06,2323
4.7,0.1,9.3,0.004628766605804883,0.0,-0.02508636579279465,-10.063916189799306,-9.938510601251656,-9.62863681644737,4.027190411527972e-06,-0.01602638053154662,4.72763661216232e-06,2324
4.9,0.1,9.3,0.0015740320844469984,0.0,-0.025392674764626654,-10.067498534990143,-9.938334135993829,-9.624172144978717,3.670908508987343e-06,-0.005406866257907913,4.3744956298014324e-06,2325
5.1000000000000005,0.1,9.3,-0.0015256537237869504,0.0,-0.02538928762063457,-10.067506880628097,-9.938349284811505,-9.624239543429562,4.642611342846151e-06,0.0055191409457295915,-1.186970763835278e-06,2326
5.3,0.1,9.3,-0.004579654999883639,0.0,-0.025076603477347952,-10.063893085586711,-9.938538232325275,-9.628798076039487,1.0963492809409725e-05,0.01611744142704385,1.8089631348336929e-06,2327
5.5,0.1,9.3,-0.007500859261712537,0.0,-0.024473839400021284,-10.057017327666706,-9.938926697962888,-9.637616162147424,1.892410885334634e-06,0.025760335205685648,5.677609962698601e-06,2328
5.699999999999999,0.1,9.3,-0.01021003927936305,0.0,-0.02361584258917099,-10.047117232822723,-9.939430703319427,-9.65003628376331,-1.973538898944016e-05,0.034006840107497056,6.873023151328417e-06,2329
5.9,0.1,9.3,-0.012642176117707403,0.0,-0.022549700059845513,-10.035068153502467,-9.940069870316709,-9.665281198080681,-6.629786727166468e-06,0.04051148772857885,5.645541155318167e-06,2330
6.1000000000000005,0.1,9.3,-0.014748634383960983,0.0,-0.0213302123432731,-10.021283477880718,-9.94074491225134,-9.682441083375716,-1.3670327287937448e-07,0.04514159728900767,3.0149852743435007e-06,2331
6.3,0.1,9.3,-0.016497492172566443,0.0,-0.020015147861738268,-10.006695137854706,-9.941492316100424,-9.700766442647296,-1.3597700772450631e-05,0.04779378895558087,-3.1076771665603053e-08,2332
6.5,0.1,9.3,-0.01787240728807902,0.0,-0.018656605758683123,-9.991587661897261,-9.942197118813278,-9.719397932169628,-1.765629960006326e-05,0.048764177759067946,-1.3956083714024062e-05,2333
6.700000000000001,0.1,9.3,-0.018871378774909096,0.0,-0.017297914316622323,-9.97675968339038,-9.942883178706603,-9.73765621014272,-2.2753672859271833e-05,0.04828080746992419,-3.2056684328501234e-05,2334
6.9,0.1,9.3,-0.019504438226134353,0.0,-0.015978000154331054,-9.962361500953438,-9.943475779515165,-9.755017396611079,-6.822178394160555e-06,0.046647545097668566,-2.881275324524701e-05,2335
7.1,0.1,9.3,-0.019789694044030044,0.0,-0.01472520757653824,-9.948902503805002,-9.94402524900577,-9.771223741212454,-2.7961214476220226e-05,0.04432587607653829,-5.636115664811424e-06,2336
7.299999999999999,0.1,9.3,-0.019750197960414783,0.0,-0.013559048305228567,-9.936279501766009,-9.944467414308034,-9.786057569773018,-3.793421544933258e-05,0.041427257359666216,-6.384798448414912e-06,2337
7.5,0.1,9.3,-0.019411473157222588,0.0,-0.012490521387782689,-9.924799680700817,-9.944855784450919,-9.799479241542786,-1.0473820695172398e-06,0.038235060921573895,-1.9499270628810737e-05,2338
7.700000000000001,0.1,9.3,-0.018800258811148416,0.0,-0.011523707874364866,-9.914270587890975,-9.9451411576484,-9.811435200349534,3.632258986006979e-06,0.034767999121573356,-1.1517636751719524e-05,2339
7.9,0.1,9.3,-0.017944055016352396,0.0,-0.01065936053926157,-9.904926948240076,-9.945393132700225,-9.822038715249608,-9.979709865826044e-06,0.03134687464259602,-3.437667289062993e-06,2340
8.100000000000001,0.1,9.3,-0.01686911607878171,0.0,-0.009892606364021235,-9.896422429745446,-9.945529648853107,-9.831225814508924,2.2240383265812087e-07,0.028067993710325326,2.986098020543219e-06,2341
8.299999999999999,0.1,9.3,-0.015598751895475478,0.0,-0.0092186356420926,-9.888870240338726,-9.945627954327813,-9.83926953129896,1.6263691487107042e-05,0.024803173989693266,1.2972837457785065e-05,2342
8.5,0.1,9.3,-0.014156329163833614,0.0,-0.008634175706693012,-9.88223593204566,-9.945699356493503,-9.846260850410514,1.4723322672722266e-05,0.02164819102884004,1.1107964522701935e-05,2343
8.700000000000001,0.1,9.3,-0.012563801259311244,0.0,-0.008134199536197165,-9.876471143557138,-9.945739556990228,-9.852226641392429,7.1263940239532425e-06,0.018677824129407692,5.253638144754574e-06,2344
8.9,0.1,9.3,-0.01084266931925053,0.0,-0.007713591498166023,-9.871592266936723,-9.945762420535722,-9.857219835730529,3.202955260322037e-06,0.015729011136727523,2.8515712286422663e-06,2345
9.100000000000001,0.1,9.3,-0.009014618447807423,0.0,-0.007368102833670499,-9.867606673857704,-9.94577768808541,-9.861281766568089,3.7791640095859985e-06,0.012799192855092841,-1.705667972221611e-06,2346
9.3,0.1,9.3,-0.0071004979932986845,0.0,-0.007094531182809296,-9.864445082174239,-9.94578086310921,-9.864459233381819,3.881291722979824e-06,0.00987915191633066,1.4619871327514565e-07,2347
9.499999999999998,0.1,9.3,-0.005119808963018893,0.0,-0.006890587387565567,-9.862064064575828,-9.945785925184886,-9.866865561347288,6.83629078784104e-06,0.007043231185003968,6.016987319068754e-06,2348
9.700000000000001,0.1,9.3,-0.0030912988621605592,0.0,-0.006755784429345525,-9.860463981764369,-9.945787664985458,-9.868474343161763,3.8035807115531747e-06,0.004180288339892474,1.4871009865312882e-05,2349
9.9,0.1,9.3,-0.0010337237716352996,0.0,-0.006689021717328185,-9.859630143922095,-9.945780551388175,-9.869272613008047,2.0790935156612724e-07,0.0014048026915981255,1.855925678454813e-05,2350
0.1,0.1,9.499999999999998,0.0010072370572048624,0.0,-0.004834851544578991,-9.861732693123972,-9.945675681775096,-9.86664571575323,-4.9566606344516824e-08,-0.0009948834798894795,-5.43386286644474e-06,2351
0.3,0.1,9.499999999999998,0.0030122706171796455,0.0,-0.004882698226771528,-9.862522786966471,-9.945674597675731,-9.86585020141414,4.9640087580622095e-06,-0.002999697700135901,-3.393995249720214e-06,2352
0.5,0.1,9.499999999999998,0.0049891599056172044,0.0,-0.004978374918468377,-9.864088793810216,-9.94567962686098,-9.864309340505057,7.810248286956665e-06,-0.005000811403464244,1.048510913874731e-06,2353
0.7,0.1,9.499999999999998,0.0069190617074088995,0.0,-0.005122686268115078,-9.866431903309907,-9.945667454122427,-9.861905367306425,3.886819985351083e-06,-0.007023768948455458,3.888944551898202e-06,2354
0.9,0.1,9.499999999999998,0.00878182799720791,0.0,-0.00531714247939085,-9.869665593302303,-9.945671196619198,-9.858690389803971,3.818575436393412e-07,-0.009051434458674375,6.6220198715963655e-06,2355
1.1,0.1,9.499999999999998,0.01055763067771186,0.0,-0.005564164187029827,-9.873648077404267,-9.945642618888597,-9.854565017048834,-1.962160536903964e-06,-0.011157213231360867,3.911837834846516e-06,2356
1.3,0.1,9.499999999999998,0.012226231175366583,0.0,-0.005866205230438952,-9.878540164196739,-9.945601226999873,-9.849465970818585,-2.218487438078494e-06,-0.013292472918482406,-3.159808096461251e-06,2357
1.5,0.1,9.499999999999998,0.013766555588321438,0.0,-0.0062248452534918,-9.884224115056277,-9.945528500919817,-9.843418389552454,1.845261330858323e-05,-0.01545878451603503,-1.81417839650985e-06,2358
1.6999999999999997,0.1,9.499999999999998,0.01515793893102392,0.0,-0.006643299694129737,-9.89080275628683,-9.945447175429235,-9.83643312085677,2.2553073710984056e-05,-0.01770896649660013,9.537220316592225e-06,2359
1.9,0.1,9.499999999999998,0.016378401013350197,0.0,-0.007124744104454586,-9.8982645234631,-9.945322219461335,-9.82834657385952,-1.7025689479485848e-05,-0.020011855636042814,8.664410562465534e-06,2360
2.0999999999999996,0.1,9.499999999999998,0.017404364016858524,0.0,-0.007673432597714174,-9.906701995697235,-9.945148983338385,-9.819042921010798,-2.3823166928204304e-05,-0.02243086475285626,6.4671513888190325e-06,2361
2.3,0.1,9.499999999999998,0.01821083069275717,0.0,-0.008291969556397034,-9.916159245768705,-9.944931879837421,-9.808500153415489,-4.464007645058376e-06,-0.02478472591403263,-3.6166844440111674e-08,2362
2.5000000000000004,0.1,9.499999999999998,0.018773487370539476,0.0,-0.008981392371103663,-9.926521342859544,-9.944629564506748,-9.796626479690127,1.4614067580016784e-06,-0.027144394548658357,-1.1502704145692688e-05,2363
2.7,0.1,9.499999999999998,0.01906693989228522,0.0,-0.009741964761751537,-9.937919986475372,-9.944265002017946,-9.78340502363037,-6.012960164388454e-06,-0.02936507588618069,-1.0161585071613693e-05,2364
2.9000000000000004,0.1,9.499999999999998,0.019066710709334116,0.0,-0.010568453673558348,-9.950171700631396,-9.943814446072912,-9.768900529730411,-2.6606567005804813e-06,-0.03132654220208447,-4.94141670366418e-06,2365
3.0999999999999996,0.1,9.499999999999998,0.018751713943879585,0.0,-0.011451082249607775,-9.963201675169929,-9.943311008765166,-9.753353368672359,5.262892722869815e-06,-0.03287206816970864,1.863370464547626e-06,2366
3.3,0.1,9.499999999999998,0.018102722515319445,0.0,-0.012377492882144908,-9.976956610838414,-9.942765440932869,-9.73687059384223,-1.5583867680490015e-05,-0.03390263372788753,6.102812176423285e-06,2367
3.5,0.1,9.499999999999998,0.01710558807797947,0.0,-0.013328174971618978,-9.99105440230464,-9.94214977672283,-9.719694481307139,-3.0429044253457357e-05,-0.034087048225227484,4.293615809607604e-06,2368
3.7,0.1,9.499999999999998,0.015755024948450626,0.0,-0.014275251181653324,-10.005160802449765,-9.941518933323199,-9.702433864182572,-2.2542342814606304e-05,-0.0332667296781081,3.1043293615775017e-06,2369
3.9,0.1,9.499999999999998,0.014056704933664732,0.0,-0.015187059094954934,-10.018785546356884,-9.940891450780622,-9.685671707562495,-1.894547616213739e-05,-0.031277313703180425,2.2769765181927852e-06,2370
4.1,0.1,9.499999999999998,0.012029074978350294,0.0,-0.01602764176613752,-10.03138388662209,-9.940295874861768,-9.670095487702953,-1.1036381110878649e-05,-0.02799819059551249,1.4448530017502838e-06,2371
4.3,0.1,9.499999999999998,0.009704683653849699,0.0,-0.016758981233213222,-10.04240050002041,-9.939774228052856,-9.656470640260206,-5.458590010686391e-07,-0.023427905593097258,9.854987598217748e-07,2372
4.500000000000001,0.1,9.499999999999998,0.0071301915896999895,0.0,-0.017344569704899213,-10.051284599389644,-9.939360056726438,-9.645515684258793,7.363381707373904e-06,-0.017677747673237282,4.359017329999007e-07,2373
4.7,0.1,9.499999999999998,0.004366452299921442,0.0,-0.017753296832415444,-10.057453936184144,-9.939056041419839,-9.637826270912074,1.0900499778390762e-05,-0.01099904634719191,2.245749807308023e-06,2374
4.9,0.1,9.499999999999998,0.0014847530455954034,0.0,-0.017962513328633786,-10.060655596322407,-9.938906314796531,-9.633875977676695,1.0476446546557874e-06,-0.003700458077062045,2.1413537423328823e-06,2375
5.1000000000000005,0.1,9.499999999999998,-0.0014371481684207171,0.0,-0.017960095396344414,-10.0606687033507,-9.938917536830232,-9.633918980817256,-1.98168556428344e-06,0.0038004976711944905,3.171597445124172e-06,2376
5.3,0.1,9.499999999999998,-0.004318528631697714,0.0,-0.017746383214520527,-10.057457814210359,-9.939084446780784,-9.63796441970956,2.4446941589655326e-07,0.011072920711657571,1.3416642764259193e-06,2377
5.5,0.1,9.499999999999998,-0.007081114574390724,0.0,-0.01733417372026984,-10.051255890601857,-9.939395544465704,-9.645721831743364,-9.662132632004172e-08,0.017718164015385014,7.785806492119451e-07,2378
5.699999999999999,0.1,9.499999999999998,-0.009653149932124306,0.0,-0.016746629656554768,-10.042312568627372,-9.939814469961187,-9.656759781175682,-7.613856075756086e-06,0.02343677272196638,2.968899636100703e-06,2379
5.9,0.1,9.499999999999998,-0.01197423194009339,0.0,-0.016014050245206187,-10.031302403064604,-9.94036352734189,-9.670515233661092,4.090928893138374e-06,0.028011808525478053,4.48139086348093e-06,2380
6.1000000000000005,0.1,9.499999999999998,-0.013998281754562502,0.0,-0.015172087747813845,-10.01869414910027,-9.940958678913315,-9.686099245482458,2.541153880125953e-06,0.03130985139840836,5.8678795459459935e-06,2381
6.3,0.1,9.499999999999998,-0.015694373910896734,0.0,-0.014260143483889287,-10.005175427132588,-9.941579147400441,-9.702720309885882,-6.458120134998995e-06,0.0332728459236404,1.9606390215965275e-06,2382
6.5,0.1,9.499999999999998,-0.017045534797585624,0.0,-0.013314534909057974,-9.991192408929022,-9.942200344789294,-9.719809315033812,1.6191851873791655e-06,0.03410929998679437,-8.535858663872231e-06,2383
6.700000000000001,0.1,9.499999999999998,-0.018044895692587788,0.0,-0.012365580487177268,-9.9771184420535,-9.94282577179565,-9.737010416941366,-2.5411988621234095e-06,0.033912085542580905,-1.7739235480668216e-05,2384
6.9,0.1,9.499999999999998,-0.018695076596510724,0.0,-0.011439332521212734,-9.963281921825752,-9.943378062637633,-9.753608391359387,-6.698164519759256e-06,0.03293998771411663,-7.119310219937317e-06,2385
7.1,0.1,9.499999999999998,-0.019009471157270343,0.0,-0.01055595238840853,-9.950197635623221,-9.943890662997475,-9.769255679361036,1.2775040080717308e-06,0.031348341431328954,3.869904693620395e-06,2386
7.299999999999999,0.1,9.499999999999998,-0.019007956715926297,0.0,-0.009730452373637762,-9.937869540099133,-9.944306469632828,-9.78366280806802,1.782403147510402e-05,0.029314999623403865,-5.086892909750069e-06,2387
7.5,0.1,9.499999999999998,-0.018714809205704567,0.0,-0.008971353931874365,-9.926707779305513,-9.944700904459566,-9.796796742989589,2.0675634178292025e-05,0.027111678021952197,-1.3330249905254569e-05,2388
7.700000000000001,0.1,9.499999999999998,-0.01815546395775669,0.0,-0.008282971955819767,-9.916386138694861,-9.945003999825682,-9.80863386043695,1.9749678968252823e-05,0.024731208431843104,-9.431420385155331e-06,2389
7.9,0.1,9.499999999999998,-0.01735308806785503,0.0,-0.007666169827185858,-9.906984022090102,-9.945221772194394,-9.819124838878922,1.4407828526727348e-05,0.022351748917920154,-1.1367283238786818e-05,2390
8.100000000000001,0.1,9.499999999999998,-0.016332250838846856,0.0,-0.007117847600597868,-9.898568509657679,-9.945406453799029,-9.828463759334726,-3.327169533628918e-07,0.020019951941378344,-6.859494411430122e-06,2391
8.299999999999999,0.1,9.499999999999998,-0.015116659848445754,0.0,-0.00663590799934106,-9.891057857139083,-9.945546746741362,-9.836675876571107,-2.046390176035383e-06,0.0177392721684979,-3.458993879774852e-06,2392
8.5,0.1,9.499999999999998,-0.013728186006460506,0.0,-0.006218114492806321,-9.8843819498794,-9.945619740222895,-9.843716751232288,-1.9051542691910936e-07,0.015513822972898847,-8.291530290026836e-06,2393
8.700000000000001,0.1,9.499999999999998,-0.012190104576781087,0.0,-0.0058603694627909885,-9.878748446322614,-9.94569129992069,-9.849708053283738,-6.394313619630482e-06,0.013318894357291666,2.872557787734314e-07,2394
8.9,0.1,9.499999999999998,-0.010525396219625276,0.0,-0.005558582594867509,-9.873951596252718,-9.94572391284152,-9.854667967952082,-9.085570873674071e-06,0.011172364043638288,-1.0121935572615344e-06,2395
9.100000000000001,0.1,9.499999999999998,-0.008755234506161402,0.0,-0.005310388389336306,-9.87002294688949,-9.945757213737478,-9.85876312180153,-8.298156627070601e-06,0.00906014153309452,-1.2491282772425623e-06,2396
9.3,0.1,9.499999999999998,-0.0068993787994678655,0.0,-0.005114206953879582,-9.866861698712816,-9.945787532313846,-9.862075962851202,-5.48053395533024e-06,0.00700688515285311,5.8372610989354345e-06,2397
9.499999999999998,0.1,9.499999999999998,-0.0049762712082175075,0.0,-0.004968523720201799,-9.864454039143197,-9.945800923074088,-9.864550576230819,6.739523919719614e-07,0.004988291189339178,2.551221217972246e-06,2398
9.700000000000001,0.1,9.499999999999998,-0.003004869569738215,0.0,-0.0048724707331173995,-9.862861506648015,-9.945808504686088,-9.866181016785706,2.1050930634077328e-06,0.002988290110195835,4.079807544807353e-06,2399
9.9,0.1,9.499999999999998,-0.001004779821218533,0.0,-0.00482489061306549,-9.862075249018787,-9.945808910112127,-9.866969301539104,-5.601430702077566e-09,0.0010037199946207318,-2.8255385448205238e-08,2400
0.1,0.1,9.7,0.0009881698355350404,0.0,-0.00291956460660763,-9.863334924864212,-9.945688291641702,-9.86510653334637,-2.334250149641762e-07,-0.0005860525861494829,-3.058149769199521e-07,2401
0.3,0.1,9.7,0.0029548932630012537,0.0,-0.0029482571224051656,-9.864137532231377,-9.945687261145833,-9.864298773499893,6.3626337213613245e-06,-0.0017934523248740548,-3.852619709695173e-06,2402
0.5,0.1,9.7,0.0048932172538261555,0.0,-0.0030062182488039286,-9.86569553031146,-9.945675907514975,-9.862684007273858,1.6845021574646558e-05,-0.0030004365698582786,-1.819162789175854e-06,2403
0.7,0.1,9.7,0.0067844113361008535,0.0,-0.003093238378907139,-9.86805084623089,-9.945670209238747,-9.860300199967408,1.1063280710718673e-05,-0.004224006947168559,1.8078566462926526e-06,2404
0.9,0.1,9.7,0.008609164265137382,0.0,-0.0032101218857955634,-9.871199183029027,-9.945647569332642,-9.85703866364449,3.1853726542161454e-07,-0.005481175261813076,2.3092815230100827e-06,2405
1.1,0.1,9.7,0.010347609082218759,0.0,-0.003358291559456212,-9.875170959823212,-9.945605211541446,-9.852855097894343,-1.918976308754661e-07,-0.0067305910161600205,-1.187788776593965e-06,2406
1.3,0.1,9.7,0.011979186508908052,0.0,-0.003539201066131422,-9.88001941403624,-9.94555658705052,-9.847763521232173,2.447794073925835e-06,-0.007991103239269971,-3.2961339077541875e-06,2407
1.5,0.1,9.7,0.01348317804625154,0.0,-0.0037544264388022315,-9.885669475405471,-9.945473406291661,-9.84169755606329,4.672591763377457e-06,-0.009275741154451766,4.848886255400732e-07,2408
1.6999999999999997,0.1,9.7,0.014838352073373424,0.0,-0.004006373234030332,-9.89224461763414,-9.945374499289201,-9.834627878809265,9.9304671918071e-06,-0.010619753683019345,4.033526013603373e-06,2409
1.9,0.1,9.7,0.01602220372908558,0.0,-0.0042962069398504365,-9.899715974929661,-9.945242573013834,-9.826496890155797,-1.513352685023262e-06,-0.011959690677523727,-5.197965135039013e-08,2410
2.0999999999999996,0.1,9.7,0.0170118878815052,0.0,-0.004625529543564342,-9.908094687783636,-9.945049722393398,-9.817153924199944,-1.9225266550927767e-05,-0.013383040637633094,-2.837356179306273e-06,2411
2.3,0.1,9.7,0.01778350869422413,0.0,-0.00499620097725345,-9.917458146839957,-9.944807002597262,-9.806576866143363,-5.154857828952276e-06,-0.014779901024761215,-3.1302910646548887e-06,2412
2.5000000000000004,0.1,9.7,0.018312939654556,0.0,-0.00540864999303513,-9.927729403599699,-9.944497163024277,-9.794756411538222,1.3335560744576669e-05,-0.016203071284125015,-1.6709788260463806e-06,2413
2.7,0.1,9.7,0.018576298838353236,0.0,-0.005862681900099514,-9.93895154182086,-9.944130433774555,-9.781700627068128,-7.140083476555905e-07,-0.017527540844224546,5.424546325696527e-07,2414
2.9000000000000004,0.1,9.7,0.018550858447516805,0.0,-0.006355277024467081,-9.950985092121456,-9.943696690378452,-9.767498359767979,-8.604251692707132e-06,-0.018672934829243384,1.0661243032182088e-06,2415
3.0999999999999996,0.1,9.7,0.018217136299631214,0.0,-0.00688094521819782,-9.963721683075667,-9.943203900362326,-9.752297818752135,-1.7968310508229956e-05,-0.01958035996089607,3.950448154354096e-06,2416
3.3,0.1,9.7,0.017558562172431364,0.0,-0.007431064187960286,-9.977043921775552,-9.942676903534716,-9.736340595914202,-1.9574670209604417e-05,-0.020121476061207413,5.224544447371189e-06,2417
3.5,0.1,9.7,0.016563741010873816,0.0,-0.007992636120889894,-9.99065597128813,-9.942113136506002,-9.719909711239104,-1.1153249670491377e-05,-0.020156211828255163,7.649151710758173e-07,2418
3.7,0.1,9.7,0.015230297183102122,0.0,-0.008550436032981666,-10.004107613377105,-9.941523413025177,-9.703509451765212,-1.4178065040703604e-05,-0.019652055575770815,-1.0724430242318514e-06,2419
3.9,0.1,9.7,0.013566754511815032,0.0,-0.009086458832080811,-10.016994564971839,-9.940949330179045,-9.687752085940108,-1.3944571972219835e-05,-0.01842605443401009,1.4336269845602174e-06,2420
4.1,0.1,9.7,0.01159310180685411,0.0,-0.009579274379357957,-10.028845184044204,-9.940411384469474,-9.6732117383199,-1.2774971104204762e-05,-0.016444095384333245,1.5604288010080376e-06,2421
4.3,0.1,9.7,0.009341520308434626,0.0,-0.010007133943663036,-10.039152286853081,-9.939940839567988,-9.660551911003362,-1.8824057298454074e-06,-0.013730734216866974,-4.788605613566208e-07,2422
4.500000000000001,0.1,9.7,0.006856840915716,0.0,-0.010349215649066192,-10.047428297757737,-9.939571902662992,-9.650431215573768,9.938975640858195e-06,-0.010340452671351558,-6.166150635118616e-07,2423
4.7,0.1,9.7,0.00419649906114304,0.0,-0.010587655927973609,-10.05315185221651,-9.939301462305007,-9.643355459305779,9.906096311097792e-06,-0.006423108232332624,1.2188467675092986e-07,2424
4.9,0.1,9.7,0.001427113592143936,0.0,-0.010709435679042088,-10.056106910561288,-9.939168785876058,-9.639737018835765,1.3363103167572616e-06,-0.0021571560994510866,-2.729037238872356e-07,2425
5.1000000000000005,0.1,9.7,-0.0013791690093127825,0.0,-0.01070786149400574,-10.056101975948934,-9.939176945486578,-9.639782751500311,-3.6123052007306023e-06,0.0022339673424469405,1.589182167864798e-06,2426
5.3,0.1,9.7,-0.004148109883209188,0.0,-0.010583325004407687,-10.053158355865788,-9.939329103595608,-9.643487162128777,-7.69734023056684e-06,0.006503437397270055,-1.3188986476917062e-06,2427
5.5,0.1,9.7,-0.0068068740880423695,0.0,-0.010343195656683787,-10.047351644225168,-9.939600400105535,-9.650650356318575,-1.1226074615183499e-05,0.010419427860881906,-3.1318757818331176e-06,2428
5.699999999999999,0.1,9.7,-0.00928908820024072,0.0,-0.010000943542530345,-10.039110773209964,-9.939995498812193,-9.660866720847963,-1.2761049482296763e-05,0.013769524351942033,6.652580220295468e-07,2429
5.9,0.1,9.7,-0.011538516417737208,0.0,-0.009573152584376922,-10.028822101755237,-9.940473869219506,-9.673547244359002,-4.17376703445744e-07,0.01644737056267349,2.0879122171872562e-06,2430
6.1000000000000005,0.1,9.7,-0.013509854337766303,0.0,-0.009079103446166142,-10.01695125013602,-9.941008875841606,-9.688093129088214,-1.2144785070138189e-05,0.018401338531042897,2.269420781687682e-06,2431
6.3,0.1,9.7,-0.01517055336877323,0.0,-0.00854142553548219,-10.004022829602262,-9.94157406211459,-9.70384748098706,1.6923152602526103e-07,0.019608339756252507,1.188075991509925e-06,2432
6.5,0.1,9.7,-0.016502702602686676,0.0,-0.00798272384815415,-9.990749411208453,-9.942200111617877,-9.720251146896889,4.021086954800654e-05,0.02014622932421454,-3.081703792992267e-08,2433
6.700000000000001,0.1,9.7,-0.017498708417003014,0.0,-0.007422550799085215,-9.977210907851152,-9.942770897060146,-9.736643577465907,2.2778523290099415e-05,0.020091894369814785,-9.101454668309273e-07,2434
6.9,0.1,9.7,-0.018158848541006765,0.0,-0.006874489785780317,-9.96387486027321,-9.943303619114904,-9.752643235298533,3.752871061207489e-06,0.01960510460554004,5.787501389789991e-06,2435
7.1,0.1,9.7,-0.01849343006528039,0.0,-0.00634944996476537,-9.951123210392941,-9.943798668262971,-9.767870130919041,2.2194031605765705e-05,0.018662601299071716,1.0303774744041935e-05,2436
7.299999999999999,0.1,9.7,-0.018518831917786985,0.0,-0.005856680181070918,-9.93901457002618,-9.944206190331064,-9.782016381632777,2.942367320181293e-05,0.017497710379196573,2.0814173334616696e-07,2437
7.5,0.1,9.7,-0.01825543158562834,0.0,-0.005402281960916769,-9.927827438450672,-9.944571564756677,-9.795030385329644,2.6446429780133164e-05,0.016166576438506094,-8.93606310086439e-06,2438
7.700000000000001,0.1,9.7,-0.017728089749792602,0.0,-0.00498977555774242,-9.917711220452807,-9.944907289077817,-9.806825224939514,3.664257838844731e-05,0.014802319852933798,-1.1579591045528963e-05,2439
7.9,0.1,9.7,-0.016960295535152062,0.0,-0.004619746329211883,-9.908350286272237,-9.945143351372678,-9.817366470588198,4.817684716080179e-05,0.01340547568622854,-1.731447379591906e-05,2440
8.100000000000001,0.1,9.7,-0.015974574445354526,0.0,-0.0042912167142606684,-9.899975513810135,-9.945342180565842,-9.826735389016546,3.196284498682471e-05,0.012037513296683091,-1.733864966972296e-05,2441
8.299999999999999,0.1,9.7,-0.014794372107866412,0.0,-0.004002607236566172,-9.892470544021839,-9.945474812069321,-9.834903516328191,7.083591448394156e-06,0.010646045872130173,-1.3437923141145273e-05,2442
8.5,0.1,9.7,-0.013442954928156635,0.0,-0.0037519398306680657,-9.885969338587856,-9.945586278141445,-9.841962052116436,-5.151353196486946e-06,0.00926420723992602,-8.714146107308625e-06,2443
8.700000000000001,0.1,9.7,-0.011943571601695032,0.0,-0.0035363632318148215,-9.88032438878718,-9.945653917650214,-9.847945199467178,-1.0151043470628765e-05,0.007934781285854781,-2.1269476925863943e-06,2444
8.9,0.1,9.7,-0.010317353485471229,0.0,-0.0033538834982979673,-9.875519192644214,-9.945709192845198,-9.853026771578625,-1.420637370695482e-05,0.006682090331455633,-1.5784840190168131e-06,2445
9.100000000000001,0.1,9.7,-0.008584629929035109,0.0,-0.0032042798311507107,-9.871554887943354,-9.945760761578123,-9.857248919950882,-1.7156926145725035e-05,0.005437106452106183,-7.403878514047184e-08,2446
9.3,0.1,9.7,-0.006765959747850004,0.0,-0.00308676190132394,-9.868442537936879,-9.945801263138815,-9.860563777751754,-6.824872607730995e-06,0.004233392984798121,1.9436105794587876e-06,2447
9.499999999999998,0.1,9.7,-0.00488032921831962,0.0,-0.002999774690686003,-9.866006649225739,-9.945798370517679,-9.862985203366241,-1.9016207993945134e-07,0.0030208996259117743,7.253342104221008e-07,2448
9.700000000000001,0.1,9.7,-0.00294674945979879,0.0,-0.0029424992958323936,-9.864463832662558,-9.945813543850052,-9.86460388659132,9.926352932281264e-07,0.0018113418670854177,-4.08799841263538e-07,2449
9.9,0.1,9.7,-0.000985298545802337,0.0,-0.002913954802083802,-9.863716560003356,-9.945825544032557,-9.865411160156642,1.8500065140230318e-07,0.0006077382945739401,-4.236772289749785e-06,2450
0.1,0.1,9.9,0.0009787910849992452,0.0,-0.0009762990868233267,-9.864117448189273,-9.945688731526692,-9.864326209450706,-2.3287828117695036e-07,-0.00019284621455007716,-1.8607552610197396e-07,2451
0.3,0.1,9.9,0.002926749161040427,0.0,-0.0009858031641461805,-9.864926309918165,-9.945693284054117,-9.863540110359436,5.4773394704504355e-06,-0.0005814935271336319,-5.4442280601852e-07,2452
0.5,0.1,9.9,0.004846073005618498,0.0,-0.001005209312201597,-9.86649563197148,-9.94568202210664,-9.861914478564344,1.1570764648647884e-05,-0.0009831712292491528,3.9137016032510786e-07,2453
0.7,0.1,9.9,0.006717367098559658,0.0,-0.0010344394259955046,-9.868913517199186,-9.945676646527806,-9.859469715443849,1.0309461734719672e-05,-0.0013892949606613817,6.056250869859779e-07,2454
0.9,0.1,9.9,0.00852239321339243,0.0,-0.0010734128546102287,-9.871978455219123,-9.945629697064925,-9.856170030107863,3.4614548180265714e-06,-0.0018046481700098183,5.5117345012815156e-08,2455
1.1,0.1,9.9,0.010241674366923968,0.0,-0.0011226757821352243,-9.87597649266038,-9.945603263991012,-9.852039827297247,-1.3243324715035483e-06,-0.0022394189494586297,-2.783115497204707e-07,2456
1.3,0.1,9.9,0.01185482447945977,0.0,-0.0011828585908533874,-9.880735391398865,-9.945539911578932,-9.846964166501808,-2.9055091807592496e-06,-0.0026807793022408585,-3.878739924303585e-07,2457
1.5,0.1,9.9,0.013341089269395673,0.0,-0.001254555412976264,-9.886407671852542,-9.945464390787189,-9.840914282085857,4.661703145170772e-06,-0.00311726679574555,-1.1980376708779754e-07,2458
1.6999999999999997,0.1,9.9,0.014678334362075399,0.0,-0.0013387206120934448,-9.892957763912372,-9.945348453816722,-9.833784505173792,2.4974778269632762e-05,-0.0035884704992434437,1.2001337721326235e-07,2459
1.9,0.1,9.9,0.015844127731496453,0.0,-0.00143565884394168,-9.90042848209499,-9.945195742800223,-9.825550231911691,9.743607133834696e-06,-0.00404151320795902,-5.893869107498912e-07,2460
2.0999999999999996,0.1,9.9,0.016815331921368658,0.0,-0.0015454486452715324,-9.908832887934226,-9.945008972479396,-9.816211974468661,-2.328513815955258e-05,-0.004524005624865436,-2.284124479762573e-06,2461
2.3,0.1,9.9,0.017568988540673583,0.0,-0.0016687798632659826,-9.918135264917833,-9.944765478519406,-9.80569212768171,-1.1697912115679648e-05,-0.00501865271212108,-1.2434709003926071e-06,2462
2.5000000000000004,0.1,9.9,0.018081779316780497,0.0,-0.0018059448675694408,-9.928359360539092,-9.944464125192628,-9.793961265430038,8.45004190463206e-06,-0.0054614620848915255,1.3614580051862857e-06,2463
2.7,0.1,9.9,0.018330829736572133,0.0,-0.00195679339831965,-9.939441001370685,-9.944091889575777,-9.781018446513949,2.854490361967876e-05,-0.005858162271429168,1.6468455378218091e-06,2464
2.9000000000000004,0.1,9.9,0.018293829646978177,0.0,-0.002120412470365764,-9.951406773737428,-9.943674142132316,-9.76696393692696,2.7390310140871264e-05,-0.006212217213289297,2.3118062368741327e-06,2465
3.0999999999999996,0.1,9.9,0.017951111136469272,0.0,-0.002295026059380899,-9.964025601144089,-9.943191119606585,-9.751929996894816,-3.4597407645527036e-05,-0.006512770895439508,3.704618011552724e-06,2466
3.3,0.1,9.9,0.01728728272380424,0.0,-0.0024775499885156373,-9.977165202274062,-9.94267409494392,-9.736205272450974,-5.276328983539491e-05,-0.00671094519866067,3.870484426146089e-06,2467
3.5,0.1,9.9,0.01629363154969444,0.0,-0.0026631148288393256,-9.990447603073255,-9.942128349859646,-9.720194146227755,-1.5116826402076391e-05,-0.006712534599910498,2.032541933840087e-06,2468
3.7,0.1,9.9,0.014969579476120425,0.0,-0.0028471336479028,-10.003604448536603,-9.941582767656884,-9.704309389753984,9.151917111203021e-06,-0.0065199677955999815,-1.0761390421736421e-07,2469
3.9,0.1,9.9,0.013323966594144542,0.0,-0.003024054483243707,-10.016141596518317,-9.941030819585201,-9.689012501413902,-3.47404649281178e-07,-0.006096175296933445,-9.714875558162006e-08,2470
4.1,0.1,9.9,0.011377545238327205,0.0,-0.00318643260732323,-10.027612955638952,-9.940515344465878,-9.674963766695921,-1.764659951278918e-05,-0.005436154651608459,5.49517159134701e-07,2471
4.3,0.1,9.9,0.009162351700171947,0.0,-0.003327214047669738,-10.037590413755606,-9.940076428159275,-9.66279172704663,-2.8207176796401627e-06,-0.004532583206528135,2.10151058981935e-07,2472
4.500000000000001,0.1,9.9,0.006722218755478157,0.0,-0.003439735766445356,-10.045565369527003,-9.93972570967402,-9.653063178848978,1.2336016355497413e-05,-0.0034141714634251005,1.2820431602100005e-07,2473
4.7,0.1,9.9,0.004112872575808318,0.0,-0.003518120488538528,-10.051091868886848,-9.939474104043539,-9.646278651333619,8.560035897356962e-06,-0.00211784752216927,-2.017391888693326e-08,2474
4.9,0.1,9.9,0.0013987652736532354,0.0,-0.0035581001916020587,-10.053913988302494,-9.93934661412454,-9.64281908232645,1.9000026996577484e-06,-0.0007100599632132197,-2.3742703430087798e-07,2475
5.1000000000000005,0.1,9.9,-0.0013504567125935108,0.0,-0.0035575459654004255,-10.053893279568403,-9.939353100018376,-9.642872220529489,1.2945830865271898e-06,0.000734331044296044,-8.406322129899657e-08,2476
5.3,0.1,9.9,-0.004063587709115214,0.0,-0.0035165909673951206,-10.051064481257846,-9.939499414407118,-9.64643259078323,-2.318129750362466e-06,0.002140110482207227,-8.720737780236748e-07,2477
5.5,0.1,9.9,-0.006670933828551951,0.0,-0.003437866273830469,-10.045463108312022,-9.939739839164677,-9.653236087516742,-1.2134779598742229e-07,0.0034128156341421676,-1.3408750616683814e-06,2478
5.699999999999999,0.1,9.9,-0.0091094846115365,0.0,-0.0033256768013948984,-10.03760642471677,-9.940113556288702,-9.66296135672997,-8.265794867035176e-06,0.004492698435695062,8.665168523893963e-07,2479
5.9,0.1,9.9,-0.011324569594048315,0.0,-0.003185057884494088,-10.027667086780989,-9.940557094055844,-9.675118383504358,-1.7644068762972214e-05,0.005373735311318566,1.19255945774556e-06,2480
6.1000000000000005,0.1,9.9,-0.013269936834847434,0.0,-0.003022132264261237,-10.016081777937316,-9.941054385285605,-9.689190148496566,-2.1017822434726576e-05,0.006063657507885821,6.920447252936226e-07,2481
6.3,0.1,9.9,-0.014912514752923661,0.0,-0.0028443728912499306,-10.003468008719175,-9.941605378155693,-9.7045588820652,-2.5311474976775598e-05,0.006493980291334772,1.0644026869369607e-06,2482
6.5,0.1,9.9,-0.016233717219989216,0.0,-0.0026596294658421875,-9.990433602611674,-9.942196538656512,-9.720549090676544,-7.202046158940764e-06,0.006684698786166667,8.86848375862137e-07,2483
6.700000000000001,0.1,9.9,-0.01722578383759407,0.0,-0.0024745092429856634,-9.977173223019282,-9.942738701683053,-9.736520285401742,9.572563780237824e-07,0.006685464245080146,4.143553104854003e-08,2484
6.9,0.1,9.9,-0.01789050794645811,0.0,-0.0022933085260500212,-9.96421839992416,-9.943275537826922,-9.75215928921341,5.367479642424051e-06,0.0065339695870499535,1.0199976780976377e-06,2485
7.1,0.1,9.9,-0.018235899493207076,0.0,-0.002119159366727619,-9.951575110194364,-9.943742123777987,-9.767135508698306,3.0875008943976634e-05,0.006235313107384653,2.610841130787408e-06,2486
7.299999999999999,0.1,9.9,-0.018275239288516196,0.0,-0.001955200681508117,-9.939610383575504,-9.944166212046646,-9.781220676656819,2.012648605585157e-05,0.005859823461233756,-6.850427592348569e-07,2487
7.5,0.1,9.9,-0.018027313419827686,0.0,-0.0018038666060888934,-9.928418050354807,-9.944521769311171,-9.79419079620363,1.7338930983165545e-05,0.005406294517616014,-2.6789534624180544e-06,2488
7.700000000000001,0.1,9.9,-0.017515302427277123,0.0,-0.0016663567388351301,-9.918305472176048,-9.94485856258508,-9.805987340748986,2.9764633775665505e-05,0.0049484481052889644,-1.6790493508304942e-06,2489
7.9,0.1,9.9,-0.01676301875848208,0.0,-0.0015431732928467812,-9.908949913417327,-9.945085724522606,-9.816478709198712,3.429971344904597e-05,0.00450530327541963,-2.849230242521655e-06,2490
8.100000000000001,0.1,9.9,-0.015794078377594046,0.0,-0.0014339486126406184,-9.900689631963344,-9.945296365998685,-9.825792198033039,2.646923535885933e-05,0.004044959407825164,-5.132944872400035e-06,2491
8.299999999999999,0.1,9.9,-0.01463258911613195,0.0,-0.0013378792863593494,-9.893258714748733,-9.945440238725448,-9.83394247887831,-5.370621927298493e-06,0.0035528457631226465,-4.615692863689747e-06,2492
8.5,0.1,9.9,-0.013301416351440882,0.0,-0.0012542726570332662,-9.88682567120948,-9.945575562533593,-9.84105214146119,-1.6200893043125117e-05,0.003089713857384719,-1.048256349267038e-06,2493
8.700000000000001,0.1,9.9,-0.011822147925081121,0.0,-0.0011820005063199767,-9.881131960362676,-9.945659418736659,-9.847165133319857,3.6934135293633224e-06,0.002651069224133773,1.0669931709770687e-06,2494
8.9,0.1,9.9,-0.010214894107439875,0.0,-0.0011208616946373872,-9.876297359969785,-9.945723223698613,-9.852318758526168,2.482114926344702e-06,0.0022005893463991804,1.6509444267090367e-07,2495
9.100000000000001,0.1,9.9,-0.0084998852704644,0.0,-0.0010710480283998946,-9.872235177803203,-9.945744264220979,-9.856486143301211,-6.511227367165665e-06,0.0017921061066978443,-6.933676406465786e-07,2496
9.3,0.1,9.9,-0.006698724654403478,0.0,-0.0010319457709942223,-9.86920744128423,-9.945801782370587,-9.859801470557532,-6.164023961620654e-07,0.0014073247636655348,-2.2071214953417e-07,2497
9.499999999999998,0.1,9.9,-0.004831610321908524,0.0,-0.0010030085121161508,-9.866803716148075,-9.94580362037175,-9.862214385709915,-5.251446073105023e-06,0.0010045097391907774,5.467256651461535e-07,2498
9.700000000000001,0.1,9.9,-0.002917366584078933,0.0,-0.0009840130620980725,-9.865298497539134,-9.94582347356425,-9.863818870281687,-1.8566684002464411e-06,0.0005929263446903725,1.6704126132922573e-07,2499
9.9,0.1,9.9,-0.0009755440447771469,0.0,-0.0009745202197736314,-9.864529893306253,-9.94582989519356,-9.864619582664574,-5.071058172608614e-07,0.00020290710950868107,1.5970310049391696e-07,2500
